[0.308s] DEBUG:colcon:Command line arguments: ['/usr/bin/colcon', 'build', '--symlink-install']
[0.308s] DEBUG:colcon:Parsed command line arguments: Namespace(log_base=None, log_level=None, verb_name='build', build_base='build', install_base='install', merge_install=False, symlink_install=True, test_result_base=None, continue_on_error=False, executor='parallel', parallel_workers=16, event_handlers=None, ignore_user_meta=False, metas=['./colcon.meta'], base_paths=['.'], packages_ignore=None, packages_ignore_regex=None, paths=None, packages_up_to=None, packages_up_to_regex=None, packages_above=None, packages_above_and_dependencies=None, packages_above_depth=None, packages_select_by_dep=None, packages_skip_by_dep=None, packages_skip_up_to=None, packages_select_build_failed=False, packages_skip_build_finished=False, packages_select_test_failures=False, packages_skip_test_passed=False, packages_select=None, packages_skip=None, packages_select_regex=None, packages_skip_regex=None, packages_start=None, packages_end=None, allow_overriding=[], cmake_args=None, cmake_target=None, cmake_target_skip_unavailable=False, cmake_clean_cache=False, cmake_clean_first=False, cmake_force_configure=False, ament_cmake_args=None, catkin_cmake_args=None, catkin_skip_building_tests=False, mixin_files=None, mixin=None, verb_parser=<colcon_mixin.mixin.mixin_argument.MixinArgumentDecorator object at 0x735df81a09d0>, verb_extension=<colcon_core.verb.build.BuildVerb object at 0x735df811e380>, main=<bound method BuildVerb.main of <colcon_core.verb.build.BuildVerb object at 0x735df811e380>>, mixin_verb=('build',))
[0.439s] Level 1:colcon.colcon_core.package_discovery:discover_packages(colcon_meta) check parameters
[0.439s] Level 1:colcon.colcon_core.package_discovery:discover_packages(recursive) check parameters
[0.439s] Level 1:colcon.colcon_core.package_discovery:discover_packages(ignore) check parameters
[0.439s] Level 1:colcon.colcon_core.package_discovery:discover_packages(path) check parameters
[0.439s] Level 1:colcon.colcon_core.package_discovery:discover_packages(colcon_meta) discover
[0.439s] Level 1:colcon.colcon_core.package_discovery:discover_packages(recursive) discover
[0.439s] INFO:colcon.colcon_core.package_discovery:Crawling recursively for packages in '/home/chendawww/workspace/rl-navibot'
[0.439s] Level 1:colcon.colcon_core.package_identification:_identify(.) by extensions ['ignore', 'ignore_ament_install']
[0.439s] Level 1:colcon.colcon_core.package_identification:_identify(.) by extension 'ignore'
[0.439s] Level 1:colcon.colcon_core.package_identification:_identify(.) by extension 'ignore_ament_install'
[0.439s] Level 1:colcon.colcon_core.package_identification:_identify(.) by extensions ['colcon_pkg']
[0.439s] Level 1:colcon.colcon_core.package_identification:_identify(.) by extension 'colcon_pkg'
[0.439s] Level 1:colcon.colcon_core.package_identification:_identify(.) by extensions ['colcon_meta']
[0.439s] Level 1:colcon.colcon_core.package_identification:_identify(.) by extension 'colcon_meta'
[0.439s] Level 1:colcon.colcon_core.package_identification:_identify(.) by extensions ['ros']
[0.439s] Level 1:colcon.colcon_core.package_identification:_identify(.) by extension 'ros'
[0.459s] Level 1:colcon.colcon_core.package_identification:_identify(.) by extensions ['cmake', 'python']
[0.459s] Level 1:colcon.colcon_core.package_identification:_identify(.) by extension 'cmake'
[0.459s] Level 1:colcon.colcon_core.package_identification:_identify(.) by extension 'python'
[0.460s] Level 1:colcon.colcon_core.package_identification:_identify(.) by extensions ['python_setup_py']
[0.460s] Level 1:colcon.colcon_core.package_identification:_identify(.) by extension 'python_setup_py'
[0.460s] Level 1:colcon.colcon_core.package_identification:_identify(A_tries) by extensions ['ignore', 'ignore_ament_install']
[0.460s] Level 1:colcon.colcon_core.package_identification:_identify(A_tries) by extension 'ignore'
[0.460s] Level 1:colcon.colcon_core.package_identification:_identify(A_tries) by extension 'ignore_ament_install'
[0.460s] Level 1:colcon.colcon_core.package_identification:_identify(A_tries) by extensions ['colcon_pkg']
[0.460s] Level 1:colcon.colcon_core.package_identification:_identify(A_tries) by extension 'colcon_pkg'
[0.460s] Level 1:colcon.colcon_core.package_identification:_identify(A_tries) by extensions ['colcon_meta']
[0.460s] Level 1:colcon.colcon_core.package_identification:_identify(A_tries) by extension 'colcon_meta'
[0.460s] Level 1:colcon.colcon_core.package_identification:_identify(A_tries) by extensions ['ros']
[0.460s] Level 1:colcon.colcon_core.package_identification:_identify(A_tries) by extension 'ros'
[0.460s] Level 1:colcon.colcon_core.package_identification:_identify(A_tries) by extensions ['cmake', 'python']
[0.460s] Level 1:colcon.colcon_core.package_identification:_identify(A_tries) by extension 'cmake'
[0.460s] Level 1:colcon.colcon_core.package_identification:_identify(A_tries) by extension 'python'
[0.460s] Level 1:colcon.colcon_core.package_identification:_identify(A_tries) by extensions ['python_setup_py']
[0.460s] Level 1:colcon.colcon_core.package_identification:_identify(A_tries) by extension 'python_setup_py'
[0.460s] Level 1:colcon.colcon_core.package_identification:_identify(A_tries/burger_navi_in_house) by extensions ['ignore', 'ignore_ament_install']
[0.460s] Level 1:colcon.colcon_core.package_identification:_identify(A_tries/burger_navi_in_house) by extension 'ignore'
[0.460s] Level 1:colcon.colcon_core.package_identification:_identify(A_tries/burger_navi_in_house) by extension 'ignore_ament_install'
[0.460s] Level 1:colcon.colcon_core.package_identification:_identify(A_tries/burger_navi_in_house) by extensions ['colcon_pkg']
[0.460s] Level 1:colcon.colcon_core.package_identification:_identify(A_tries/burger_navi_in_house) by extension 'colcon_pkg'
[0.460s] Level 1:colcon.colcon_core.package_identification:_identify(A_tries/burger_navi_in_house) by extensions ['colcon_meta']
[0.460s] Level 1:colcon.colcon_core.package_identification:_identify(A_tries/burger_navi_in_house) by extension 'colcon_meta'
[0.460s] Level 1:colcon.colcon_core.package_identification:_identify(A_tries/burger_navi_in_house) by extensions ['ros']
[0.460s] Level 1:colcon.colcon_core.package_identification:_identify(A_tries/burger_navi_in_house) by extension 'ros'
[0.460s] Level 1:colcon.colcon_core.package_identification:_identify(A_tries/burger_navi_in_house) by extensions ['cmake', 'python']
[0.461s] Level 1:colcon.colcon_core.package_identification:_identify(A_tries/burger_navi_in_house) by extension 'cmake'
[0.461s] Level 1:colcon.colcon_core.package_identification:_identify(A_tries/burger_navi_in_house) by extension 'python'
[0.461s] Level 1:colcon.colcon_core.package_identification:_identify(A_tries/burger_navi_in_house) by extensions ['python_setup_py']
[0.461s] Level 1:colcon.colcon_core.package_identification:_identify(A_tries/burger_navi_in_house) by extension 'python_setup_py'
[0.461s] Level 1:colcon.colcon_core.package_identification:_identify(A_tries/burger_navi_in_house/config) by extensions ['ignore', 'ignore_ament_install']
[0.461s] Level 1:colcon.colcon_core.package_identification:_identify(A_tries/burger_navi_in_house/config) by extension 'ignore'
[0.461s] Level 1:colcon.colcon_core.package_identification:_identify(A_tries/burger_navi_in_house/config) by extension 'ignore_ament_install'
[0.461s] Level 1:colcon.colcon_core.package_identification:_identify(A_tries/burger_navi_in_house/config) by extensions ['colcon_pkg']
[0.461s] Level 1:colcon.colcon_core.package_identification:_identify(A_tries/burger_navi_in_house/config) by extension 'colcon_pkg'
[0.461s] Level 1:colcon.colcon_core.package_identification:_identify(A_tries/burger_navi_in_house/config) by extensions ['colcon_meta']
[0.461s] Level 1:colcon.colcon_core.package_identification:_identify(A_tries/burger_navi_in_house/config) by extension 'colcon_meta'
[0.461s] Level 1:colcon.colcon_core.package_identification:_identify(A_tries/burger_navi_in_house/config) by extensions ['ros']
[0.461s] Level 1:colcon.colcon_core.package_identification:_identify(A_tries/burger_navi_in_house/config) by extension 'ros'
[0.461s] Level 1:colcon.colcon_core.package_identification:_identify(A_tries/burger_navi_in_house/config) by extensions ['cmake', 'python']
[0.461s] Level 1:colcon.colcon_core.package_identification:_identify(A_tries/burger_navi_in_house/config) by extension 'cmake'
[0.461s] Level 1:colcon.colcon_core.package_identification:_identify(A_tries/burger_navi_in_house/config) by extension 'python'
[0.461s] Level 1:colcon.colcon_core.package_identification:_identify(A_tries/burger_navi_in_house/config) by extensions ['python_setup_py']
[0.461s] Level 1:colcon.colcon_core.package_identification:_identify(A_tries/burger_navi_in_house/config) by extension 'python_setup_py'
[0.461s] Level 1:colcon.colcon_core.package_identification:_identify(A_tries/burger_navi_in_house/plots) by extensions ['ignore', 'ignore_ament_install']
[0.461s] Level 1:colcon.colcon_core.package_identification:_identify(A_tries/burger_navi_in_house/plots) by extension 'ignore'
[0.461s] Level 1:colcon.colcon_core.package_identification:_identify(A_tries/burger_navi_in_house/plots) by extension 'ignore_ament_install'
[0.461s] Level 1:colcon.colcon_core.package_identification:_identify(A_tries/burger_navi_in_house/plots) by extensions ['colcon_pkg']
[0.461s] Level 1:colcon.colcon_core.package_identification:_identify(A_tries/burger_navi_in_house/plots) by extension 'colcon_pkg'
[0.461s] Level 1:colcon.colcon_core.package_identification:_identify(A_tries/burger_navi_in_house/plots) by extensions ['colcon_meta']
[0.462s] Level 1:colcon.colcon_core.package_identification:_identify(A_tries/burger_navi_in_house/plots) by extension 'colcon_meta'
[0.462s] Level 1:colcon.colcon_core.package_identification:_identify(A_tries/burger_navi_in_house/plots) by extensions ['ros']
[0.462s] Level 1:colcon.colcon_core.package_identification:_identify(A_tries/burger_navi_in_house/plots) by extension 'ros'
[0.462s] Level 1:colcon.colcon_core.package_identification:_identify(A_tries/burger_navi_in_house/plots) by extensions ['cmake', 'python']
[0.462s] Level 1:colcon.colcon_core.package_identification:_identify(A_tries/burger_navi_in_house/plots) by extension 'cmake'
[0.462s] Level 1:colcon.colcon_core.package_identification:_identify(A_tries/burger_navi_in_house/plots) by extension 'python'
[0.462s] Level 1:colcon.colcon_core.package_identification:_identify(A_tries/burger_navi_in_house/plots) by extensions ['python_setup_py']
[0.462s] Level 1:colcon.colcon_core.package_identification:_identify(A_tries/burger_navi_in_house/plots) by extension 'python_setup_py'
[0.462s] Level 1:colcon.colcon_core.package_identification:_identify(A_tries/burger_navi_in_house/plots/best_ttb3_world_SAC_for_ttb3_house) by extensions ['ignore', 'ignore_ament_install']
[0.462s] Level 1:colcon.colcon_core.package_identification:_identify(A_tries/burger_navi_in_house/plots/best_ttb3_world_SAC_for_ttb3_house) by extension 'ignore'
[0.462s] Level 1:colcon.colcon_core.package_identification:_identify(A_tries/burger_navi_in_house/plots/best_ttb3_world_SAC_for_ttb3_house) by extension 'ignore_ament_install'
[0.462s] Level 1:colcon.colcon_core.package_identification:_identify(A_tries/burger_navi_in_house/plots/best_ttb3_world_SAC_for_ttb3_house) by extensions ['colcon_pkg']
[0.462s] Level 1:colcon.colcon_core.package_identification:_identify(A_tries/burger_navi_in_house/plots/best_ttb3_world_SAC_for_ttb3_house) by extension 'colcon_pkg'
[0.462s] Level 1:colcon.colcon_core.package_identification:_identify(A_tries/burger_navi_in_house/plots/best_ttb3_world_SAC_for_ttb3_house) by extensions ['colcon_meta']
[0.462s] Level 1:colcon.colcon_core.package_identification:_identify(A_tries/burger_navi_in_house/plots/best_ttb3_world_SAC_for_ttb3_house) by extension 'colcon_meta'
[0.462s] Level 1:colcon.colcon_core.package_identification:_identify(A_tries/burger_navi_in_house/plots/best_ttb3_world_SAC_for_ttb3_house) by extensions ['ros']
[0.462s] Level 1:colcon.colcon_core.package_identification:_identify(A_tries/burger_navi_in_house/plots/best_ttb3_world_SAC_for_ttb3_house) by extension 'ros'
[0.462s] Level 1:colcon.colcon_core.package_identification:_identify(A_tries/burger_navi_in_house/plots/best_ttb3_world_SAC_for_ttb3_house) by extensions ['cmake', 'python']
[0.462s] Level 1:colcon.colcon_core.package_identification:_identify(A_tries/burger_navi_in_house/plots/best_ttb3_world_SAC_for_ttb3_house) by extension 'cmake'
[0.462s] Level 1:colcon.colcon_core.package_identification:_identify(A_tries/burger_navi_in_house/plots/best_ttb3_world_SAC_for_ttb3_house) by extension 'python'
[0.462s] Level 1:colcon.colcon_core.package_identification:_identify(A_tries/burger_navi_in_house/plots/best_ttb3_world_SAC_for_ttb3_house) by extensions ['python_setup_py']
[0.462s] Level 1:colcon.colcon_core.package_identification:_identify(A_tries/burger_navi_in_house/plots/best_ttb3_world_SAC_for_ttb3_house) by extension 'python_setup_py'
[0.463s] Level 1:colcon.colcon_core.package_identification:_identify(A_tries/burger_navi_in_house/saved_models) by extensions ['ignore', 'ignore_ament_install']
[0.463s] Level 1:colcon.colcon_core.package_identification:_identify(A_tries/burger_navi_in_house/saved_models) by extension 'ignore'
[0.463s] Level 1:colcon.colcon_core.package_identification:_identify(A_tries/burger_navi_in_house/saved_models) by extension 'ignore_ament_install'
[0.463s] Level 1:colcon.colcon_core.package_identification:_identify(A_tries/burger_navi_in_house/saved_models) by extensions ['colcon_pkg']
[0.463s] Level 1:colcon.colcon_core.package_identification:_identify(A_tries/burger_navi_in_house/saved_models) by extension 'colcon_pkg'
[0.463s] Level 1:colcon.colcon_core.package_identification:_identify(A_tries/burger_navi_in_house/saved_models) by extensions ['colcon_meta']
[0.463s] Level 1:colcon.colcon_core.package_identification:_identify(A_tries/burger_navi_in_house/saved_models) by extension 'colcon_meta'
[0.463s] Level 1:colcon.colcon_core.package_identification:_identify(A_tries/burger_navi_in_house/saved_models) by extensions ['ros']
[0.463s] Level 1:colcon.colcon_core.package_identification:_identify(A_tries/burger_navi_in_house/saved_models) by extension 'ros'
[0.463s] Level 1:colcon.colcon_core.package_identification:_identify(A_tries/burger_navi_in_house/saved_models) by extensions ['cmake', 'python']
[0.463s] Level 1:colcon.colcon_core.package_identification:_identify(A_tries/burger_navi_in_house/saved_models) by extension 'cmake'
[0.463s] Level 1:colcon.colcon_core.package_identification:_identify(A_tries/burger_navi_in_house/saved_models) by extension 'python'
[0.463s] Level 1:colcon.colcon_core.package_identification:_identify(A_tries/burger_navi_in_house/saved_models) by extensions ['python_setup_py']
[0.463s] Level 1:colcon.colcon_core.package_identification:_identify(A_tries/burger_navi_in_house/saved_models) by extension 'python_setup_py'
[0.463s] Level 1:colcon.colcon_core.package_identification:_identify(A_tries/burger_navi_in_house/saved_models/SAC_world2house) by extensions ['ignore', 'ignore_ament_install']
[0.463s] Level 1:colcon.colcon_core.package_identification:_identify(A_tries/burger_navi_in_house/saved_models/SAC_world2house) by extension 'ignore'
[0.463s] Level 1:colcon.colcon_core.package_identification:_identify(A_tries/burger_navi_in_house/saved_models/SAC_world2house) by extension 'ignore_ament_install'
[0.463s] Level 1:colcon.colcon_core.package_identification:_identify(A_tries/burger_navi_in_house/saved_models/SAC_world2house) by extensions ['colcon_pkg']
[0.463s] Level 1:colcon.colcon_core.package_identification:_identify(A_tries/burger_navi_in_house/saved_models/SAC_world2house) by extension 'colcon_pkg'
[0.463s] Level 1:colcon.colcon_core.package_identification:_identify(A_tries/burger_navi_in_house/saved_models/SAC_world2house) by extensions ['colcon_meta']
[0.463s] Level 1:colcon.colcon_core.package_identification:_identify(A_tries/burger_navi_in_house/saved_models/SAC_world2house) by extension 'colcon_meta'
[0.463s] Level 1:colcon.colcon_core.package_identification:_identify(A_tries/burger_navi_in_house/saved_models/SAC_world2house) by extensions ['ros']
[0.463s] Level 1:colcon.colcon_core.package_identification:_identify(A_tries/burger_navi_in_house/saved_models/SAC_world2house) by extension 'ros'
[0.463s] Level 1:colcon.colcon_core.package_identification:_identify(A_tries/burger_navi_in_house/saved_models/SAC_world2house) by extensions ['cmake', 'python']
[0.463s] Level 1:colcon.colcon_core.package_identification:_identify(A_tries/burger_navi_in_house/saved_models/SAC_world2house) by extension 'cmake'
[0.464s] Level 1:colcon.colcon_core.package_identification:_identify(A_tries/burger_navi_in_house/saved_models/SAC_world2house) by extension 'python'
[0.464s] Level 1:colcon.colcon_core.package_identification:_identify(A_tries/burger_navi_in_house/saved_models/SAC_world2house) by extensions ['python_setup_py']
[0.464s] Level 1:colcon.colcon_core.package_identification:_identify(A_tries/burger_navi_in_house/saved_models/SAC_world2house) by extension 'python_setup_py'
[0.464s] Level 1:colcon.colcon_core.package_identification:_identify(A_tries/burger_navi_in_house/saved_models/SAC_world2house/log) by extensions ['ignore', 'ignore_ament_install']
[0.464s] Level 1:colcon.colcon_core.package_identification:_identify(A_tries/burger_navi_in_house/saved_models/SAC_world2house/log) by extension 'ignore'
[0.464s] Level 1:colcon.colcon_core.package_identification:_identify(A_tries/burger_navi_in_house/saved_models/SAC_world2house/log) by extension 'ignore_ament_install'
[0.464s] Level 1:colcon.colcon_core.package_identification:_identify(A_tries/burger_navi_in_house/saved_models/SAC_world2house/log) by extensions ['colcon_pkg']
[0.464s] Level 1:colcon.colcon_core.package_identification:_identify(A_tries/burger_navi_in_house/saved_models/SAC_world2house/log) by extension 'colcon_pkg'
[0.464s] Level 1:colcon.colcon_core.package_identification:_identify(A_tries/burger_navi_in_house/saved_models/SAC_world2house/log) by extensions ['colcon_meta']
[0.464s] Level 1:colcon.colcon_core.package_identification:_identify(A_tries/burger_navi_in_house/saved_models/SAC_world2house/log) by extension 'colcon_meta'
[0.464s] Level 1:colcon.colcon_core.package_identification:_identify(A_tries/burger_navi_in_house/saved_models/SAC_world2house/log) by extensions ['ros']
[0.464s] Level 1:colcon.colcon_core.package_identification:_identify(A_tries/burger_navi_in_house/saved_models/SAC_world2house/log) by extension 'ros'
[0.464s] Level 1:colcon.colcon_core.package_identification:_identify(A_tries/burger_navi_in_house/saved_models/SAC_world2house/log) by extensions ['cmake', 'python']
[0.464s] Level 1:colcon.colcon_core.package_identification:_identify(A_tries/burger_navi_in_house/saved_models/SAC_world2house/log) by extension 'cmake'
[0.464s] Level 1:colcon.colcon_core.package_identification:_identify(A_tries/burger_navi_in_house/saved_models/SAC_world2house/log) by extension 'python'
[0.464s] Level 1:colcon.colcon_core.package_identification:_identify(A_tries/burger_navi_in_house/saved_models/SAC_world2house/log) by extensions ['python_setup_py']
[0.464s] Level 1:colcon.colcon_core.package_identification:_identify(A_tries/burger_navi_in_house/saved_models/SAC_world2house/log) by extension 'python_setup_py'
[0.464s] Level 1:colcon.colcon_core.package_identification:_identify(A_tries/burger_navi_in_house/saved_models/SAC_world2house/log/SAC_0) by extensions ['ignore', 'ignore_ament_install']
[0.464s] Level 1:colcon.colcon_core.package_identification:_identify(A_tries/burger_navi_in_house/saved_models/SAC_world2house/log/SAC_0) by extension 'ignore'
[0.465s] Level 1:colcon.colcon_core.package_identification:_identify(A_tries/burger_navi_in_house/saved_models/SAC_world2house/log/SAC_0) by extension 'ignore_ament_install'
[0.465s] Level 1:colcon.colcon_core.package_identification:_identify(A_tries/burger_navi_in_house/saved_models/SAC_world2house/log/SAC_0) by extensions ['colcon_pkg']
[0.465s] Level 1:colcon.colcon_core.package_identification:_identify(A_tries/burger_navi_in_house/saved_models/SAC_world2house/log/SAC_0) by extension 'colcon_pkg'
[0.465s] Level 1:colcon.colcon_core.package_identification:_identify(A_tries/burger_navi_in_house/saved_models/SAC_world2house/log/SAC_0) by extensions ['colcon_meta']
[0.465s] Level 1:colcon.colcon_core.package_identification:_identify(A_tries/burger_navi_in_house/saved_models/SAC_world2house/log/SAC_0) by extension 'colcon_meta'
[0.465s] Level 1:colcon.colcon_core.package_identification:_identify(A_tries/burger_navi_in_house/saved_models/SAC_world2house/log/SAC_0) by extensions ['ros']
[0.465s] Level 1:colcon.colcon_core.package_identification:_identify(A_tries/burger_navi_in_house/saved_models/SAC_world2house/log/SAC_0) by extension 'ros'
[0.465s] Level 1:colcon.colcon_core.package_identification:_identify(A_tries/burger_navi_in_house/saved_models/SAC_world2house/log/SAC_0) by extensions ['cmake', 'python']
[0.465s] Level 1:colcon.colcon_core.package_identification:_identify(A_tries/burger_navi_in_house/saved_models/SAC_world2house/log/SAC_0) by extension 'cmake'
[0.465s] Level 1:colcon.colcon_core.package_identification:_identify(A_tries/burger_navi_in_house/saved_models/SAC_world2house/log/SAC_0) by extension 'python'
[0.465s] Level 1:colcon.colcon_core.package_identification:_identify(A_tries/burger_navi_in_house/saved_models/SAC_world2house/log/SAC_0) by extensions ['python_setup_py']
[0.465s] Level 1:colcon.colcon_core.package_identification:_identify(A_tries/burger_navi_in_house/saved_models/SAC_world2house/log/SAC_0) by extension 'python_setup_py'
[0.465s] Level 1:colcon.colcon_core.package_identification:_identify(A_tries/burger_navi_in_house/saved_models/SAC_world2house/old_reward) by extensions ['ignore', 'ignore_ament_install']
[0.465s] Level 1:colcon.colcon_core.package_identification:_identify(A_tries/burger_navi_in_house/saved_models/SAC_world2house/old_reward) by extension 'ignore'
[0.465s] Level 1:colcon.colcon_core.package_identification:_identify(A_tries/burger_navi_in_house/saved_models/SAC_world2house/old_reward) by extension 'ignore_ament_install'
[0.465s] Level 1:colcon.colcon_core.package_identification:_identify(A_tries/burger_navi_in_house/saved_models/SAC_world2house/old_reward) by extensions ['colcon_pkg']
[0.465s] Level 1:colcon.colcon_core.package_identification:_identify(A_tries/burger_navi_in_house/saved_models/SAC_world2house/old_reward) by extension 'colcon_pkg'
[0.465s] Level 1:colcon.colcon_core.package_identification:_identify(A_tries/burger_navi_in_house/saved_models/SAC_world2house/old_reward) by extensions ['colcon_meta']
[0.465s] Level 1:colcon.colcon_core.package_identification:_identify(A_tries/burger_navi_in_house/saved_models/SAC_world2house/old_reward) by extension 'colcon_meta'
[0.465s] Level 1:colcon.colcon_core.package_identification:_identify(A_tries/burger_navi_in_house/saved_models/SAC_world2house/old_reward) by extensions ['ros']
[0.465s] Level 1:colcon.colcon_core.package_identification:_identify(A_tries/burger_navi_in_house/saved_models/SAC_world2house/old_reward) by extension 'ros'
[0.465s] Level 1:colcon.colcon_core.package_identification:_identify(A_tries/burger_navi_in_house/saved_models/SAC_world2house/old_reward) by extensions ['cmake', 'python']
[0.465s] Level 1:colcon.colcon_core.package_identification:_identify(A_tries/burger_navi_in_house/saved_models/SAC_world2house/old_reward) by extension 'cmake'
[0.466s] Level 1:colcon.colcon_core.package_identification:_identify(A_tries/burger_navi_in_house/saved_models/SAC_world2house/old_reward) by extension 'python'
[0.466s] Level 1:colcon.colcon_core.package_identification:_identify(A_tries/burger_navi_in_house/saved_models/SAC_world2house/old_reward) by extensions ['python_setup_py']
[0.466s] Level 1:colcon.colcon_core.package_identification:_identify(A_tries/burger_navi_in_house/saved_models/SAC_world2house/old_reward) by extension 'python_setup_py'
[0.466s] Level 1:colcon.colcon_core.package_identification:_identify(A_tries/burger_navi_in_house/scripts) by extensions ['ignore', 'ignore_ament_install']
[0.466s] Level 1:colcon.colcon_core.package_identification:_identify(A_tries/burger_navi_in_house/scripts) by extension 'ignore'
[0.466s] Level 1:colcon.colcon_core.package_identification:_identify(A_tries/burger_navi_in_house/scripts) by extension 'ignore_ament_install'
[0.466s] Level 1:colcon.colcon_core.package_identification:_identify(A_tries/burger_navi_in_house/scripts) by extensions ['colcon_pkg']
[0.466s] Level 1:colcon.colcon_core.package_identification:_identify(A_tries/burger_navi_in_house/scripts) by extension 'colcon_pkg'
[0.466s] Level 1:colcon.colcon_core.package_identification:_identify(A_tries/burger_navi_in_house/scripts) by extensions ['colcon_meta']
[0.466s] Level 1:colcon.colcon_core.package_identification:_identify(A_tries/burger_navi_in_house/scripts) by extension 'colcon_meta'
[0.466s] Level 1:colcon.colcon_core.package_identification:_identify(A_tries/burger_navi_in_house/scripts) by extensions ['ros']
[0.466s] Level 1:colcon.colcon_core.package_identification:_identify(A_tries/burger_navi_in_house/scripts) by extension 'ros'
[0.466s] Level 1:colcon.colcon_core.package_identification:_identify(A_tries/burger_navi_in_house/scripts) by extensions ['cmake', 'python']
[0.466s] Level 1:colcon.colcon_core.package_identification:_identify(A_tries/burger_navi_in_house/scripts) by extension 'cmake'
[0.466s] Level 1:colcon.colcon_core.package_identification:_identify(A_tries/burger_navi_in_house/scripts) by extension 'python'
[0.466s] Level 1:colcon.colcon_core.package_identification:_identify(A_tries/burger_navi_in_house/scripts) by extensions ['python_setup_py']
[0.466s] Level 1:colcon.colcon_core.package_identification:_identify(A_tries/burger_navi_in_house/scripts) by extension 'python_setup_py'
[0.466s] Level 1:colcon.colcon_core.package_identification:_identify(A_tries/burger_navi_in_world) by extensions ['ignore', 'ignore_ament_install']
[0.466s] Level 1:colcon.colcon_core.package_identification:_identify(A_tries/burger_navi_in_world) by extension 'ignore'
[0.466s] Level 1:colcon.colcon_core.package_identification:_identify(A_tries/burger_navi_in_world) by extension 'ignore_ament_install'
[0.466s] Level 1:colcon.colcon_core.package_identification:_identify(A_tries/burger_navi_in_world) by extensions ['colcon_pkg']
[0.466s] Level 1:colcon.colcon_core.package_identification:_identify(A_tries/burger_navi_in_world) by extension 'colcon_pkg'
[0.466s] Level 1:colcon.colcon_core.package_identification:_identify(A_tries/burger_navi_in_world) by extensions ['colcon_meta']
[0.466s] Level 1:colcon.colcon_core.package_identification:_identify(A_tries/burger_navi_in_world) by extension 'colcon_meta'
[0.466s] Level 1:colcon.colcon_core.package_identification:_identify(A_tries/burger_navi_in_world) by extensions ['ros']
[0.466s] Level 1:colcon.colcon_core.package_identification:_identify(A_tries/burger_navi_in_world) by extension 'ros'
[0.466s] Level 1:colcon.colcon_core.package_identification:_identify(A_tries/burger_navi_in_world) by extensions ['cmake', 'python']
[0.467s] Level 1:colcon.colcon_core.package_identification:_identify(A_tries/burger_navi_in_world) by extension 'cmake'
[0.467s] Level 1:colcon.colcon_core.package_identification:_identify(A_tries/burger_navi_in_world) by extension 'python'
[0.467s] Level 1:colcon.colcon_core.package_identification:_identify(A_tries/burger_navi_in_world) by extensions ['python_setup_py']
[0.467s] Level 1:colcon.colcon_core.package_identification:_identify(A_tries/burger_navi_in_world) by extension 'python_setup_py'
[0.467s] Level 1:colcon.colcon_core.package_identification:_identify(A_tries/burger_navi_in_world/configs) by extensions ['ignore', 'ignore_ament_install']
[0.467s] Level 1:colcon.colcon_core.package_identification:_identify(A_tries/burger_navi_in_world/configs) by extension 'ignore'
[0.467s] Level 1:colcon.colcon_core.package_identification:_identify(A_tries/burger_navi_in_world/configs) by extension 'ignore_ament_install'
[0.467s] Level 1:colcon.colcon_core.package_identification:_identify(A_tries/burger_navi_in_world/configs) by extensions ['colcon_pkg']
[0.467s] Level 1:colcon.colcon_core.package_identification:_identify(A_tries/burger_navi_in_world/configs) by extension 'colcon_pkg'
[0.467s] Level 1:colcon.colcon_core.package_identification:_identify(A_tries/burger_navi_in_world/configs) by extensions ['colcon_meta']
[0.467s] Level 1:colcon.colcon_core.package_identification:_identify(A_tries/burger_navi_in_world/configs) by extension 'colcon_meta'
[0.467s] Level 1:colcon.colcon_core.package_identification:_identify(A_tries/burger_navi_in_world/configs) by extensions ['ros']
[0.467s] Level 1:colcon.colcon_core.package_identification:_identify(A_tries/burger_navi_in_world/configs) by extension 'ros'
[0.467s] Level 1:colcon.colcon_core.package_identification:_identify(A_tries/burger_navi_in_world/configs) by extensions ['cmake', 'python']
[0.467s] Level 1:colcon.colcon_core.package_identification:_identify(A_tries/burger_navi_in_world/configs) by extension 'cmake'
[0.467s] Level 1:colcon.colcon_core.package_identification:_identify(A_tries/burger_navi_in_world/configs) by extension 'python'
[0.467s] Level 1:colcon.colcon_core.package_identification:_identify(A_tries/burger_navi_in_world/configs) by extensions ['python_setup_py']
[0.467s] Level 1:colcon.colcon_core.package_identification:_identify(A_tries/burger_navi_in_world/configs) by extension 'python_setup_py'
[0.467s] Level 1:colcon.colcon_core.package_identification:_identify(A_tries/burger_navi_in_world/saved_models) by extensions ['ignore', 'ignore_ament_install']
[0.467s] Level 1:colcon.colcon_core.package_identification:_identify(A_tries/burger_navi_in_world/saved_models) by extension 'ignore'
[0.467s] Level 1:colcon.colcon_core.package_identification:_identify(A_tries/burger_navi_in_world/saved_models) by extension 'ignore_ament_install'
[0.468s] Level 1:colcon.colcon_core.package_identification:_identify(A_tries/burger_navi_in_world/saved_models) by extensions ['colcon_pkg']
[0.468s] Level 1:colcon.colcon_core.package_identification:_identify(A_tries/burger_navi_in_world/saved_models) by extension 'colcon_pkg'
[0.468s] Level 1:colcon.colcon_core.package_identification:_identify(A_tries/burger_navi_in_world/saved_models) by extensions ['colcon_meta']
[0.468s] Level 1:colcon.colcon_core.package_identification:_identify(A_tries/burger_navi_in_world/saved_models) by extension 'colcon_meta'
[0.468s] Level 1:colcon.colcon_core.package_identification:_identify(A_tries/burger_navi_in_world/saved_models) by extensions ['ros']
[0.468s] Level 1:colcon.colcon_core.package_identification:_identify(A_tries/burger_navi_in_world/saved_models) by extension 'ros'
[0.468s] Level 1:colcon.colcon_core.package_identification:_identify(A_tries/burger_navi_in_world/saved_models) by extensions ['cmake', 'python']
[0.468s] Level 1:colcon.colcon_core.package_identification:_identify(A_tries/burger_navi_in_world/saved_models) by extension 'cmake'
[0.468s] Level 1:colcon.colcon_core.package_identification:_identify(A_tries/burger_navi_in_world/saved_models) by extension 'python'
[0.468s] Level 1:colcon.colcon_core.package_identification:_identify(A_tries/burger_navi_in_world/saved_models) by extensions ['python_setup_py']
[0.468s] Level 1:colcon.colcon_core.package_identification:_identify(A_tries/burger_navi_in_world/saved_models) by extension 'python_setup_py'
[0.468s] Level 1:colcon.colcon_core.package_identification:_identify(A_tries/burger_navi_in_world/saved_models/PPO) by extensions ['ignore', 'ignore_ament_install']
[0.468s] Level 1:colcon.colcon_core.package_identification:_identify(A_tries/burger_navi_in_world/saved_models/PPO) by extension 'ignore'
[0.468s] Level 1:colcon.colcon_core.package_identification:_identify(A_tries/burger_navi_in_world/saved_models/PPO) by extension 'ignore_ament_install'
[0.468s] Level 1:colcon.colcon_core.package_identification:_identify(A_tries/burger_navi_in_world/saved_models/PPO) by extensions ['colcon_pkg']
[0.468s] Level 1:colcon.colcon_core.package_identification:_identify(A_tries/burger_navi_in_world/saved_models/PPO) by extension 'colcon_pkg'
[0.468s] Level 1:colcon.colcon_core.package_identification:_identify(A_tries/burger_navi_in_world/saved_models/PPO) by extensions ['colcon_meta']
[0.468s] Level 1:colcon.colcon_core.package_identification:_identify(A_tries/burger_navi_in_world/saved_models/PPO) by extension 'colcon_meta'
[0.468s] Level 1:colcon.colcon_core.package_identification:_identify(A_tries/burger_navi_in_world/saved_models/PPO) by extensions ['ros']
[0.468s] Level 1:colcon.colcon_core.package_identification:_identify(A_tries/burger_navi_in_world/saved_models/PPO) by extension 'ros'
[0.468s] Level 1:colcon.colcon_core.package_identification:_identify(A_tries/burger_navi_in_world/saved_models/PPO) by extensions ['cmake', 'python']
[0.468s] Level 1:colcon.colcon_core.package_identification:_identify(A_tries/burger_navi_in_world/saved_models/PPO) by extension 'cmake'
[0.468s] Level 1:colcon.colcon_core.package_identification:_identify(A_tries/burger_navi_in_world/saved_models/PPO) by extension 'python'
[0.468s] Level 1:colcon.colcon_core.package_identification:_identify(A_tries/burger_navi_in_world/saved_models/PPO) by extensions ['python_setup_py']
[0.468s] Level 1:colcon.colcon_core.package_identification:_identify(A_tries/burger_navi_in_world/saved_models/PPO) by extension 'python_setup_py'
[0.469s] Level 1:colcon.colcon_core.package_identification:_identify(A_tries/burger_navi_in_world/saved_models/PPO/log) by extensions ['ignore', 'ignore_ament_install']
[0.469s] Level 1:colcon.colcon_core.package_identification:_identify(A_tries/burger_navi_in_world/saved_models/PPO/log) by extension 'ignore'
[0.469s] Level 1:colcon.colcon_core.package_identification:_identify(A_tries/burger_navi_in_world/saved_models/PPO/log) by extension 'ignore_ament_install'
[0.469s] Level 1:colcon.colcon_core.package_identification:_identify(A_tries/burger_navi_in_world/saved_models/PPO/log) by extensions ['colcon_pkg']
[0.469s] Level 1:colcon.colcon_core.package_identification:_identify(A_tries/burger_navi_in_world/saved_models/PPO/log) by extension 'colcon_pkg'
[0.469s] Level 1:colcon.colcon_core.package_identification:_identify(A_tries/burger_navi_in_world/saved_models/PPO/log) by extensions ['colcon_meta']
[0.469s] Level 1:colcon.colcon_core.package_identification:_identify(A_tries/burger_navi_in_world/saved_models/PPO/log) by extension 'colcon_meta'
[0.469s] Level 1:colcon.colcon_core.package_identification:_identify(A_tries/burger_navi_in_world/saved_models/PPO/log) by extensions ['ros']
[0.469s] Level 1:colcon.colcon_core.package_identification:_identify(A_tries/burger_navi_in_world/saved_models/PPO/log) by extension 'ros'
[0.469s] Level 1:colcon.colcon_core.package_identification:_identify(A_tries/burger_navi_in_world/saved_models/PPO/log) by extensions ['cmake', 'python']
[0.469s] Level 1:colcon.colcon_core.package_identification:_identify(A_tries/burger_navi_in_world/saved_models/PPO/log) by extension 'cmake'
[0.469s] Level 1:colcon.colcon_core.package_identification:_identify(A_tries/burger_navi_in_world/saved_models/PPO/log) by extension 'python'
[0.469s] Level 1:colcon.colcon_core.package_identification:_identify(A_tries/burger_navi_in_world/saved_models/PPO/log) by extensions ['python_setup_py']
[0.469s] Level 1:colcon.colcon_core.package_identification:_identify(A_tries/burger_navi_in_world/saved_models/PPO/log) by extension 'python_setup_py'
[0.469s] Level 1:colcon.colcon_core.package_identification:_identify(A_tries/burger_navi_in_world/saved_models/PPO/log/PPO_1) by extensions ['ignore', 'ignore_ament_install']
[0.469s] Level 1:colcon.colcon_core.package_identification:_identify(A_tries/burger_navi_in_world/saved_models/PPO/log/PPO_1) by extension 'ignore'
[0.469s] Level 1:colcon.colcon_core.package_identification:_identify(A_tries/burger_navi_in_world/saved_models/PPO/log/PPO_1) by extension 'ignore_ament_install'
[0.469s] Level 1:colcon.colcon_core.package_identification:_identify(A_tries/burger_navi_in_world/saved_models/PPO/log/PPO_1) by extensions ['colcon_pkg']
[0.469s] Level 1:colcon.colcon_core.package_identification:_identify(A_tries/burger_navi_in_world/saved_models/PPO/log/PPO_1) by extension 'colcon_pkg'
[0.469s] Level 1:colcon.colcon_core.package_identification:_identify(A_tries/burger_navi_in_world/saved_models/PPO/log/PPO_1) by extensions ['colcon_meta']
[0.469s] Level 1:colcon.colcon_core.package_identification:_identify(A_tries/burger_navi_in_world/saved_models/PPO/log/PPO_1) by extension 'colcon_meta'
[0.469s] Level 1:colcon.colcon_core.package_identification:_identify(A_tries/burger_navi_in_world/saved_models/PPO/log/PPO_1) by extensions ['ros']
[0.469s] Level 1:colcon.colcon_core.package_identification:_identify(A_tries/burger_navi_in_world/saved_models/PPO/log/PPO_1) by extension 'ros'
[0.470s] Level 1:colcon.colcon_core.package_identification:_identify(A_tries/burger_navi_in_world/saved_models/PPO/log/PPO_1) by extensions ['cmake', 'python']
[0.470s] Level 1:colcon.colcon_core.package_identification:_identify(A_tries/burger_navi_in_world/saved_models/PPO/log/PPO_1) by extension 'cmake'
[0.470s] Level 1:colcon.colcon_core.package_identification:_identify(A_tries/burger_navi_in_world/saved_models/PPO/log/PPO_1) by extension 'python'
[0.470s] Level 1:colcon.colcon_core.package_identification:_identify(A_tries/burger_navi_in_world/saved_models/PPO/log/PPO_1) by extensions ['python_setup_py']
[0.470s] Level 1:colcon.colcon_core.package_identification:_identify(A_tries/burger_navi_in_world/saved_models/PPO/log/PPO_1) by extension 'python_setup_py'
[0.470s] Level 1:colcon.colcon_core.package_identification:_identify(A_tries/burger_navi_in_world/saved_models/PPO/log/PPO_2) by extensions ['ignore', 'ignore_ament_install']
[0.470s] Level 1:colcon.colcon_core.package_identification:_identify(A_tries/burger_navi_in_world/saved_models/PPO/log/PPO_2) by extension 'ignore'
[0.470s] Level 1:colcon.colcon_core.package_identification:_identify(A_tries/burger_navi_in_world/saved_models/PPO/log/PPO_2) by extension 'ignore_ament_install'
[0.470s] Level 1:colcon.colcon_core.package_identification:_identify(A_tries/burger_navi_in_world/saved_models/PPO/log/PPO_2) by extensions ['colcon_pkg']
[0.470s] Level 1:colcon.colcon_core.package_identification:_identify(A_tries/burger_navi_in_world/saved_models/PPO/log/PPO_2) by extension 'colcon_pkg'
[0.470s] Level 1:colcon.colcon_core.package_identification:_identify(A_tries/burger_navi_in_world/saved_models/PPO/log/PPO_2) by extensions ['colcon_meta']
[0.470s] Level 1:colcon.colcon_core.package_identification:_identify(A_tries/burger_navi_in_world/saved_models/PPO/log/PPO_2) by extension 'colcon_meta'
[0.470s] Level 1:colcon.colcon_core.package_identification:_identify(A_tries/burger_navi_in_world/saved_models/PPO/log/PPO_2) by extensions ['ros']
[0.470s] Level 1:colcon.colcon_core.package_identification:_identify(A_tries/burger_navi_in_world/saved_models/PPO/log/PPO_2) by extension 'ros'
[0.470s] Level 1:colcon.colcon_core.package_identification:_identify(A_tries/burger_navi_in_world/saved_models/PPO/log/PPO_2) by extensions ['cmake', 'python']
[0.470s] Level 1:colcon.colcon_core.package_identification:_identify(A_tries/burger_navi_in_world/saved_models/PPO/log/PPO_2) by extension 'cmake'
[0.470s] Level 1:colcon.colcon_core.package_identification:_identify(A_tries/burger_navi_in_world/saved_models/PPO/log/PPO_2) by extension 'python'
[0.470s] Level 1:colcon.colcon_core.package_identification:_identify(A_tries/burger_navi_in_world/saved_models/PPO/log/PPO_2) by extensions ['python_setup_py']
[0.470s] Level 1:colcon.colcon_core.package_identification:_identify(A_tries/burger_navi_in_world/saved_models/PPO/log/PPO_2) by extension 'python_setup_py'
[0.470s] Level 1:colcon.colcon_core.package_identification:_identify(A_tries/burger_navi_in_world/saved_models/PPO/log/PPO_3) by extensions ['ignore', 'ignore_ament_install']
[0.470s] Level 1:colcon.colcon_core.package_identification:_identify(A_tries/burger_navi_in_world/saved_models/PPO/log/PPO_3) by extension 'ignore'
[0.470s] Level 1:colcon.colcon_core.package_identification:_identify(A_tries/burger_navi_in_world/saved_models/PPO/log/PPO_3) by extension 'ignore_ament_install'
[0.470s] Level 1:colcon.colcon_core.package_identification:_identify(A_tries/burger_navi_in_world/saved_models/PPO/log/PPO_3) by extensions ['colcon_pkg']
[0.470s] Level 1:colcon.colcon_core.package_identification:_identify(A_tries/burger_navi_in_world/saved_models/PPO/log/PPO_3) by extension 'colcon_pkg'
[0.471s] Level 1:colcon.colcon_core.package_identification:_identify(A_tries/burger_navi_in_world/saved_models/PPO/log/PPO_3) by extensions ['colcon_meta']
[0.471s] Level 1:colcon.colcon_core.package_identification:_identify(A_tries/burger_navi_in_world/saved_models/PPO/log/PPO_3) by extension 'colcon_meta'
[0.471s] Level 1:colcon.colcon_core.package_identification:_identify(A_tries/burger_navi_in_world/saved_models/PPO/log/PPO_3) by extensions ['ros']
[0.471s] Level 1:colcon.colcon_core.package_identification:_identify(A_tries/burger_navi_in_world/saved_models/PPO/log/PPO_3) by extension 'ros'
[0.471s] Level 1:colcon.colcon_core.package_identification:_identify(A_tries/burger_navi_in_world/saved_models/PPO/log/PPO_3) by extensions ['cmake', 'python']
[0.471s] Level 1:colcon.colcon_core.package_identification:_identify(A_tries/burger_navi_in_world/saved_models/PPO/log/PPO_3) by extension 'cmake'
[0.471s] Level 1:colcon.colcon_core.package_identification:_identify(A_tries/burger_navi_in_world/saved_models/PPO/log/PPO_3) by extension 'python'
[0.471s] Level 1:colcon.colcon_core.package_identification:_identify(A_tries/burger_navi_in_world/saved_models/PPO/log/PPO_3) by extensions ['python_setup_py']
[0.471s] Level 1:colcon.colcon_core.package_identification:_identify(A_tries/burger_navi_in_world/saved_models/PPO/log/PPO_3) by extension 'python_setup_py'
[0.471s] Level 1:colcon.colcon_core.package_identification:_identify(A_tries/burger_navi_in_world/saved_models/SAC) by extensions ['ignore', 'ignore_ament_install']
[0.471s] Level 1:colcon.colcon_core.package_identification:_identify(A_tries/burger_navi_in_world/saved_models/SAC) by extension 'ignore'
[0.471s] Level 1:colcon.colcon_core.package_identification:_identify(A_tries/burger_navi_in_world/saved_models/SAC) by extension 'ignore_ament_install'
[0.471s] Level 1:colcon.colcon_core.package_identification:_identify(A_tries/burger_navi_in_world/saved_models/SAC) by extensions ['colcon_pkg']
[0.471s] Level 1:colcon.colcon_core.package_identification:_identify(A_tries/burger_navi_in_world/saved_models/SAC) by extension 'colcon_pkg'
[0.471s] Level 1:colcon.colcon_core.package_identification:_identify(A_tries/burger_navi_in_world/saved_models/SAC) by extensions ['colcon_meta']
[0.471s] Level 1:colcon.colcon_core.package_identification:_identify(A_tries/burger_navi_in_world/saved_models/SAC) by extension 'colcon_meta'
[0.471s] Level 1:colcon.colcon_core.package_identification:_identify(A_tries/burger_navi_in_world/saved_models/SAC) by extensions ['ros']
[0.471s] Level 1:colcon.colcon_core.package_identification:_identify(A_tries/burger_navi_in_world/saved_models/SAC) by extension 'ros'
[0.471s] Level 1:colcon.colcon_core.package_identification:_identify(A_tries/burger_navi_in_world/saved_models/SAC) by extensions ['cmake', 'python']
[0.471s] Level 1:colcon.colcon_core.package_identification:_identify(A_tries/burger_navi_in_world/saved_models/SAC) by extension 'cmake'
[0.471s] Level 1:colcon.colcon_core.package_identification:_identify(A_tries/burger_navi_in_world/saved_models/SAC) by extension 'python'
[0.471s] Level 1:colcon.colcon_core.package_identification:_identify(A_tries/burger_navi_in_world/saved_models/SAC) by extensions ['python_setup_py']
[0.471s] Level 1:colcon.colcon_core.package_identification:_identify(A_tries/burger_navi_in_world/saved_models/SAC) by extension 'python_setup_py'
[0.472s] Level 1:colcon.colcon_core.package_identification:_identify(A_tries/burger_navi_in_world/saved_models/SAC/log) by extensions ['ignore', 'ignore_ament_install']
[0.472s] Level 1:colcon.colcon_core.package_identification:_identify(A_tries/burger_navi_in_world/saved_models/SAC/log) by extension 'ignore'
[0.472s] Level 1:colcon.colcon_core.package_identification:_identify(A_tries/burger_navi_in_world/saved_models/SAC/log) by extension 'ignore_ament_install'
[0.472s] Level 1:colcon.colcon_core.package_identification:_identify(A_tries/burger_navi_in_world/saved_models/SAC/log) by extensions ['colcon_pkg']
[0.472s] Level 1:colcon.colcon_core.package_identification:_identify(A_tries/burger_navi_in_world/saved_models/SAC/log) by extension 'colcon_pkg'
[0.472s] Level 1:colcon.colcon_core.package_identification:_identify(A_tries/burger_navi_in_world/saved_models/SAC/log) by extensions ['colcon_meta']
[0.472s] Level 1:colcon.colcon_core.package_identification:_identify(A_tries/burger_navi_in_world/saved_models/SAC/log) by extension 'colcon_meta'
[0.472s] Level 1:colcon.colcon_core.package_identification:_identify(A_tries/burger_navi_in_world/saved_models/SAC/log) by extensions ['ros']
[0.472s] Level 1:colcon.colcon_core.package_identification:_identify(A_tries/burger_navi_in_world/saved_models/SAC/log) by extension 'ros'
[0.472s] Level 1:colcon.colcon_core.package_identification:_identify(A_tries/burger_navi_in_world/saved_models/SAC/log) by extensions ['cmake', 'python']
[0.472s] Level 1:colcon.colcon_core.package_identification:_identify(A_tries/burger_navi_in_world/saved_models/SAC/log) by extension 'cmake'
[0.472s] Level 1:colcon.colcon_core.package_identification:_identify(A_tries/burger_navi_in_world/saved_models/SAC/log) by extension 'python'
[0.472s] Level 1:colcon.colcon_core.package_identification:_identify(A_tries/burger_navi_in_world/saved_models/SAC/log) by extensions ['python_setup_py']
[0.472s] Level 1:colcon.colcon_core.package_identification:_identify(A_tries/burger_navi_in_world/saved_models/SAC/log) by extension 'python_setup_py'
[0.472s] Level 1:colcon.colcon_core.package_identification:_identify(A_tries/burger_navi_in_world/saved_models/SAC/log/SAC_1) by extensions ['ignore', 'ignore_ament_install']
[0.472s] Level 1:colcon.colcon_core.package_identification:_identify(A_tries/burger_navi_in_world/saved_models/SAC/log/SAC_1) by extension 'ignore'
[0.472s] Level 1:colcon.colcon_core.package_identification:_identify(A_tries/burger_navi_in_world/saved_models/SAC/log/SAC_1) by extension 'ignore_ament_install'
[0.472s] Level 1:colcon.colcon_core.package_identification:_identify(A_tries/burger_navi_in_world/saved_models/SAC/log/SAC_1) by extensions ['colcon_pkg']
[0.472s] Level 1:colcon.colcon_core.package_identification:_identify(A_tries/burger_navi_in_world/saved_models/SAC/log/SAC_1) by extension 'colcon_pkg'
[0.472s] Level 1:colcon.colcon_core.package_identification:_identify(A_tries/burger_navi_in_world/saved_models/SAC/log/SAC_1) by extensions ['colcon_meta']
[0.472s] Level 1:colcon.colcon_core.package_identification:_identify(A_tries/burger_navi_in_world/saved_models/SAC/log/SAC_1) by extension 'colcon_meta'
[0.473s] Level 1:colcon.colcon_core.package_identification:_identify(A_tries/burger_navi_in_world/saved_models/SAC/log/SAC_1) by extensions ['ros']
[0.473s] Level 1:colcon.colcon_core.package_identification:_identify(A_tries/burger_navi_in_world/saved_models/SAC/log/SAC_1) by extension 'ros'
[0.473s] Level 1:colcon.colcon_core.package_identification:_identify(A_tries/burger_navi_in_world/saved_models/SAC/log/SAC_1) by extensions ['cmake', 'python']
[0.473s] Level 1:colcon.colcon_core.package_identification:_identify(A_tries/burger_navi_in_world/saved_models/SAC/log/SAC_1) by extension 'cmake'
[0.473s] Level 1:colcon.colcon_core.package_identification:_identify(A_tries/burger_navi_in_world/saved_models/SAC/log/SAC_1) by extension 'python'
[0.473s] Level 1:colcon.colcon_core.package_identification:_identify(A_tries/burger_navi_in_world/saved_models/SAC/log/SAC_1) by extensions ['python_setup_py']
[0.473s] Level 1:colcon.colcon_core.package_identification:_identify(A_tries/burger_navi_in_world/saved_models/SAC/log/SAC_1) by extension 'python_setup_py'
[0.473s] Level 1:colcon.colcon_core.package_identification:_identify(A_tries/burger_navi_in_world/saved_models/SAC/log/SAC_2) by extensions ['ignore', 'ignore_ament_install']
[0.473s] Level 1:colcon.colcon_core.package_identification:_identify(A_tries/burger_navi_in_world/saved_models/SAC/log/SAC_2) by extension 'ignore'
[0.473s] Level 1:colcon.colcon_core.package_identification:_identify(A_tries/burger_navi_in_world/saved_models/SAC/log/SAC_2) by extension 'ignore_ament_install'
[0.473s] Level 1:colcon.colcon_core.package_identification:_identify(A_tries/burger_navi_in_world/saved_models/SAC/log/SAC_2) by extensions ['colcon_pkg']
[0.473s] Level 1:colcon.colcon_core.package_identification:_identify(A_tries/burger_navi_in_world/saved_models/SAC/log/SAC_2) by extension 'colcon_pkg'
[0.473s] Level 1:colcon.colcon_core.package_identification:_identify(A_tries/burger_navi_in_world/saved_models/SAC/log/SAC_2) by extensions ['colcon_meta']
[0.473s] Level 1:colcon.colcon_core.package_identification:_identify(A_tries/burger_navi_in_world/saved_models/SAC/log/SAC_2) by extension 'colcon_meta'
[0.473s] Level 1:colcon.colcon_core.package_identification:_identify(A_tries/burger_navi_in_world/saved_models/SAC/log/SAC_2) by extensions ['ros']
[0.473s] Level 1:colcon.colcon_core.package_identification:_identify(A_tries/burger_navi_in_world/saved_models/SAC/log/SAC_2) by extension 'ros'
[0.473s] Level 1:colcon.colcon_core.package_identification:_identify(A_tries/burger_navi_in_world/saved_models/SAC/log/SAC_2) by extensions ['cmake', 'python']
[0.473s] Level 1:colcon.colcon_core.package_identification:_identify(A_tries/burger_navi_in_world/saved_models/SAC/log/SAC_2) by extension 'cmake'
[0.473s] Level 1:colcon.colcon_core.package_identification:_identify(A_tries/burger_navi_in_world/saved_models/SAC/log/SAC_2) by extension 'python'
[0.473s] Level 1:colcon.colcon_core.package_identification:_identify(A_tries/burger_navi_in_world/saved_models/SAC/log/SAC_2) by extensions ['python_setup_py']
[0.473s] Level 1:colcon.colcon_core.package_identification:_identify(A_tries/burger_navi_in_world/saved_models/SAC/log/SAC_2) by extension 'python_setup_py'
[0.473s] Level 1:colcon.colcon_core.package_identification:_identify(A_tries/burger_navi_in_world/saved_models/SAC/log/SAC_3) by extensions ['ignore', 'ignore_ament_install']
[0.474s] Level 1:colcon.colcon_core.package_identification:_identify(A_tries/burger_navi_in_world/saved_models/SAC/log/SAC_3) by extension 'ignore'
[0.474s] Level 1:colcon.colcon_core.package_identification:_identify(A_tries/burger_navi_in_world/saved_models/SAC/log/SAC_3) by extension 'ignore_ament_install'
[0.474s] Level 1:colcon.colcon_core.package_identification:_identify(A_tries/burger_navi_in_world/saved_models/SAC/log/SAC_3) by extensions ['colcon_pkg']
[0.474s] Level 1:colcon.colcon_core.package_identification:_identify(A_tries/burger_navi_in_world/saved_models/SAC/log/SAC_3) by extension 'colcon_pkg'
[0.474s] Level 1:colcon.colcon_core.package_identification:_identify(A_tries/burger_navi_in_world/saved_models/SAC/log/SAC_3) by extensions ['colcon_meta']
[0.474s] Level 1:colcon.colcon_core.package_identification:_identify(A_tries/burger_navi_in_world/saved_models/SAC/log/SAC_3) by extension 'colcon_meta'
[0.474s] Level 1:colcon.colcon_core.package_identification:_identify(A_tries/burger_navi_in_world/saved_models/SAC/log/SAC_3) by extensions ['ros']
[0.474s] Level 1:colcon.colcon_core.package_identification:_identify(A_tries/burger_navi_in_world/saved_models/SAC/log/SAC_3) by extension 'ros'
[0.474s] Level 1:colcon.colcon_core.package_identification:_identify(A_tries/burger_navi_in_world/saved_models/SAC/log/SAC_3) by extensions ['cmake', 'python']
[0.474s] Level 1:colcon.colcon_core.package_identification:_identify(A_tries/burger_navi_in_world/saved_models/SAC/log/SAC_3) by extension 'cmake'
[0.474s] Level 1:colcon.colcon_core.package_identification:_identify(A_tries/burger_navi_in_world/saved_models/SAC/log/SAC_3) by extension 'python'
[0.474s] Level 1:colcon.colcon_core.package_identification:_identify(A_tries/burger_navi_in_world/saved_models/SAC/log/SAC_3) by extensions ['python_setup_py']
[0.474s] Level 1:colcon.colcon_core.package_identification:_identify(A_tries/burger_navi_in_world/saved_models/SAC/log/SAC_3) by extension 'python_setup_py'
[0.474s] Level 1:colcon.colcon_core.package_identification:_identify(A_tries/burger_navi_in_world/saved_models/SAC/plots) by extensions ['ignore', 'ignore_ament_install']
[0.474s] Level 1:colcon.colcon_core.package_identification:_identify(A_tries/burger_navi_in_world/saved_models/SAC/plots) by extension 'ignore'
[0.474s] Level 1:colcon.colcon_core.package_identification:_identify(A_tries/burger_navi_in_world/saved_models/SAC/plots) by extension 'ignore_ament_install'
[0.474s] Level 1:colcon.colcon_core.package_identification:_identify(A_tries/burger_navi_in_world/saved_models/SAC/plots) by extensions ['colcon_pkg']
[0.474s] Level 1:colcon.colcon_core.package_identification:_identify(A_tries/burger_navi_in_world/saved_models/SAC/plots) by extension 'colcon_pkg'
[0.474s] Level 1:colcon.colcon_core.package_identification:_identify(A_tries/burger_navi_in_world/saved_models/SAC/plots) by extensions ['colcon_meta']
[0.474s] Level 1:colcon.colcon_core.package_identification:_identify(A_tries/burger_navi_in_world/saved_models/SAC/plots) by extension 'colcon_meta'
[0.474s] Level 1:colcon.colcon_core.package_identification:_identify(A_tries/burger_navi_in_world/saved_models/SAC/plots) by extensions ['ros']
[0.474s] Level 1:colcon.colcon_core.package_identification:_identify(A_tries/burger_navi_in_world/saved_models/SAC/plots) by extension 'ros'
[0.474s] Level 1:colcon.colcon_core.package_identification:_identify(A_tries/burger_navi_in_world/saved_models/SAC/plots) by extensions ['cmake', 'python']
[0.474s] Level 1:colcon.colcon_core.package_identification:_identify(A_tries/burger_navi_in_world/saved_models/SAC/plots) by extension 'cmake'
[0.475s] Level 1:colcon.colcon_core.package_identification:_identify(A_tries/burger_navi_in_world/saved_models/SAC/plots) by extension 'python'
[0.475s] Level 1:colcon.colcon_core.package_identification:_identify(A_tries/burger_navi_in_world/saved_models/SAC/plots) by extensions ['python_setup_py']
[0.475s] Level 1:colcon.colcon_core.package_identification:_identify(A_tries/burger_navi_in_world/saved_models/SAC/plots) by extension 'python_setup_py'
[0.475s] Level 1:colcon.colcon_core.package_identification:_identify(A_tries/burger_navi_in_world/scripts) by extensions ['ignore', 'ignore_ament_install']
[0.475s] Level 1:colcon.colcon_core.package_identification:_identify(A_tries/burger_navi_in_world/scripts) by extension 'ignore'
[0.475s] Level 1:colcon.colcon_core.package_identification:_identify(A_tries/burger_navi_in_world/scripts) by extension 'ignore_ament_install'
[0.475s] Level 1:colcon.colcon_core.package_identification:_identify(A_tries/burger_navi_in_world/scripts) by extensions ['colcon_pkg']
[0.475s] Level 1:colcon.colcon_core.package_identification:_identify(A_tries/burger_navi_in_world/scripts) by extension 'colcon_pkg'
[0.475s] Level 1:colcon.colcon_core.package_identification:_identify(A_tries/burger_navi_in_world/scripts) by extensions ['colcon_meta']
[0.475s] Level 1:colcon.colcon_core.package_identification:_identify(A_tries/burger_navi_in_world/scripts) by extension 'colcon_meta'
[0.475s] Level 1:colcon.colcon_core.package_identification:_identify(A_tries/burger_navi_in_world/scripts) by extensions ['ros']
[0.475s] Level 1:colcon.colcon_core.package_identification:_identify(A_tries/burger_navi_in_world/scripts) by extension 'ros'
[0.475s] Level 1:colcon.colcon_core.package_identification:_identify(A_tries/burger_navi_in_world/scripts) by extensions ['cmake', 'python']
[0.475s] Level 1:colcon.colcon_core.package_identification:_identify(A_tries/burger_navi_in_world/scripts) by extension 'cmake'
[0.475s] Level 1:colcon.colcon_core.package_identification:_identify(A_tries/burger_navi_in_world/scripts) by extension 'python'
[0.475s] Level 1:colcon.colcon_core.package_identification:_identify(A_tries/burger_navi_in_world/scripts) by extensions ['python_setup_py']
[0.475s] Level 1:colcon.colcon_core.package_identification:_identify(A_tries/burger_navi_in_world/scripts) by extension 'python_setup_py'
[0.475s] Level 1:colcon.colcon_core.package_identification:_identify(app) by extensions ['ignore', 'ignore_ament_install']
[0.475s] Level 1:colcon.colcon_core.package_identification:_identify(app) by extension 'ignore'
[0.475s] Level 1:colcon.colcon_core.package_identification:_identify(app) by extension 'ignore_ament_install'
[0.475s] Level 1:colcon.colcon_core.package_identification:_identify(app) by extensions ['colcon_pkg']
[0.475s] Level 1:colcon.colcon_core.package_identification:_identify(app) by extension 'colcon_pkg'
[0.475s] Level 1:colcon.colcon_core.package_identification:_identify(app) by extensions ['colcon_meta']
[0.475s] Level 1:colcon.colcon_core.package_identification:_identify(app) by extension 'colcon_meta'
[0.476s] Level 1:colcon.colcon_core.package_identification:_identify(app) by extensions ['ros']
[0.476s] Level 1:colcon.colcon_core.package_identification:_identify(app) by extension 'ros'
[0.476s] Level 1:colcon.colcon_core.package_identification:_identify(app) by extensions ['cmake', 'python']
[0.476s] Level 1:colcon.colcon_core.package_identification:_identify(app) by extension 'cmake'
[0.476s] Level 1:colcon.colcon_core.package_identification:_identify(app) by extension 'python'
[0.476s] Level 1:colcon.colcon_core.package_identification:_identify(app) by extensions ['python_setup_py']
[0.476s] Level 1:colcon.colcon_core.package_identification:_identify(app) by extension 'python_setup_py'
[0.476s] Level 1:colcon.colcon_core.package_identification:_identify(app/__pycache__) by extensions ['ignore', 'ignore_ament_install']
[0.476s] Level 1:colcon.colcon_core.package_identification:_identify(app/__pycache__) by extension 'ignore'
[0.476s] Level 1:colcon.colcon_core.package_identification:_identify(app/__pycache__) by extension 'ignore_ament_install'
[0.476s] Level 1:colcon.colcon_core.package_identification:_identify(app/__pycache__) by extensions ['colcon_pkg']
[0.476s] Level 1:colcon.colcon_core.package_identification:_identify(app/__pycache__) by extension 'colcon_pkg'
[0.476s] Level 1:colcon.colcon_core.package_identification:_identify(app/__pycache__) by extensions ['colcon_meta']
[0.476s] Level 1:colcon.colcon_core.package_identification:_identify(app/__pycache__) by extension 'colcon_meta'
[0.476s] Level 1:colcon.colcon_core.package_identification:_identify(app/__pycache__) by extensions ['ros']
[0.476s] Level 1:colcon.colcon_core.package_identification:_identify(app/__pycache__) by extension 'ros'
[0.476s] Level 1:colcon.colcon_core.package_identification:_identify(app/__pycache__) by extensions ['cmake', 'python']
[0.476s] Level 1:colcon.colcon_core.package_identification:_identify(app/__pycache__) by extension 'cmake'
[0.476s] Level 1:colcon.colcon_core.package_identification:_identify(app/__pycache__) by extension 'python'
[0.476s] Level 1:colcon.colcon_core.package_identification:_identify(app/__pycache__) by extensions ['python_setup_py']
[0.476s] Level 1:colcon.colcon_core.package_identification:_identify(app/__pycache__) by extension 'python_setup_py'
[0.476s] Level 1:colcon.colcon_core.package_identification:_identify(app/api) by extensions ['ignore', 'ignore_ament_install']
[0.476s] Level 1:colcon.colcon_core.package_identification:_identify(app/api) by extension 'ignore'
[0.476s] Level 1:colcon.colcon_core.package_identification:_identify(app/api) by extension 'ignore_ament_install'
[0.477s] Level 1:colcon.colcon_core.package_identification:_identify(app/api) by extensions ['colcon_pkg']
[0.477s] Level 1:colcon.colcon_core.package_identification:_identify(app/api) by extension 'colcon_pkg'
[0.477s] Level 1:colcon.colcon_core.package_identification:_identify(app/api) by extensions ['colcon_meta']
[0.477s] Level 1:colcon.colcon_core.package_identification:_identify(app/api) by extension 'colcon_meta'
[0.477s] Level 1:colcon.colcon_core.package_identification:_identify(app/api) by extensions ['ros']
[0.477s] Level 1:colcon.colcon_core.package_identification:_identify(app/api) by extension 'ros'
[0.477s] Level 1:colcon.colcon_core.package_identification:_identify(app/api) by extensions ['cmake', 'python']
[0.477s] Level 1:colcon.colcon_core.package_identification:_identify(app/api) by extension 'cmake'
[0.477s] Level 1:colcon.colcon_core.package_identification:_identify(app/api) by extension 'python'
[0.477s] Level 1:colcon.colcon_core.package_identification:_identify(app/api) by extensions ['python_setup_py']
[0.477s] Level 1:colcon.colcon_core.package_identification:_identify(app/api) by extension 'python_setup_py'
[0.477s] Level 1:colcon.colcon_core.package_identification:_identify(app/api/v1) by extensions ['ignore', 'ignore_ament_install']
[0.477s] Level 1:colcon.colcon_core.package_identification:_identify(app/api/v1) by extension 'ignore'
[0.477s] Level 1:colcon.colcon_core.package_identification:_identify(app/api/v1) by extension 'ignore_ament_install'
[0.477s] Level 1:colcon.colcon_core.package_identification:_identify(app/api/v1) by extensions ['colcon_pkg']
[0.477s] Level 1:colcon.colcon_core.package_identification:_identify(app/api/v1) by extension 'colcon_pkg'
[0.477s] Level 1:colcon.colcon_core.package_identification:_identify(app/api/v1) by extensions ['colcon_meta']
[0.477s] Level 1:colcon.colcon_core.package_identification:_identify(app/api/v1) by extension 'colcon_meta'
[0.477s] Level 1:colcon.colcon_core.package_identification:_identify(app/api/v1) by extensions ['ros']
[0.477s] Level 1:colcon.colcon_core.package_identification:_identify(app/api/v1) by extension 'ros'
[0.477s] Level 1:colcon.colcon_core.package_identification:_identify(app/api/v1) by extensions ['cmake', 'python']
[0.477s] Level 1:colcon.colcon_core.package_identification:_identify(app/api/v1) by extension 'cmake'
[0.477s] Level 1:colcon.colcon_core.package_identification:_identify(app/api/v1) by extension 'python'
[0.477s] Level 1:colcon.colcon_core.package_identification:_identify(app/api/v1) by extensions ['python_setup_py']
[0.477s] Level 1:colcon.colcon_core.package_identification:_identify(app/api/v1) by extension 'python_setup_py'
[0.478s] Level 1:colcon.colcon_core.package_identification:_identify(app/api/v1/__pycache__) by extensions ['ignore', 'ignore_ament_install']
[0.478s] Level 1:colcon.colcon_core.package_identification:_identify(app/api/v1/__pycache__) by extension 'ignore'
[0.478s] Level 1:colcon.colcon_core.package_identification:_identify(app/api/v1/__pycache__) by extension 'ignore_ament_install'
[0.478s] Level 1:colcon.colcon_core.package_identification:_identify(app/api/v1/__pycache__) by extensions ['colcon_pkg']
[0.478s] Level 1:colcon.colcon_core.package_identification:_identify(app/api/v1/__pycache__) by extension 'colcon_pkg'
[0.478s] Level 1:colcon.colcon_core.package_identification:_identify(app/api/v1/__pycache__) by extensions ['colcon_meta']
[0.478s] Level 1:colcon.colcon_core.package_identification:_identify(app/api/v1/__pycache__) by extension 'colcon_meta'
[0.478s] Level 1:colcon.colcon_core.package_identification:_identify(app/api/v1/__pycache__) by extensions ['ros']
[0.478s] Level 1:colcon.colcon_core.package_identification:_identify(app/api/v1/__pycache__) by extension 'ros'
[0.478s] Level 1:colcon.colcon_core.package_identification:_identify(app/api/v1/__pycache__) by extensions ['cmake', 'python']
[0.478s] Level 1:colcon.colcon_core.package_identification:_identify(app/api/v1/__pycache__) by extension 'cmake'
[0.478s] Level 1:colcon.colcon_core.package_identification:_identify(app/api/v1/__pycache__) by extension 'python'
[0.478s] Level 1:colcon.colcon_core.package_identification:_identify(app/api/v1/__pycache__) by extensions ['python_setup_py']
[0.478s] Level 1:colcon.colcon_core.package_identification:_identify(app/api/v1/__pycache__) by extension 'python_setup_py'
[0.478s] Level 1:colcon.colcon_core.package_identification:_identify(app/api/v1/routers) by extensions ['ignore', 'ignore_ament_install']
[0.478s] Level 1:colcon.colcon_core.package_identification:_identify(app/api/v1/routers) by extension 'ignore'
[0.478s] Level 1:colcon.colcon_core.package_identification:_identify(app/api/v1/routers) by extension 'ignore_ament_install'
[0.478s] Level 1:colcon.colcon_core.package_identification:_identify(app/api/v1/routers) by extensions ['colcon_pkg']
[0.478s] Level 1:colcon.colcon_core.package_identification:_identify(app/api/v1/routers) by extension 'colcon_pkg'
[0.479s] Level 1:colcon.colcon_core.package_identification:_identify(app/api/v1/routers) by extensions ['colcon_meta']
[0.479s] Level 1:colcon.colcon_core.package_identification:_identify(app/api/v1/routers) by extension 'colcon_meta'
[0.479s] Level 1:colcon.colcon_core.package_identification:_identify(app/api/v1/routers) by extensions ['ros']
[0.479s] Level 1:colcon.colcon_core.package_identification:_identify(app/api/v1/routers) by extension 'ros'
[0.479s] Level 1:colcon.colcon_core.package_identification:_identify(app/api/v1/routers) by extensions ['cmake', 'python']
[0.479s] Level 1:colcon.colcon_core.package_identification:_identify(app/api/v1/routers) by extension 'cmake'
[0.479s] Level 1:colcon.colcon_core.package_identification:_identify(app/api/v1/routers) by extension 'python'
[0.479s] Level 1:colcon.colcon_core.package_identification:_identify(app/api/v1/routers) by extensions ['python_setup_py']
[0.479s] Level 1:colcon.colcon_core.package_identification:_identify(app/api/v1/routers) by extension 'python_setup_py'
[0.479s] Level 1:colcon.colcon_core.package_identification:_identify(app/api/v1/routers/__pycache__) by extensions ['ignore', 'ignore_ament_install']
[0.479s] Level 1:colcon.colcon_core.package_identification:_identify(app/api/v1/routers/__pycache__) by extension 'ignore'
[0.479s] Level 1:colcon.colcon_core.package_identification:_identify(app/api/v1/routers/__pycache__) by extension 'ignore_ament_install'
[0.479s] Level 1:colcon.colcon_core.package_identification:_identify(app/api/v1/routers/__pycache__) by extensions ['colcon_pkg']
[0.479s] Level 1:colcon.colcon_core.package_identification:_identify(app/api/v1/routers/__pycache__) by extension 'colcon_pkg'
[0.479s] Level 1:colcon.colcon_core.package_identification:_identify(app/api/v1/routers/__pycache__) by extensions ['colcon_meta']
[0.479s] Level 1:colcon.colcon_core.package_identification:_identify(app/api/v1/routers/__pycache__) by extension 'colcon_meta'
[0.479s] Level 1:colcon.colcon_core.package_identification:_identify(app/api/v1/routers/__pycache__) by extensions ['ros']
[0.479s] Level 1:colcon.colcon_core.package_identification:_identify(app/api/v1/routers/__pycache__) by extension 'ros'
[0.479s] Level 1:colcon.colcon_core.package_identification:_identify(app/api/v1/routers/__pycache__) by extensions ['cmake', 'python']
[0.479s] Level 1:colcon.colcon_core.package_identification:_identify(app/api/v1/routers/__pycache__) by extension 'cmake'
[0.479s] Level 1:colcon.colcon_core.package_identification:_identify(app/api/v1/routers/__pycache__) by extension 'python'
[0.479s] Level 1:colcon.colcon_core.package_identification:_identify(app/api/v1/routers/__pycache__) by extensions ['python_setup_py']
[0.479s] Level 1:colcon.colcon_core.package_identification:_identify(app/api/v1/routers/__pycache__) by extension 'python_setup_py'
[0.480s] Level 1:colcon.colcon_core.package_identification:_identify(app/api/v1/websockets) by extensions ['ignore', 'ignore_ament_install']
[0.480s] Level 1:colcon.colcon_core.package_identification:_identify(app/api/v1/websockets) by extension 'ignore'
[0.480s] Level 1:colcon.colcon_core.package_identification:_identify(app/api/v1/websockets) by extension 'ignore_ament_install'
[0.480s] Level 1:colcon.colcon_core.package_identification:_identify(app/api/v1/websockets) by extensions ['colcon_pkg']
[0.480s] Level 1:colcon.colcon_core.package_identification:_identify(app/api/v1/websockets) by extension 'colcon_pkg'
[0.480s] Level 1:colcon.colcon_core.package_identification:_identify(app/api/v1/websockets) by extensions ['colcon_meta']
[0.480s] Level 1:colcon.colcon_core.package_identification:_identify(app/api/v1/websockets) by extension 'colcon_meta'
[0.480s] Level 1:colcon.colcon_core.package_identification:_identify(app/api/v1/websockets) by extensions ['ros']
[0.480s] Level 1:colcon.colcon_core.package_identification:_identify(app/api/v1/websockets) by extension 'ros'
[0.480s] Level 1:colcon.colcon_core.package_identification:_identify(app/api/v1/websockets) by extensions ['cmake', 'python']
[0.480s] Level 1:colcon.colcon_core.package_identification:_identify(app/api/v1/websockets) by extension 'cmake'
[0.480s] Level 1:colcon.colcon_core.package_identification:_identify(app/api/v1/websockets) by extension 'python'
[0.480s] Level 1:colcon.colcon_core.package_identification:_identify(app/api/v1/websockets) by extensions ['python_setup_py']
[0.480s] Level 1:colcon.colcon_core.package_identification:_identify(app/api/v1/websockets) by extension 'python_setup_py'
[0.480s] Level 1:colcon.colcon_core.package_identification:_identify(app/api/v1/websockets/__pycache__) by extensions ['ignore', 'ignore_ament_install']
[0.480s] Level 1:colcon.colcon_core.package_identification:_identify(app/api/v1/websockets/__pycache__) by extension 'ignore'
[0.480s] Level 1:colcon.colcon_core.package_identification:_identify(app/api/v1/websockets/__pycache__) by extension 'ignore_ament_install'
[0.480s] Level 1:colcon.colcon_core.package_identification:_identify(app/api/v1/websockets/__pycache__) by extensions ['colcon_pkg']
[0.480s] Level 1:colcon.colcon_core.package_identification:_identify(app/api/v1/websockets/__pycache__) by extension 'colcon_pkg'
[0.480s] Level 1:colcon.colcon_core.package_identification:_identify(app/api/v1/websockets/__pycache__) by extensions ['colcon_meta']
[0.480s] Level 1:colcon.colcon_core.package_identification:_identify(app/api/v1/websockets/__pycache__) by extension 'colcon_meta'
[0.480s] Level 1:colcon.colcon_core.package_identification:_identify(app/api/v1/websockets/__pycache__) by extensions ['ros']
[0.481s] Level 1:colcon.colcon_core.package_identification:_identify(app/api/v1/websockets/__pycache__) by extension 'ros'
[0.481s] Level 1:colcon.colcon_core.package_identification:_identify(app/api/v1/websockets/__pycache__) by extensions ['cmake', 'python']
[0.481s] Level 1:colcon.colcon_core.package_identification:_identify(app/api/v1/websockets/__pycache__) by extension 'cmake'
[0.481s] Level 1:colcon.colcon_core.package_identification:_identify(app/api/v1/websockets/__pycache__) by extension 'python'
[0.481s] Level 1:colcon.colcon_core.package_identification:_identify(app/api/v1/websockets/__pycache__) by extensions ['python_setup_py']
[0.481s] Level 1:colcon.colcon_core.package_identification:_identify(app/api/v1/websockets/__pycache__) by extension 'python_setup_py'
[0.481s] Level 1:colcon.colcon_core.package_identification:_identify(app/api/v1/websockets/ros2_channels) by extensions ['ignore', 'ignore_ament_install']
[0.481s] Level 1:colcon.colcon_core.package_identification:_identify(app/api/v1/websockets/ros2_channels) by extension 'ignore'
[0.481s] Level 1:colcon.colcon_core.package_identification:_identify(app/api/v1/websockets/ros2_channels) by extension 'ignore_ament_install'
[0.481s] Level 1:colcon.colcon_core.package_identification:_identify(app/api/v1/websockets/ros2_channels) by extensions ['colcon_pkg']
[0.481s] Level 1:colcon.colcon_core.package_identification:_identify(app/api/v1/websockets/ros2_channels) by extension 'colcon_pkg'
[0.481s] Level 1:colcon.colcon_core.package_identification:_identify(app/api/v1/websockets/ros2_channels) by extensions ['colcon_meta']
[0.481s] Level 1:colcon.colcon_core.package_identification:_identify(app/api/v1/websockets/ros2_channels) by extension 'colcon_meta'
[0.481s] Level 1:colcon.colcon_core.package_identification:_identify(app/api/v1/websockets/ros2_channels) by extensions ['ros']
[0.481s] Level 1:colcon.colcon_core.package_identification:_identify(app/api/v1/websockets/ros2_channels) by extension 'ros'
[0.481s] Level 1:colcon.colcon_core.package_identification:_identify(app/api/v1/websockets/ros2_channels) by extensions ['cmake', 'python']
[0.481s] Level 1:colcon.colcon_core.package_identification:_identify(app/api/v1/websockets/ros2_channels) by extension 'cmake'
[0.481s] Level 1:colcon.colcon_core.package_identification:_identify(app/api/v1/websockets/ros2_channels) by extension 'python'
[0.481s] Level 1:colcon.colcon_core.package_identification:_identify(app/api/v1/websockets/ros2_channels) by extensions ['python_setup_py']
[0.481s] Level 1:colcon.colcon_core.package_identification:_identify(app/api/v1/websockets/ros2_channels) by extension 'python_setup_py'
[0.482s] Level 1:colcon.colcon_core.package_identification:_identify(app/api/v1/websockets/ros2_channels/__pycache__) by extensions ['ignore', 'ignore_ament_install']
[0.482s] Level 1:colcon.colcon_core.package_identification:_identify(app/api/v1/websockets/ros2_channels/__pycache__) by extension 'ignore'
[0.482s] Level 1:colcon.colcon_core.package_identification:_identify(app/api/v1/websockets/ros2_channels/__pycache__) by extension 'ignore_ament_install'
[0.482s] Level 1:colcon.colcon_core.package_identification:_identify(app/api/v1/websockets/ros2_channels/__pycache__) by extensions ['colcon_pkg']
[0.482s] Level 1:colcon.colcon_core.package_identification:_identify(app/api/v1/websockets/ros2_channels/__pycache__) by extension 'colcon_pkg'
[0.482s] Level 1:colcon.colcon_core.package_identification:_identify(app/api/v1/websockets/ros2_channels/__pycache__) by extensions ['colcon_meta']
[0.482s] Level 1:colcon.colcon_core.package_identification:_identify(app/api/v1/websockets/ros2_channels/__pycache__) by extension 'colcon_meta'
[0.482s] Level 1:colcon.colcon_core.package_identification:_identify(app/api/v1/websockets/ros2_channels/__pycache__) by extensions ['ros']
[0.482s] Level 1:colcon.colcon_core.package_identification:_identify(app/api/v1/websockets/ros2_channels/__pycache__) by extension 'ros'
[0.482s] Level 1:colcon.colcon_core.package_identification:_identify(app/api/v1/websockets/ros2_channels/__pycache__) by extensions ['cmake', 'python']
[0.482s] Level 1:colcon.colcon_core.package_identification:_identify(app/api/v1/websockets/ros2_channels/__pycache__) by extension 'cmake'
[0.482s] Level 1:colcon.colcon_core.package_identification:_identify(app/api/v1/websockets/ros2_channels/__pycache__) by extension 'python'
[0.482s] Level 1:colcon.colcon_core.package_identification:_identify(app/api/v1/websockets/ros2_channels/__pycache__) by extensions ['python_setup_py']
[0.482s] Level 1:colcon.colcon_core.package_identification:_identify(app/api/v1/websockets/ros2_channels/__pycache__) by extension 'python_setup_py'
[0.482s] Level 1:colcon.colcon_core.package_identification:_identify(app/config) by extensions ['ignore', 'ignore_ament_install']
[0.483s] Level 1:colcon.colcon_core.package_identification:_identify(app/config) by extension 'ignore'
[0.483s] Level 1:colcon.colcon_core.package_identification:_identify(app/config) by extension 'ignore_ament_install'
[0.483s] Level 1:colcon.colcon_core.package_identification:_identify(app/config) by extensions ['colcon_pkg']
[0.483s] Level 1:colcon.colcon_core.package_identification:_identify(app/config) by extension 'colcon_pkg'
[0.484s] Level 1:colcon.colcon_core.package_identification:_identify(app/config) by extensions ['colcon_meta']
[0.484s] Level 1:colcon.colcon_core.package_identification:_identify(app/config) by extension 'colcon_meta'
[0.484s] Level 1:colcon.colcon_core.package_identification:_identify(app/config) by extensions ['ros']
[0.484s] Level 1:colcon.colcon_core.package_identification:_identify(app/config) by extension 'ros'
[0.484s] Level 1:colcon.colcon_core.package_identification:_identify(app/config) by extensions ['cmake', 'python']
[0.484s] Level 1:colcon.colcon_core.package_identification:_identify(app/config) by extension 'cmake'
[0.484s] Level 1:colcon.colcon_core.package_identification:_identify(app/config) by extension 'python'
[0.484s] Level 1:colcon.colcon_core.package_identification:_identify(app/config) by extensions ['python_setup_py']
[0.484s] Level 1:colcon.colcon_core.package_identification:_identify(app/config) by extension 'python_setup_py'
[0.484s] Level 1:colcon.colcon_core.package_identification:_identify(app/core) by extensions ['ignore', 'ignore_ament_install']
[0.484s] Level 1:colcon.colcon_core.package_identification:_identify(app/core) by extension 'ignore'
[0.484s] Level 1:colcon.colcon_core.package_identification:_identify(app/core) by extension 'ignore_ament_install'
[0.484s] Level 1:colcon.colcon_core.package_identification:_identify(app/core) by extensions ['colcon_pkg']
[0.484s] Level 1:colcon.colcon_core.package_identification:_identify(app/core) by extension 'colcon_pkg'
[0.484s] Level 1:colcon.colcon_core.package_identification:_identify(app/core) by extensions ['colcon_meta']
[0.484s] Level 1:colcon.colcon_core.package_identification:_identify(app/core) by extension 'colcon_meta'
[0.484s] Level 1:colcon.colcon_core.package_identification:_identify(app/core) by extensions ['ros']
[0.484s] Level 1:colcon.colcon_core.package_identification:_identify(app/core) by extension 'ros'
[0.485s] Level 1:colcon.colcon_core.package_identification:_identify(app/core) by extensions ['cmake', 'python']
[0.485s] Level 1:colcon.colcon_core.package_identification:_identify(app/core) by extension 'cmake'
[0.485s] Level 1:colcon.colcon_core.package_identification:_identify(app/core) by extension 'python'
[0.485s] Level 1:colcon.colcon_core.package_identification:_identify(app/core) by extensions ['python_setup_py']
[0.485s] Level 1:colcon.colcon_core.package_identification:_identify(app/core) by extension 'python_setup_py'
[0.485s] Level 1:colcon.colcon_core.package_identification:_identify(app/core/__pycache__) by extensions ['ignore', 'ignore_ament_install']
[0.485s] Level 1:colcon.colcon_core.package_identification:_identify(app/core/__pycache__) by extension 'ignore'
[0.485s] Level 1:colcon.colcon_core.package_identification:_identify(app/core/__pycache__) by extension 'ignore_ament_install'
[0.485s] Level 1:colcon.colcon_core.package_identification:_identify(app/core/__pycache__) by extensions ['colcon_pkg']
[0.485s] Level 1:colcon.colcon_core.package_identification:_identify(app/core/__pycache__) by extension 'colcon_pkg'
[0.485s] Level 1:colcon.colcon_core.package_identification:_identify(app/core/__pycache__) by extensions ['colcon_meta']
[0.485s] Level 1:colcon.colcon_core.package_identification:_identify(app/core/__pycache__) by extension 'colcon_meta'
[0.485s] Level 1:colcon.colcon_core.package_identification:_identify(app/core/__pycache__) by extensions ['ros']
[0.485s] Level 1:colcon.colcon_core.package_identification:_identify(app/core/__pycache__) by extension 'ros'
[0.485s] Level 1:colcon.colcon_core.package_identification:_identify(app/core/__pycache__) by extensions ['cmake', 'python']
[0.485s] Level 1:colcon.colcon_core.package_identification:_identify(app/core/__pycache__) by extension 'cmake'
[0.485s] Level 1:colcon.colcon_core.package_identification:_identify(app/core/__pycache__) by extension 'python'
[0.485s] Level 1:colcon.colcon_core.package_identification:_identify(app/core/__pycache__) by extensions ['python_setup_py']
[0.485s] Level 1:colcon.colcon_core.package_identification:_identify(app/core/__pycache__) by extension 'python_setup_py'
[0.485s] Level 1:colcon.colcon_core.package_identification:_identify(app/core/models) by extensions ['ignore', 'ignore_ament_install']
[0.485s] Level 1:colcon.colcon_core.package_identification:_identify(app/core/models) by extension 'ignore'
[0.485s] Level 1:colcon.colcon_core.package_identification:_identify(app/core/models) by extension 'ignore_ament_install'
[0.485s] Level 1:colcon.colcon_core.package_identification:_identify(app/core/models) by extensions ['colcon_pkg']
[0.486s] Level 1:colcon.colcon_core.package_identification:_identify(app/core/models) by extension 'colcon_pkg'
[0.486s] Level 1:colcon.colcon_core.package_identification:_identify(app/core/models) by extensions ['colcon_meta']
[0.486s] Level 1:colcon.colcon_core.package_identification:_identify(app/core/models) by extension 'colcon_meta'
[0.486s] Level 1:colcon.colcon_core.package_identification:_identify(app/core/models) by extensions ['ros']
[0.486s] Level 1:colcon.colcon_core.package_identification:_identify(app/core/models) by extension 'ros'
[0.486s] Level 1:colcon.colcon_core.package_identification:_identify(app/core/models) by extensions ['cmake', 'python']
[0.486s] Level 1:colcon.colcon_core.package_identification:_identify(app/core/models) by extension 'cmake'
[0.486s] Level 1:colcon.colcon_core.package_identification:_identify(app/core/models) by extension 'python'
[0.486s] Level 1:colcon.colcon_core.package_identification:_identify(app/core/models) by extensions ['python_setup_py']
[0.486s] Level 1:colcon.colcon_core.package_identification:_identify(app/core/models) by extension 'python_setup_py'
[0.486s] Level 1:colcon.colcon_core.package_identification:_identify(app/core/scripts) by extensions ['ignore', 'ignore_ament_install']
[0.486s] Level 1:colcon.colcon_core.package_identification:_identify(app/core/scripts) by extension 'ignore'
[0.486s] Level 1:colcon.colcon_core.package_identification:_identify(app/core/scripts) by extension 'ignore_ament_install'
[0.486s] Level 1:colcon.colcon_core.package_identification:_identify(app/core/scripts) by extensions ['colcon_pkg']
[0.486s] Level 1:colcon.colcon_core.package_identification:_identify(app/core/scripts) by extension 'colcon_pkg'
[0.486s] Level 1:colcon.colcon_core.package_identification:_identify(app/core/scripts) by extensions ['colcon_meta']
[0.486s] Level 1:colcon.colcon_core.package_identification:_identify(app/core/scripts) by extension 'colcon_meta'
[0.486s] Level 1:colcon.colcon_core.package_identification:_identify(app/core/scripts) by extensions ['ros']
[0.486s] Level 1:colcon.colcon_core.package_identification:_identify(app/core/scripts) by extension 'ros'
[0.486s] Level 1:colcon.colcon_core.package_identification:_identify(app/core/scripts) by extensions ['cmake', 'python']
[0.486s] Level 1:colcon.colcon_core.package_identification:_identify(app/core/scripts) by extension 'cmake'
[0.486s] Level 1:colcon.colcon_core.package_identification:_identify(app/core/scripts) by extension 'python'
[0.486s] Level 1:colcon.colcon_core.package_identification:_identify(app/core/scripts) by extensions ['python_setup_py']
[0.486s] Level 1:colcon.colcon_core.package_identification:_identify(app/core/scripts) by extension 'python_setup_py'
[0.487s] Level 1:colcon.colcon_core.package_identification:_identify(app/core/services) by extensions ['ignore', 'ignore_ament_install']
[0.487s] Level 1:colcon.colcon_core.package_identification:_identify(app/core/services) by extension 'ignore'
[0.487s] Level 1:colcon.colcon_core.package_identification:_identify(app/core/services) by extension 'ignore_ament_install'
[0.487s] Level 1:colcon.colcon_core.package_identification:_identify(app/core/services) by extensions ['colcon_pkg']
[0.487s] Level 1:colcon.colcon_core.package_identification:_identify(app/core/services) by extension 'colcon_pkg'
[0.487s] Level 1:colcon.colcon_core.package_identification:_identify(app/core/services) by extensions ['colcon_meta']
[0.487s] Level 1:colcon.colcon_core.package_identification:_identify(app/core/services) by extension 'colcon_meta'
[0.487s] Level 1:colcon.colcon_core.package_identification:_identify(app/core/services) by extensions ['ros']
[0.487s] Level 1:colcon.colcon_core.package_identification:_identify(app/core/services) by extension 'ros'
[0.487s] Level 1:colcon.colcon_core.package_identification:_identify(app/core/services) by extensions ['cmake', 'python']
[0.487s] Level 1:colcon.colcon_core.package_identification:_identify(app/core/services) by extension 'cmake'
[0.487s] Level 1:colcon.colcon_core.package_identification:_identify(app/core/services) by extension 'python'
[0.487s] Level 1:colcon.colcon_core.package_identification:_identify(app/core/services) by extensions ['python_setup_py']
[0.487s] Level 1:colcon.colcon_core.package_identification:_identify(app/core/services) by extension 'python_setup_py'
[0.487s] Level 1:colcon.colcon_core.package_identification:_identify(app/core/services/__pycache__) by extensions ['ignore', 'ignore_ament_install']
[0.487s] Level 1:colcon.colcon_core.package_identification:_identify(app/core/services/__pycache__) by extension 'ignore'
[0.487s] Level 1:colcon.colcon_core.package_identification:_identify(app/core/services/__pycache__) by extension 'ignore_ament_install'
[0.487s] Level 1:colcon.colcon_core.package_identification:_identify(app/core/services/__pycache__) by extensions ['colcon_pkg']
[0.487s] Level 1:colcon.colcon_core.package_identification:_identify(app/core/services/__pycache__) by extension 'colcon_pkg'
[0.487s] Level 1:colcon.colcon_core.package_identification:_identify(app/core/services/__pycache__) by extensions ['colcon_meta']
[0.487s] Level 1:colcon.colcon_core.package_identification:_identify(app/core/services/__pycache__) by extension 'colcon_meta'
[0.487s] Level 1:colcon.colcon_core.package_identification:_identify(app/core/services/__pycache__) by extensions ['ros']
[0.487s] Level 1:colcon.colcon_core.package_identification:_identify(app/core/services/__pycache__) by extension 'ros'
[0.487s] Level 1:colcon.colcon_core.package_identification:_identify(app/core/services/__pycache__) by extensions ['cmake', 'python']
[0.487s] Level 1:colcon.colcon_core.package_identification:_identify(app/core/services/__pycache__) by extension 'cmake'
[0.487s] Level 1:colcon.colcon_core.package_identification:_identify(app/core/services/__pycache__) by extension 'python'
[0.488s] Level 1:colcon.colcon_core.package_identification:_identify(app/core/services/__pycache__) by extensions ['python_setup_py']
[0.488s] Level 1:colcon.colcon_core.package_identification:_identify(app/core/services/__pycache__) by extension 'python_setup_py'
[0.488s] Level 1:colcon.colcon_core.package_identification:_identify(app/core/services/llm) by extensions ['ignore', 'ignore_ament_install']
[0.488s] Level 1:colcon.colcon_core.package_identification:_identify(app/core/services/llm) by extension 'ignore'
[0.488s] Level 1:colcon.colcon_core.package_identification:_identify(app/core/services/llm) by extension 'ignore_ament_install'
[0.488s] Level 1:colcon.colcon_core.package_identification:_identify(app/core/services/llm) by extensions ['colcon_pkg']
[0.488s] Level 1:colcon.colcon_core.package_identification:_identify(app/core/services/llm) by extension 'colcon_pkg'
[0.488s] Level 1:colcon.colcon_core.package_identification:_identify(app/core/services/llm) by extensions ['colcon_meta']
[0.488s] Level 1:colcon.colcon_core.package_identification:_identify(app/core/services/llm) by extension 'colcon_meta'
[0.488s] Level 1:colcon.colcon_core.package_identification:_identify(app/core/services/llm) by extensions ['ros']
[0.488s] Level 1:colcon.colcon_core.package_identification:_identify(app/core/services/llm) by extension 'ros'
[0.488s] Level 1:colcon.colcon_core.package_identification:_identify(app/core/services/llm) by extensions ['cmake', 'python']
[0.488s] Level 1:colcon.colcon_core.package_identification:_identify(app/core/services/llm) by extension 'cmake'
[0.488s] Level 1:colcon.colcon_core.package_identification:_identify(app/core/services/llm) by extension 'python'
[0.488s] Level 1:colcon.colcon_core.package_identification:_identify(app/core/services/llm) by extensions ['python_setup_py']
[0.488s] Level 1:colcon.colcon_core.package_identification:_identify(app/core/services/llm) by extension 'python_setup_py'
[0.488s] Level 1:colcon.colcon_core.package_identification:_identify(app/core/services/llm/__pycache__) by extensions ['ignore', 'ignore_ament_install']
[0.488s] Level 1:colcon.colcon_core.package_identification:_identify(app/core/services/llm/__pycache__) by extension 'ignore'
[0.489s] Level 1:colcon.colcon_core.package_identification:_identify(app/core/services/llm/__pycache__) by extension 'ignore_ament_install'
[0.489s] Level 1:colcon.colcon_core.package_identification:_identify(app/core/services/llm/__pycache__) by extensions ['colcon_pkg']
[0.489s] Level 1:colcon.colcon_core.package_identification:_identify(app/core/services/llm/__pycache__) by extension 'colcon_pkg'
[0.489s] Level 1:colcon.colcon_core.package_identification:_identify(app/core/services/llm/__pycache__) by extensions ['colcon_meta']
[0.489s] Level 1:colcon.colcon_core.package_identification:_identify(app/core/services/llm/__pycache__) by extension 'colcon_meta'
[0.489s] Level 1:colcon.colcon_core.package_identification:_identify(app/core/services/llm/__pycache__) by extensions ['ros']
[0.489s] Level 1:colcon.colcon_core.package_identification:_identify(app/core/services/llm/__pycache__) by extension 'ros'
[0.489s] Level 1:colcon.colcon_core.package_identification:_identify(app/core/services/llm/__pycache__) by extensions ['cmake', 'python']
[0.489s] Level 1:colcon.colcon_core.package_identification:_identify(app/core/services/llm/__pycache__) by extension 'cmake'
[0.489s] Level 1:colcon.colcon_core.package_identification:_identify(app/core/services/llm/__pycache__) by extension 'python'
[0.489s] Level 1:colcon.colcon_core.package_identification:_identify(app/core/services/llm/__pycache__) by extensions ['python_setup_py']
[0.489s] Level 1:colcon.colcon_core.package_identification:_identify(app/core/services/llm/__pycache__) by extension 'python_setup_py'
[0.489s] Level 1:colcon.colcon_core.package_identification:_identify(app/core/services/telemetry) by extensions ['ignore', 'ignore_ament_install']
[0.489s] Level 1:colcon.colcon_core.package_identification:_identify(app/core/services/telemetry) by extension 'ignore'
[0.490s] Level 1:colcon.colcon_core.package_identification:_identify(app/core/services/telemetry) by extension 'ignore_ament_install'
[0.490s] Level 1:colcon.colcon_core.package_identification:_identify(app/core/services/telemetry) by extensions ['colcon_pkg']
[0.490s] Level 1:colcon.colcon_core.package_identification:_identify(app/core/services/telemetry) by extension 'colcon_pkg'
[0.490s] Level 1:colcon.colcon_core.package_identification:_identify(app/core/services/telemetry) by extensions ['colcon_meta']
[0.490s] Level 1:colcon.colcon_core.package_identification:_identify(app/core/services/telemetry) by extension 'colcon_meta'
[0.490s] Level 1:colcon.colcon_core.package_identification:_identify(app/core/services/telemetry) by extensions ['ros']
[0.490s] Level 1:colcon.colcon_core.package_identification:_identify(app/core/services/telemetry) by extension 'ros'
[0.490s] Level 1:colcon.colcon_core.package_identification:_identify(app/core/services/telemetry) by extensions ['cmake', 'python']
[0.490s] Level 1:colcon.colcon_core.package_identification:_identify(app/core/services/telemetry) by extension 'cmake'
[0.490s] Level 1:colcon.colcon_core.package_identification:_identify(app/core/services/telemetry) by extension 'python'
[0.490s] Level 1:colcon.colcon_core.package_identification:_identify(app/core/services/telemetry) by extensions ['python_setup_py']
[0.490s] Level 1:colcon.colcon_core.package_identification:_identify(app/core/services/telemetry) by extension 'python_setup_py'
[0.490s] Level 1:colcon.colcon_core.package_identification:_identify(app/core/services/telemetry/__pycache__) by extensions ['ignore', 'ignore_ament_install']
[0.490s] Level 1:colcon.colcon_core.package_identification:_identify(app/core/services/telemetry/__pycache__) by extension 'ignore'
[0.490s] Level 1:colcon.colcon_core.package_identification:_identify(app/core/services/telemetry/__pycache__) by extension 'ignore_ament_install'
[0.490s] Level 1:colcon.colcon_core.package_identification:_identify(app/core/services/telemetry/__pycache__) by extensions ['colcon_pkg']
[0.490s] Level 1:colcon.colcon_core.package_identification:_identify(app/core/services/telemetry/__pycache__) by extension 'colcon_pkg'
[0.491s] Level 1:colcon.colcon_core.package_identification:_identify(app/core/services/telemetry/__pycache__) by extensions ['colcon_meta']
[0.491s] Level 1:colcon.colcon_core.package_identification:_identify(app/core/services/telemetry/__pycache__) by extension 'colcon_meta'
[0.491s] Level 1:colcon.colcon_core.package_identification:_identify(app/core/services/telemetry/__pycache__) by extensions ['ros']
[0.491s] Level 1:colcon.colcon_core.package_identification:_identify(app/core/services/telemetry/__pycache__) by extension 'ros'
[0.491s] Level 1:colcon.colcon_core.package_identification:_identify(app/core/services/telemetry/__pycache__) by extensions ['cmake', 'python']
[0.491s] Level 1:colcon.colcon_core.package_identification:_identify(app/core/services/telemetry/__pycache__) by extension 'cmake'
[0.491s] Level 1:colcon.colcon_core.package_identification:_identify(app/core/services/telemetry/__pycache__) by extension 'python'
[0.491s] Level 1:colcon.colcon_core.package_identification:_identify(app/core/services/telemetry/__pycache__) by extensions ['python_setup_py']
[0.491s] Level 1:colcon.colcon_core.package_identification:_identify(app/core/services/telemetry/__pycache__) by extension 'python_setup_py'
[0.491s] Level 1:colcon.colcon_core.package_identification:_identify(app/frontend) by extensions ['ignore', 'ignore_ament_install']
[0.491s] Level 1:colcon.colcon_core.package_identification:_identify(app/frontend) by extension 'ignore'
[0.491s] Level 1:colcon.colcon_core.package_identification:_identify(app/frontend) by extension 'ignore_ament_install'
[0.491s] Level 1:colcon.colcon_core.package_identification:_identify(app/frontend) by extensions ['colcon_pkg']
[0.491s] Level 1:colcon.colcon_core.package_identification:_identify(app/frontend) by extension 'colcon_pkg'
[0.491s] Level 1:colcon.colcon_core.package_identification:_identify(app/frontend) by extensions ['colcon_meta']
[0.491s] Level 1:colcon.colcon_core.package_identification:_identify(app/frontend) by extension 'colcon_meta'
[0.491s] Level 1:colcon.colcon_core.package_identification:_identify(app/frontend) by extensions ['ros']
[0.491s] Level 1:colcon.colcon_core.package_identification:_identify(app/frontend) by extension 'ros'
[0.491s] Level 1:colcon.colcon_core.package_identification:_identify(app/frontend) by extensions ['cmake', 'python']
[0.491s] Level 1:colcon.colcon_core.package_identification:_identify(app/frontend) by extension 'cmake'
[0.491s] Level 1:colcon.colcon_core.package_identification:_identify(app/frontend) by extension 'python'
[0.491s] Level 1:colcon.colcon_core.package_identification:_identify(app/frontend) by extensions ['python_setup_py']
[0.491s] Level 1:colcon.colcon_core.package_identification:_identify(app/frontend) by extension 'python_setup_py'
[0.491s] Level 1:colcon.colcon_core.package_identification:_identify(app/frontend/public) by extensions ['ignore', 'ignore_ament_install']
[0.492s] Level 1:colcon.colcon_core.package_identification:_identify(app/frontend/public) by extension 'ignore'
[0.492s] Level 1:colcon.colcon_core.package_identification:_identify(app/frontend/public) by extension 'ignore_ament_install'
[0.492s] Level 1:colcon.colcon_core.package_identification:_identify(app/frontend/public) by extensions ['colcon_pkg']
[0.492s] Level 1:colcon.colcon_core.package_identification:_identify(app/frontend/public) by extension 'colcon_pkg'
[0.492s] Level 1:colcon.colcon_core.package_identification:_identify(app/frontend/public) by extensions ['colcon_meta']
[0.492s] Level 1:colcon.colcon_core.package_identification:_identify(app/frontend/public) by extension 'colcon_meta'
[0.492s] Level 1:colcon.colcon_core.package_identification:_identify(app/frontend/public) by extensions ['ros']
[0.492s] Level 1:colcon.colcon_core.package_identification:_identify(app/frontend/public) by extension 'ros'
[0.492s] Level 1:colcon.colcon_core.package_identification:_identify(app/frontend/public) by extensions ['cmake', 'python']
[0.492s] Level 1:colcon.colcon_core.package_identification:_identify(app/frontend/public) by extension 'cmake'
[0.492s] Level 1:colcon.colcon_core.package_identification:_identify(app/frontend/public) by extension 'python'
[0.492s] Level 1:colcon.colcon_core.package_identification:_identify(app/frontend/public) by extensions ['python_setup_py']
[0.492s] Level 1:colcon.colcon_core.package_identification:_identify(app/frontend/public) by extension 'python_setup_py'
[0.492s] Level 1:colcon.colcon_core.package_identification:_identify(app/harness) by extensions ['ignore', 'ignore_ament_install']
[0.492s] Level 1:colcon.colcon_core.package_identification:_identify(app/harness) by extension 'ignore'
[0.492s] Level 1:colcon.colcon_core.package_identification:_identify(app/harness) by extension 'ignore_ament_install'
[0.492s] Level 1:colcon.colcon_core.package_identification:_identify(app/harness) by extensions ['colcon_pkg']
[0.492s] Level 1:colcon.colcon_core.package_identification:_identify(app/harness) by extension 'colcon_pkg'
[0.492s] Level 1:colcon.colcon_core.package_identification:_identify(app/harness) by extensions ['colcon_meta']
[0.492s] Level 1:colcon.colcon_core.package_identification:_identify(app/harness) by extension 'colcon_meta'
[0.492s] Level 1:colcon.colcon_core.package_identification:_identify(app/harness) by extensions ['ros']
[0.492s] Level 1:colcon.colcon_core.package_identification:_identify(app/harness) by extension 'ros'
[0.493s] Level 1:colcon.colcon_core.package_identification:_identify(app/harness) by extensions ['cmake', 'python']
[0.493s] Level 1:colcon.colcon_core.package_identification:_identify(app/harness) by extension 'cmake'
[0.493s] Level 1:colcon.colcon_core.package_identification:_identify(app/harness) by extension 'python'
[0.493s] Level 1:colcon.colcon_core.package_identification:_identify(app/harness) by extensions ['python_setup_py']
[0.493s] Level 1:colcon.colcon_core.package_identification:_identify(app/harness) by extension 'python_setup_py'
[0.493s] Level 1:colcon.colcon_core.package_identification:_identify(app/harness/__pycache__) by extensions ['ignore', 'ignore_ament_install']
[0.493s] Level 1:colcon.colcon_core.package_identification:_identify(app/harness/__pycache__) by extension 'ignore'
[0.493s] Level 1:colcon.colcon_core.package_identification:_identify(app/harness/__pycache__) by extension 'ignore_ament_install'
[0.493s] Level 1:colcon.colcon_core.package_identification:_identify(app/harness/__pycache__) by extensions ['colcon_pkg']
[0.493s] Level 1:colcon.colcon_core.package_identification:_identify(app/harness/__pycache__) by extension 'colcon_pkg'
[0.493s] Level 1:colcon.colcon_core.package_identification:_identify(app/harness/__pycache__) by extensions ['colcon_meta']
[0.493s] Level 1:colcon.colcon_core.package_identification:_identify(app/harness/__pycache__) by extension 'colcon_meta'
[0.493s] Level 1:colcon.colcon_core.package_identification:_identify(app/harness/__pycache__) by extensions ['ros']
[0.493s] Level 1:colcon.colcon_core.package_identification:_identify(app/harness/__pycache__) by extension 'ros'
[0.493s] Level 1:colcon.colcon_core.package_identification:_identify(app/harness/__pycache__) by extensions ['cmake', 'python']
[0.493s] Level 1:colcon.colcon_core.package_identification:_identify(app/harness/__pycache__) by extension 'cmake'
[0.493s] Level 1:colcon.colcon_core.package_identification:_identify(app/harness/__pycache__) by extension 'python'
[0.493s] Level 1:colcon.colcon_core.package_identification:_identify(app/harness/__pycache__) by extensions ['python_setup_py']
[0.494s] Level 1:colcon.colcon_core.package_identification:_identify(app/harness/__pycache__) by extension 'python_setup_py'
[0.494s] Level 1:colcon.colcon_core.package_identification:_identify(app/harness/agent) by extensions ['ignore', 'ignore_ament_install']
[0.494s] Level 1:colcon.colcon_core.package_identification:_identify(app/harness/agent) by extension 'ignore'
[0.494s] Level 1:colcon.colcon_core.package_identification:_identify(app/harness/agent) by extension 'ignore_ament_install'
[0.494s] Level 1:colcon.colcon_core.package_identification:_identify(app/harness/agent) by extensions ['colcon_pkg']
[0.494s] Level 1:colcon.colcon_core.package_identification:_identify(app/harness/agent) by extension 'colcon_pkg'
[0.494s] Level 1:colcon.colcon_core.package_identification:_identify(app/harness/agent) by extensions ['colcon_meta']
[0.494s] Level 1:colcon.colcon_core.package_identification:_identify(app/harness/agent) by extension 'colcon_meta'
[0.494s] Level 1:colcon.colcon_core.package_identification:_identify(app/harness/agent) by extensions ['ros']
[0.494s] Level 1:colcon.colcon_core.package_identification:_identify(app/harness/agent) by extension 'ros'
[0.494s] Level 1:colcon.colcon_core.package_identification:_identify(app/harness/agent) by extensions ['cmake', 'python']
[0.494s] Level 1:colcon.colcon_core.package_identification:_identify(app/harness/agent) by extension 'cmake'
[0.494s] Level 1:colcon.colcon_core.package_identification:_identify(app/harness/agent) by extension 'python'
[0.494s] Level 1:colcon.colcon_core.package_identification:_identify(app/harness/agent) by extensions ['python_setup_py']
[0.494s] Level 1:colcon.colcon_core.package_identification:_identify(app/harness/agent) by extension 'python_setup_py'
[0.494s] Level 1:colcon.colcon_core.package_identification:_identify(app/harness/clients) by extensions ['ignore', 'ignore_ament_install']
[0.494s] Level 1:colcon.colcon_core.package_identification:_identify(app/harness/clients) by extension 'ignore'
[0.494s] Level 1:colcon.colcon_core.package_identification:_identify(app/harness/clients) by extension 'ignore_ament_install'
[0.494s] Level 1:colcon.colcon_core.package_identification:_identify(app/harness/clients) by extensions ['colcon_pkg']
[0.494s] Level 1:colcon.colcon_core.package_identification:_identify(app/harness/clients) by extension 'colcon_pkg'
[0.495s] Level 1:colcon.colcon_core.package_identification:_identify(app/harness/clients) by extensions ['colcon_meta']
[0.495s] Level 1:colcon.colcon_core.package_identification:_identify(app/harness/clients) by extension 'colcon_meta'
[0.495s] Level 1:colcon.colcon_core.package_identification:_identify(app/harness/clients) by extensions ['ros']
[0.495s] Level 1:colcon.colcon_core.package_identification:_identify(app/harness/clients) by extension 'ros'
[0.495s] Level 1:colcon.colcon_core.package_identification:_identify(app/harness/clients) by extensions ['cmake', 'python']
[0.495s] Level 1:colcon.colcon_core.package_identification:_identify(app/harness/clients) by extension 'cmake'
[0.495s] Level 1:colcon.colcon_core.package_identification:_identify(app/harness/clients) by extension 'python'
[0.495s] Level 1:colcon.colcon_core.package_identification:_identify(app/harness/clients) by extensions ['python_setup_py']
[0.495s] Level 1:colcon.colcon_core.package_identification:_identify(app/harness/clients) by extension 'python_setup_py'
[0.495s] Level 1:colcon.colcon_core.package_identification:_identify(app/harness/clients/__pycache__) by extensions ['ignore', 'ignore_ament_install']
[0.495s] Level 1:colcon.colcon_core.package_identification:_identify(app/harness/clients/__pycache__) by extension 'ignore'
[0.495s] Level 1:colcon.colcon_core.package_identification:_identify(app/harness/clients/__pycache__) by extension 'ignore_ament_install'
[0.495s] Level 1:colcon.colcon_core.package_identification:_identify(app/harness/clients/__pycache__) by extensions ['colcon_pkg']
[0.495s] Level 1:colcon.colcon_core.package_identification:_identify(app/harness/clients/__pycache__) by extension 'colcon_pkg'
[0.495s] Level 1:colcon.colcon_core.package_identification:_identify(app/harness/clients/__pycache__) by extensions ['colcon_meta']
[0.495s] Level 1:colcon.colcon_core.package_identification:_identify(app/harness/clients/__pycache__) by extension 'colcon_meta'
[0.496s] Level 1:colcon.colcon_core.package_identification:_identify(app/harness/clients/__pycache__) by extensions ['ros']
[0.496s] Level 1:colcon.colcon_core.package_identification:_identify(app/harness/clients/__pycache__) by extension 'ros'
[0.496s] Level 1:colcon.colcon_core.package_identification:_identify(app/harness/clients/__pycache__) by extensions ['cmake', 'python']
[0.496s] Level 1:colcon.colcon_core.package_identification:_identify(app/harness/clients/__pycache__) by extension 'cmake'
[0.496s] Level 1:colcon.colcon_core.package_identification:_identify(app/harness/clients/__pycache__) by extension 'python'
[0.496s] Level 1:colcon.colcon_core.package_identification:_identify(app/harness/clients/__pycache__) by extensions ['python_setup_py']
[0.496s] Level 1:colcon.colcon_core.package_identification:_identify(app/harness/clients/__pycache__) by extension 'python_setup_py'
[0.496s] Level 1:colcon.colcon_core.package_identification:_identify(app/harness/config) by extensions ['ignore', 'ignore_ament_install']
[0.496s] Level 1:colcon.colcon_core.package_identification:_identify(app/harness/config) by extension 'ignore'
[0.496s] Level 1:colcon.colcon_core.package_identification:_identify(app/harness/config) by extension 'ignore_ament_install'
[0.496s] Level 1:colcon.colcon_core.package_identification:_identify(app/harness/config) by extensions ['colcon_pkg']
[0.496s] Level 1:colcon.colcon_core.package_identification:_identify(app/harness/config) by extension 'colcon_pkg'
[0.496s] Level 1:colcon.colcon_core.package_identification:_identify(app/harness/config) by extensions ['colcon_meta']
[0.496s] Level 1:colcon.colcon_core.package_identification:_identify(app/harness/config) by extension 'colcon_meta'
[0.496s] Level 1:colcon.colcon_core.package_identification:_identify(app/harness/config) by extensions ['ros']
[0.496s] Level 1:colcon.colcon_core.package_identification:_identify(app/harness/config) by extension 'ros'
[0.496s] Level 1:colcon.colcon_core.package_identification:_identify(app/harness/config) by extensions ['cmake', 'python']
[0.496s] Level 1:colcon.colcon_core.package_identification:_identify(app/harness/config) by extension 'cmake'
[0.496s] Level 1:colcon.colcon_core.package_identification:_identify(app/harness/config) by extension 'python'
[0.496s] Level 1:colcon.colcon_core.package_identification:_identify(app/harness/config) by extensions ['python_setup_py']
[0.496s] Level 1:colcon.colcon_core.package_identification:_identify(app/harness/config) by extension 'python_setup_py'
[0.496s] Level 1:colcon.colcon_core.package_identification:_identify(app/harness/config/prompts) by extensions ['ignore', 'ignore_ament_install']
[0.497s] Level 1:colcon.colcon_core.package_identification:_identify(app/harness/config/prompts) by extension 'ignore'
[0.497s] Level 1:colcon.colcon_core.package_identification:_identify(app/harness/config/prompts) by extension 'ignore_ament_install'
[0.497s] Level 1:colcon.colcon_core.package_identification:_identify(app/harness/config/prompts) by extensions ['colcon_pkg']
[0.497s] Level 1:colcon.colcon_core.package_identification:_identify(app/harness/config/prompts) by extension 'colcon_pkg'
[0.497s] Level 1:colcon.colcon_core.package_identification:_identify(app/harness/config/prompts) by extensions ['colcon_meta']
[0.497s] Level 1:colcon.colcon_core.package_identification:_identify(app/harness/config/prompts) by extension 'colcon_meta'
[0.497s] Level 1:colcon.colcon_core.package_identification:_identify(app/harness/config/prompts) by extensions ['ros']
[0.497s] Level 1:colcon.colcon_core.package_identification:_identify(app/harness/config/prompts) by extension 'ros'
[0.497s] Level 1:colcon.colcon_core.package_identification:_identify(app/harness/config/prompts) by extensions ['cmake', 'python']
[0.497s] Level 1:colcon.colcon_core.package_identification:_identify(app/harness/config/prompts) by extension 'cmake'
[0.497s] Level 1:colcon.colcon_core.package_identification:_identify(app/harness/config/prompts) by extension 'python'
[0.497s] Level 1:colcon.colcon_core.package_identification:_identify(app/harness/config/prompts) by extensions ['python_setup_py']
[0.497s] Level 1:colcon.colcon_core.package_identification:_identify(app/harness/config/prompts) by extension 'python_setup_py'
[0.497s] Level 1:colcon.colcon_core.package_identification:_identify(app/harness/domain) by extensions ['ignore', 'ignore_ament_install']
[0.497s] Level 1:colcon.colcon_core.package_identification:_identify(app/harness/domain) by extension 'ignore'
[0.497s] Level 1:colcon.colcon_core.package_identification:_identify(app/harness/domain) by extension 'ignore_ament_install'
[0.497s] Level 1:colcon.colcon_core.package_identification:_identify(app/harness/domain) by extensions ['colcon_pkg']
[0.497s] Level 1:colcon.colcon_core.package_identification:_identify(app/harness/domain) by extension 'colcon_pkg'
[0.497s] Level 1:colcon.colcon_core.package_identification:_identify(app/harness/domain) by extensions ['colcon_meta']
[0.497s] Level 1:colcon.colcon_core.package_identification:_identify(app/harness/domain) by extension 'colcon_meta'
[0.497s] Level 1:colcon.colcon_core.package_identification:_identify(app/harness/domain) by extensions ['ros']
[0.497s] Level 1:colcon.colcon_core.package_identification:_identify(app/harness/domain) by extension 'ros'
[0.497s] Level 1:colcon.colcon_core.package_identification:_identify(app/harness/domain) by extensions ['cmake', 'python']
[0.497s] Level 1:colcon.colcon_core.package_identification:_identify(app/harness/domain) by extension 'cmake'
[0.497s] Level 1:colcon.colcon_core.package_identification:_identify(app/harness/domain) by extension 'python'
[0.497s] Level 1:colcon.colcon_core.package_identification:_identify(app/harness/domain) by extensions ['python_setup_py']
[0.497s] Level 1:colcon.colcon_core.package_identification:_identify(app/harness/domain) by extension 'python_setup_py'
[0.498s] Level 1:colcon.colcon_core.package_identification:_identify(app/harness/entrypoints) by extensions ['ignore', 'ignore_ament_install']
[0.498s] Level 1:colcon.colcon_core.package_identification:_identify(app/harness/entrypoints) by extension 'ignore'
[0.498s] Level 1:colcon.colcon_core.package_identification:_identify(app/harness/entrypoints) by extension 'ignore_ament_install'
[0.498s] Level 1:colcon.colcon_core.package_identification:_identify(app/harness/entrypoints) by extensions ['colcon_pkg']
[0.498s] Level 1:colcon.colcon_core.package_identification:_identify(app/harness/entrypoints) by extension 'colcon_pkg'
[0.498s] Level 1:colcon.colcon_core.package_identification:_identify(app/harness/entrypoints) by extensions ['colcon_meta']
[0.498s] Level 1:colcon.colcon_core.package_identification:_identify(app/harness/entrypoints) by extension 'colcon_meta'
[0.498s] Level 1:colcon.colcon_core.package_identification:_identify(app/harness/entrypoints) by extensions ['ros']
[0.498s] Level 1:colcon.colcon_core.package_identification:_identify(app/harness/entrypoints) by extension 'ros'
[0.498s] Level 1:colcon.colcon_core.package_identification:_identify(app/harness/entrypoints) by extensions ['cmake', 'python']
[0.498s] Level 1:colcon.colcon_core.package_identification:_identify(app/harness/entrypoints) by extension 'cmake'
[0.498s] Level 1:colcon.colcon_core.package_identification:_identify(app/harness/entrypoints) by extension 'python'
[0.498s] Level 1:colcon.colcon_core.package_identification:_identify(app/harness/entrypoints) by extensions ['python_setup_py']
[0.498s] Level 1:colcon.colcon_core.package_identification:_identify(app/harness/entrypoints) by extension 'python_setup_py'
[0.498s] Level 1:colcon.colcon_core.package_identification:_identify(app/harness/graph) by extensions ['ignore', 'ignore_ament_install']
[0.498s] Level 1:colcon.colcon_core.package_identification:_identify(app/harness/graph) by extension 'ignore'
[0.498s] Level 1:colcon.colcon_core.package_identification:_identify(app/harness/graph) by extension 'ignore_ament_install'
[0.498s] Level 1:colcon.colcon_core.package_identification:_identify(app/harness/graph) by extensions ['colcon_pkg']
[0.498s] Level 1:colcon.colcon_core.package_identification:_identify(app/harness/graph) by extension 'colcon_pkg'
[0.498s] Level 1:colcon.colcon_core.package_identification:_identify(app/harness/graph) by extensions ['colcon_meta']
[0.498s] Level 1:colcon.colcon_core.package_identification:_identify(app/harness/graph) by extension 'colcon_meta'
[0.498s] Level 1:colcon.colcon_core.package_identification:_identify(app/harness/graph) by extensions ['ros']
[0.498s] Level 1:colcon.colcon_core.package_identification:_identify(app/harness/graph) by extension 'ros'
[0.499s] Level 1:colcon.colcon_core.package_identification:_identify(app/harness/graph) by extensions ['cmake', 'python']
[0.499s] Level 1:colcon.colcon_core.package_identification:_identify(app/harness/graph) by extension 'cmake'
[0.499s] Level 1:colcon.colcon_core.package_identification:_identify(app/harness/graph) by extension 'python'
[0.499s] Level 1:colcon.colcon_core.package_identification:_identify(app/harness/graph) by extensions ['python_setup_py']
[0.499s] Level 1:colcon.colcon_core.package_identification:_identify(app/harness/graph) by extension 'python_setup_py'
[0.499s] Level 1:colcon.colcon_core.package_identification:_identify(app/harness/graph/__pycache__) by extensions ['ignore', 'ignore_ament_install']
[0.499s] Level 1:colcon.colcon_core.package_identification:_identify(app/harness/graph/__pycache__) by extension 'ignore'
[0.499s] Level 1:colcon.colcon_core.package_identification:_identify(app/harness/graph/__pycache__) by extension 'ignore_ament_install'
[0.499s] Level 1:colcon.colcon_core.package_identification:_identify(app/harness/graph/__pycache__) by extensions ['colcon_pkg']
[0.499s] Level 1:colcon.colcon_core.package_identification:_identify(app/harness/graph/__pycache__) by extension 'colcon_pkg'
[0.499s] Level 1:colcon.colcon_core.package_identification:_identify(app/harness/graph/__pycache__) by extensions ['colcon_meta']
[0.499s] Level 1:colcon.colcon_core.package_identification:_identify(app/harness/graph/__pycache__) by extension 'colcon_meta'
[0.499s] Level 1:colcon.colcon_core.package_identification:_identify(app/harness/graph/__pycache__) by extensions ['ros']
[0.499s] Level 1:colcon.colcon_core.package_identification:_identify(app/harness/graph/__pycache__) by extension 'ros'
[0.499s] Level 1:colcon.colcon_core.package_identification:_identify(app/harness/graph/__pycache__) by extensions ['cmake', 'python']
[0.499s] Level 1:colcon.colcon_core.package_identification:_identify(app/harness/graph/__pycache__) by extension 'cmake'
[0.499s] Level 1:colcon.colcon_core.package_identification:_identify(app/harness/graph/__pycache__) by extension 'python'
[0.499s] Level 1:colcon.colcon_core.package_identification:_identify(app/harness/graph/__pycache__) by extensions ['python_setup_py']
[0.499s] Level 1:colcon.colcon_core.package_identification:_identify(app/harness/graph/__pycache__) by extension 'python_setup_py'
[0.499s] Level 1:colcon.colcon_core.package_identification:_identify(app/harness/nodes) by extensions ['ignore', 'ignore_ament_install']
[0.499s] Level 1:colcon.colcon_core.package_identification:_identify(app/harness/nodes) by extension 'ignore'
[0.499s] Level 1:colcon.colcon_core.package_identification:_identify(app/harness/nodes) by extension 'ignore_ament_install'
[0.500s] Level 1:colcon.colcon_core.package_identification:_identify(app/harness/nodes) by extensions ['colcon_pkg']
[0.500s] Level 1:colcon.colcon_core.package_identification:_identify(app/harness/nodes) by extension 'colcon_pkg'
[0.500s] Level 1:colcon.colcon_core.package_identification:_identify(app/harness/nodes) by extensions ['colcon_meta']
[0.500s] Level 1:colcon.colcon_core.package_identification:_identify(app/harness/nodes) by extension 'colcon_meta'
[0.500s] Level 1:colcon.colcon_core.package_identification:_identify(app/harness/nodes) by extensions ['ros']
[0.500s] Level 1:colcon.colcon_core.package_identification:_identify(app/harness/nodes) by extension 'ros'
[0.500s] Level 1:colcon.colcon_core.package_identification:_identify(app/harness/nodes) by extensions ['cmake', 'python']
[0.500s] Level 1:colcon.colcon_core.package_identification:_identify(app/harness/nodes) by extension 'cmake'
[0.500s] Level 1:colcon.colcon_core.package_identification:_identify(app/harness/nodes) by extension 'python'
[0.500s] Level 1:colcon.colcon_core.package_identification:_identify(app/harness/nodes) by extensions ['python_setup_py']
[0.500s] Level 1:colcon.colcon_core.package_identification:_identify(app/harness/nodes) by extension 'python_setup_py'
[0.500s] Level 1:colcon.colcon_core.package_identification:_identify(app/harness/nodes/__pycache__) by extensions ['ignore', 'ignore_ament_install']
[0.500s] Level 1:colcon.colcon_core.package_identification:_identify(app/harness/nodes/__pycache__) by extension 'ignore'
[0.500s] Level 1:colcon.colcon_core.package_identification:_identify(app/harness/nodes/__pycache__) by extension 'ignore_ament_install'
[0.500s] Level 1:colcon.colcon_core.package_identification:_identify(app/harness/nodes/__pycache__) by extensions ['colcon_pkg']
[0.500s] Level 1:colcon.colcon_core.package_identification:_identify(app/harness/nodes/__pycache__) by extension 'colcon_pkg'
[0.500s] Level 1:colcon.colcon_core.package_identification:_identify(app/harness/nodes/__pycache__) by extensions ['colcon_meta']
[0.500s] Level 1:colcon.colcon_core.package_identification:_identify(app/harness/nodes/__pycache__) by extension 'colcon_meta'
[0.500s] Level 1:colcon.colcon_core.package_identification:_identify(app/harness/nodes/__pycache__) by extensions ['ros']
[0.500s] Level 1:colcon.colcon_core.package_identification:_identify(app/harness/nodes/__pycache__) by extension 'ros'
[0.500s] Level 1:colcon.colcon_core.package_identification:_identify(app/harness/nodes/__pycache__) by extensions ['cmake', 'python']
[0.500s] Level 1:colcon.colcon_core.package_identification:_identify(app/harness/nodes/__pycache__) by extension 'cmake'
[0.500s] Level 1:colcon.colcon_core.package_identification:_identify(app/harness/nodes/__pycache__) by extension 'python'
[0.500s] Level 1:colcon.colcon_core.package_identification:_identify(app/harness/nodes/__pycache__) by extensions ['python_setup_py']
[0.500s] Level 1:colcon.colcon_core.package_identification:_identify(app/harness/nodes/__pycache__) by extension 'python_setup_py'
[0.500s] Level 1:colcon.colcon_core.package_identification:_identify(app/harness/observability) by extensions ['ignore', 'ignore_ament_install']
[0.501s] Level 1:colcon.colcon_core.package_identification:_identify(app/harness/observability) by extension 'ignore'
[0.501s] Level 1:colcon.colcon_core.package_identification:_identify(app/harness/observability) by extension 'ignore_ament_install'
[0.501s] Level 1:colcon.colcon_core.package_identification:_identify(app/harness/observability) by extensions ['colcon_pkg']
[0.501s] Level 1:colcon.colcon_core.package_identification:_identify(app/harness/observability) by extension 'colcon_pkg'
[0.501s] Level 1:colcon.colcon_core.package_identification:_identify(app/harness/observability) by extensions ['colcon_meta']
[0.501s] Level 1:colcon.colcon_core.package_identification:_identify(app/harness/observability) by extension 'colcon_meta'
[0.501s] Level 1:colcon.colcon_core.package_identification:_identify(app/harness/observability) by extensions ['ros']
[0.501s] Level 1:colcon.colcon_core.package_identification:_identify(app/harness/observability) by extension 'ros'
[0.501s] Level 1:colcon.colcon_core.package_identification:_identify(app/harness/observability) by extensions ['cmake', 'python']
[0.501s] Level 1:colcon.colcon_core.package_identification:_identify(app/harness/observability) by extension 'cmake'
[0.501s] Level 1:colcon.colcon_core.package_identification:_identify(app/harness/observability) by extension 'python'
[0.501s] Level 1:colcon.colcon_core.package_identification:_identify(app/harness/observability) by extensions ['python_setup_py']
[0.501s] Level 1:colcon.colcon_core.package_identification:_identify(app/harness/observability) by extension 'python_setup_py'
[0.501s] Level 1:colcon.colcon_core.package_identification:_identify(app/harness/prompts) by extensions ['ignore', 'ignore_ament_install']
[0.501s] Level 1:colcon.colcon_core.package_identification:_identify(app/harness/prompts) by extension 'ignore'
[0.501s] Level 1:colcon.colcon_core.package_identification:_identify(app/harness/prompts) by extension 'ignore_ament_install'
[0.501s] Level 1:colcon.colcon_core.package_identification:_identify(app/harness/prompts) by extensions ['colcon_pkg']
[0.501s] Level 1:colcon.colcon_core.package_identification:_identify(app/harness/prompts) by extension 'colcon_pkg'
[0.501s] Level 1:colcon.colcon_core.package_identification:_identify(app/harness/prompts) by extensions ['colcon_meta']
[0.502s] Level 1:colcon.colcon_core.package_identification:_identify(app/harness/prompts) by extension 'colcon_meta'
[0.502s] Level 1:colcon.colcon_core.package_identification:_identify(app/harness/prompts) by extensions ['ros']
[0.502s] Level 1:colcon.colcon_core.package_identification:_identify(app/harness/prompts) by extension 'ros'
[0.502s] Level 1:colcon.colcon_core.package_identification:_identify(app/harness/prompts) by extensions ['cmake', 'python']
[0.502s] Level 1:colcon.colcon_core.package_identification:_identify(app/harness/prompts) by extension 'cmake'
[0.502s] Level 1:colcon.colcon_core.package_identification:_identify(app/harness/prompts) by extension 'python'
[0.502s] Level 1:colcon.colcon_core.package_identification:_identify(app/harness/prompts) by extensions ['python_setup_py']
[0.502s] Level 1:colcon.colcon_core.package_identification:_identify(app/harness/prompts) by extension 'python_setup_py'
[0.502s] Level 1:colcon.colcon_core.package_identification:_identify(app/harness/prompts/__pycache__) by extensions ['ignore', 'ignore_ament_install']
[0.502s] Level 1:colcon.colcon_core.package_identification:_identify(app/harness/prompts/__pycache__) by extension 'ignore'
[0.502s] Level 1:colcon.colcon_core.package_identification:_identify(app/harness/prompts/__pycache__) by extension 'ignore_ament_install'
[0.502s] Level 1:colcon.colcon_core.package_identification:_identify(app/harness/prompts/__pycache__) by extensions ['colcon_pkg']
[0.502s] Level 1:colcon.colcon_core.package_identification:_identify(app/harness/prompts/__pycache__) by extension 'colcon_pkg'
[0.502s] Level 1:colcon.colcon_core.package_identification:_identify(app/harness/prompts/__pycache__) by extensions ['colcon_meta']
[0.502s] Level 1:colcon.colcon_core.package_identification:_identify(app/harness/prompts/__pycache__) by extension 'colcon_meta'
[0.502s] Level 1:colcon.colcon_core.package_identification:_identify(app/harness/prompts/__pycache__) by extensions ['ros']
[0.502s] Level 1:colcon.colcon_core.package_identification:_identify(app/harness/prompts/__pycache__) by extension 'ros'
[0.502s] Level 1:colcon.colcon_core.package_identification:_identify(app/harness/prompts/__pycache__) by extensions ['cmake', 'python']
[0.502s] Level 1:colcon.colcon_core.package_identification:_identify(app/harness/prompts/__pycache__) by extension 'cmake'
[0.503s] Level 1:colcon.colcon_core.package_identification:_identify(app/harness/prompts/__pycache__) by extension 'python'
[0.503s] Level 1:colcon.colcon_core.package_identification:_identify(app/harness/prompts/__pycache__) by extensions ['python_setup_py']
[0.503s] Level 1:colcon.colcon_core.package_identification:_identify(app/harness/prompts/__pycache__) by extension 'python_setup_py'
[0.503s] Level 1:colcon.colcon_core.package_identification:_identify(app/harness/schemas) by extensions ['ignore', 'ignore_ament_install']
[0.503s] Level 1:colcon.colcon_core.package_identification:_identify(app/harness/schemas) by extension 'ignore'
[0.503s] Level 1:colcon.colcon_core.package_identification:_identify(app/harness/schemas) by extension 'ignore_ament_install'
[0.503s] Level 1:colcon.colcon_core.package_identification:_identify(app/harness/schemas) by extensions ['colcon_pkg']
[0.503s] Level 1:colcon.colcon_core.package_identification:_identify(app/harness/schemas) by extension 'colcon_pkg'
[0.503s] Level 1:colcon.colcon_core.package_identification:_identify(app/harness/schemas) by extensions ['colcon_meta']
[0.503s] Level 1:colcon.colcon_core.package_identification:_identify(app/harness/schemas) by extension 'colcon_meta'
[0.503s] Level 1:colcon.colcon_core.package_identification:_identify(app/harness/schemas) by extensions ['ros']
[0.503s] Level 1:colcon.colcon_core.package_identification:_identify(app/harness/schemas) by extension 'ros'
[0.503s] Level 1:colcon.colcon_core.package_identification:_identify(app/harness/schemas) by extensions ['cmake', 'python']
[0.503s] Level 1:colcon.colcon_core.package_identification:_identify(app/harness/schemas) by extension 'cmake'
[0.503s] Level 1:colcon.colcon_core.package_identification:_identify(app/harness/schemas) by extension 'python'
[0.503s] Level 1:colcon.colcon_core.package_identification:_identify(app/harness/schemas) by extensions ['python_setup_py']
[0.503s] Level 1:colcon.colcon_core.package_identification:_identify(app/harness/schemas) by extension 'python_setup_py'
[0.503s] Level 1:colcon.colcon_core.package_identification:_identify(app/harness/schemas/__pycache__) by extensions ['ignore', 'ignore_ament_install']
[0.503s] Level 1:colcon.colcon_core.package_identification:_identify(app/harness/schemas/__pycache__) by extension 'ignore'
[0.503s] Level 1:colcon.colcon_core.package_identification:_identify(app/harness/schemas/__pycache__) by extension 'ignore_ament_install'
[0.503s] Level 1:colcon.colcon_core.package_identification:_identify(app/harness/schemas/__pycache__) by extensions ['colcon_pkg']
[0.504s] Level 1:colcon.colcon_core.package_identification:_identify(app/harness/schemas/__pycache__) by extension 'colcon_pkg'
[0.504s] Level 1:colcon.colcon_core.package_identification:_identify(app/harness/schemas/__pycache__) by extensions ['colcon_meta']
[0.504s] Level 1:colcon.colcon_core.package_identification:_identify(app/harness/schemas/__pycache__) by extension 'colcon_meta'
[0.504s] Level 1:colcon.colcon_core.package_identification:_identify(app/harness/schemas/__pycache__) by extensions ['ros']
[0.504s] Level 1:colcon.colcon_core.package_identification:_identify(app/harness/schemas/__pycache__) by extension 'ros'
[0.504s] Level 1:colcon.colcon_core.package_identification:_identify(app/harness/schemas/__pycache__) by extensions ['cmake', 'python']
[0.504s] Level 1:colcon.colcon_core.package_identification:_identify(app/harness/schemas/__pycache__) by extension 'cmake'
[0.504s] Level 1:colcon.colcon_core.package_identification:_identify(app/harness/schemas/__pycache__) by extension 'python'
[0.504s] Level 1:colcon.colcon_core.package_identification:_identify(app/harness/schemas/__pycache__) by extensions ['python_setup_py']
[0.504s] Level 1:colcon.colcon_core.package_identification:_identify(app/harness/schemas/__pycache__) by extension 'python_setup_py'
[0.504s] Level 1:colcon.colcon_core.package_identification:_identify(app/harness/subgraphs) by extensions ['ignore', 'ignore_ament_install']
[0.504s] Level 1:colcon.colcon_core.package_identification:_identify(app/harness/subgraphs) by extension 'ignore'
[0.504s] Level 1:colcon.colcon_core.package_identification:_identify(app/harness/subgraphs) by extension 'ignore_ament_install'
[0.504s] Level 1:colcon.colcon_core.package_identification:_identify(app/harness/subgraphs) by extensions ['colcon_pkg']
[0.504s] Level 1:colcon.colcon_core.package_identification:_identify(app/harness/subgraphs) by extension 'colcon_pkg'
[0.504s] Level 1:colcon.colcon_core.package_identification:_identify(app/harness/subgraphs) by extensions ['colcon_meta']
[0.504s] Level 1:colcon.colcon_core.package_identification:_identify(app/harness/subgraphs) by extension 'colcon_meta'
[0.504s] Level 1:colcon.colcon_core.package_identification:_identify(app/harness/subgraphs) by extensions ['ros']
[0.504s] Level 1:colcon.colcon_core.package_identification:_identify(app/harness/subgraphs) by extension 'ros'
[0.504s] Level 1:colcon.colcon_core.package_identification:_identify(app/harness/subgraphs) by extensions ['cmake', 'python']
[0.504s] Level 1:colcon.colcon_core.package_identification:_identify(app/harness/subgraphs) by extension 'cmake'
[0.504s] Level 1:colcon.colcon_core.package_identification:_identify(app/harness/subgraphs) by extension 'python'
[0.504s] Level 1:colcon.colcon_core.package_identification:_identify(app/harness/subgraphs) by extensions ['python_setup_py']
[0.504s] Level 1:colcon.colcon_core.package_identification:_identify(app/harness/subgraphs) by extension 'python_setup_py'
[0.504s] Level 1:colcon.colcon_core.package_identification:_identify(app/harness/subgraphs/__pycache__) by extensions ['ignore', 'ignore_ament_install']
[0.504s] Level 1:colcon.colcon_core.package_identification:_identify(app/harness/subgraphs/__pycache__) by extension 'ignore'
[0.505s] Level 1:colcon.colcon_core.package_identification:_identify(app/harness/subgraphs/__pycache__) by extension 'ignore_ament_install'
[0.505s] Level 1:colcon.colcon_core.package_identification:_identify(app/harness/subgraphs/__pycache__) by extensions ['colcon_pkg']
[0.505s] Level 1:colcon.colcon_core.package_identification:_identify(app/harness/subgraphs/__pycache__) by extension 'colcon_pkg'
[0.505s] Level 1:colcon.colcon_core.package_identification:_identify(app/harness/subgraphs/__pycache__) by extensions ['colcon_meta']
[0.505s] Level 1:colcon.colcon_core.package_identification:_identify(app/harness/subgraphs/__pycache__) by extension 'colcon_meta'
[0.505s] Level 1:colcon.colcon_core.package_identification:_identify(app/harness/subgraphs/__pycache__) by extensions ['ros']
[0.505s] Level 1:colcon.colcon_core.package_identification:_identify(app/harness/subgraphs/__pycache__) by extension 'ros'
[0.505s] Level 1:colcon.colcon_core.package_identification:_identify(app/harness/subgraphs/__pycache__) by extensions ['cmake', 'python']
[0.505s] Level 1:colcon.colcon_core.package_identification:_identify(app/harness/subgraphs/__pycache__) by extension 'cmake'
[0.505s] Level 1:colcon.colcon_core.package_identification:_identify(app/harness/subgraphs/__pycache__) by extension 'python'
[0.505s] Level 1:colcon.colcon_core.package_identification:_identify(app/harness/subgraphs/__pycache__) by extensions ['python_setup_py']
[0.505s] Level 1:colcon.colcon_core.package_identification:_identify(app/harness/subgraphs/__pycache__) by extension 'python_setup_py'
[0.505s] Level 1:colcon.colcon_core.package_identification:_identify(app/harness/test) by extensions ['ignore', 'ignore_ament_install']
[0.505s] Level 1:colcon.colcon_core.package_identification:_identify(app/harness/test) by extension 'ignore'
[0.505s] Level 1:colcon.colcon_core.package_identification:_identify(app/harness/test) by extension 'ignore_ament_install'
[0.505s] Level 1:colcon.colcon_core.package_identification:_identify(app/harness/test) by extensions ['colcon_pkg']
[0.505s] Level 1:colcon.colcon_core.package_identification:_identify(app/harness/test) by extension 'colcon_pkg'
[0.505s] Level 1:colcon.colcon_core.package_identification:_identify(app/harness/test) by extensions ['colcon_meta']
[0.505s] Level 1:colcon.colcon_core.package_identification:_identify(app/harness/test) by extension 'colcon_meta'
[0.505s] Level 1:colcon.colcon_core.package_identification:_identify(app/harness/test) by extensions ['ros']
[0.505s] Level 1:colcon.colcon_core.package_identification:_identify(app/harness/test) by extension 'ros'
[0.506s] Level 1:colcon.colcon_core.package_identification:_identify(app/harness/test) by extensions ['cmake', 'python']
[0.506s] Level 1:colcon.colcon_core.package_identification:_identify(app/harness/test) by extension 'cmake'
[0.506s] Level 1:colcon.colcon_core.package_identification:_identify(app/harness/test) by extension 'python'
[0.506s] Level 1:colcon.colcon_core.package_identification:_identify(app/harness/test) by extensions ['python_setup_py']
[0.506s] Level 1:colcon.colcon_core.package_identification:_identify(app/harness/test) by extension 'python_setup_py'
[0.506s] Level 1:colcon.colcon_core.package_identification:_identify(app/harness/test/images) by extensions ['ignore', 'ignore_ament_install']
[0.506s] Level 1:colcon.colcon_core.package_identification:_identify(app/harness/test/images) by extension 'ignore'
[0.506s] Level 1:colcon.colcon_core.package_identification:_identify(app/harness/test/images) by extension 'ignore_ament_install'
[0.506s] Level 1:colcon.colcon_core.package_identification:_identify(app/harness/test/images) by extensions ['colcon_pkg']
[0.506s] Level 1:colcon.colcon_core.package_identification:_identify(app/harness/test/images) by extension 'colcon_pkg'
[0.506s] Level 1:colcon.colcon_core.package_identification:_identify(app/harness/test/images) by extensions ['colcon_meta']
[0.506s] Level 1:colcon.colcon_core.package_identification:_identify(app/harness/test/images) by extension 'colcon_meta'
[0.506s] Level 1:colcon.colcon_core.package_identification:_identify(app/harness/test/images) by extensions ['ros']
[0.506s] Level 1:colcon.colcon_core.package_identification:_identify(app/harness/test/images) by extension 'ros'
[0.506s] Level 1:colcon.colcon_core.package_identification:_identify(app/harness/test/images) by extensions ['cmake', 'python']
[0.506s] Level 1:colcon.colcon_core.package_identification:_identify(app/harness/test/images) by extension 'cmake'
[0.506s] Level 1:colcon.colcon_core.package_identification:_identify(app/harness/test/images) by extension 'python'
[0.506s] Level 1:colcon.colcon_core.package_identification:_identify(app/harness/test/images) by extensions ['python_setup_py']
[0.506s] Level 1:colcon.colcon_core.package_identification:_identify(app/harness/test/images) by extension 'python_setup_py'
[0.507s] Level 1:colcon.colcon_core.package_identification:_identify(app/harness/tools) by extensions ['ignore', 'ignore_ament_install']
[0.507s] Level 1:colcon.colcon_core.package_identification:_identify(app/harness/tools) by extension 'ignore'
[0.507s] Level 1:colcon.colcon_core.package_identification:_identify(app/harness/tools) by extension 'ignore_ament_install'
[0.507s] Level 1:colcon.colcon_core.package_identification:_identify(app/harness/tools) by extensions ['colcon_pkg']
[0.507s] Level 1:colcon.colcon_core.package_identification:_identify(app/harness/tools) by extension 'colcon_pkg'
[0.507s] Level 1:colcon.colcon_core.package_identification:_identify(app/harness/tools) by extensions ['colcon_meta']
[0.507s] Level 1:colcon.colcon_core.package_identification:_identify(app/harness/tools) by extension 'colcon_meta'
[0.507s] Level 1:colcon.colcon_core.package_identification:_identify(app/harness/tools) by extensions ['ros']
[0.507s] Level 1:colcon.colcon_core.package_identification:_identify(app/harness/tools) by extension 'ros'
[0.507s] Level 1:colcon.colcon_core.package_identification:_identify(app/harness/tools) by extensions ['cmake', 'python']
[0.507s] Level 1:colcon.colcon_core.package_identification:_identify(app/harness/tools) by extension 'cmake'
[0.507s] Level 1:colcon.colcon_core.package_identification:_identify(app/harness/tools) by extension 'python'
[0.507s] Level 1:colcon.colcon_core.package_identification:_identify(app/harness/tools) by extensions ['python_setup_py']
[0.507s] Level 1:colcon.colcon_core.package_identification:_identify(app/harness/tools) by extension 'python_setup_py'
[0.507s] Level 1:colcon.colcon_core.package_identification:_identify(app/harness/tools/__pycache__) by extensions ['ignore', 'ignore_ament_install']
[0.507s] Level 1:colcon.colcon_core.package_identification:_identify(app/harness/tools/__pycache__) by extension 'ignore'
[0.507s] Level 1:colcon.colcon_core.package_identification:_identify(app/harness/tools/__pycache__) by extension 'ignore_ament_install'
[0.507s] Level 1:colcon.colcon_core.package_identification:_identify(app/harness/tools/__pycache__) by extensions ['colcon_pkg']
[0.507s] Level 1:colcon.colcon_core.package_identification:_identify(app/harness/tools/__pycache__) by extension 'colcon_pkg'
[0.507s] Level 1:colcon.colcon_core.package_identification:_identify(app/harness/tools/__pycache__) by extensions ['colcon_meta']
[0.507s] Level 1:colcon.colcon_core.package_identification:_identify(app/harness/tools/__pycache__) by extension 'colcon_meta'
[0.508s] Level 1:colcon.colcon_core.package_identification:_identify(app/harness/tools/__pycache__) by extensions ['ros']
[0.508s] Level 1:colcon.colcon_core.package_identification:_identify(app/harness/tools/__pycache__) by extension 'ros'
[0.508s] Level 1:colcon.colcon_core.package_identification:_identify(app/harness/tools/__pycache__) by extensions ['cmake', 'python']
[0.508s] Level 1:colcon.colcon_core.package_identification:_identify(app/harness/tools/__pycache__) by extension 'cmake'
[0.508s] Level 1:colcon.colcon_core.package_identification:_identify(app/harness/tools/__pycache__) by extension 'python'
[0.508s] Level 1:colcon.colcon_core.package_identification:_identify(app/harness/tools/__pycache__) by extensions ['python_setup_py']
[0.508s] Level 1:colcon.colcon_core.package_identification:_identify(app/harness/tools/__pycache__) by extension 'python_setup_py'
[0.508s] Level 1:colcon.colcon_core.package_identification:_identify(build) by extensions ['ignore', 'ignore_ament_install']
[0.508s] Level 1:colcon.colcon_core.package_identification:_identify(build) by extension 'ignore'
[0.508s] Level 1:colcon.colcon_core.package_identification:_identify(build) ignored
[0.508s] Level 1:colcon.colcon_core.package_identification:_identify(docker) by extensions ['ignore', 'ignore_ament_install']
[0.508s] Level 1:colcon.colcon_core.package_identification:_identify(docker) by extension 'ignore'
[0.508s] Level 1:colcon.colcon_core.package_identification:_identify(docker) by extension 'ignore_ament_install'
[0.508s] Level 1:colcon.colcon_core.package_identification:_identify(docker) by extensions ['colcon_pkg']
[0.508s] Level 1:colcon.colcon_core.package_identification:_identify(docker) by extension 'colcon_pkg'
[0.508s] Level 1:colcon.colcon_core.package_identification:_identify(docker) by extensions ['colcon_meta']
[0.508s] Level 1:colcon.colcon_core.package_identification:_identify(docker) by extension 'colcon_meta'
[0.508s] Level 1:colcon.colcon_core.package_identification:_identify(docker) by extensions ['ros']
[0.508s] Level 1:colcon.colcon_core.package_identification:_identify(docker) by extension 'ros'
[0.509s] Level 1:colcon.colcon_core.package_identification:_identify(docker) by extensions ['cmake', 'python']
[0.509s] Level 1:colcon.colcon_core.package_identification:_identify(docker) by extension 'cmake'
[0.509s] Level 1:colcon.colcon_core.package_identification:_identify(docker) by extension 'python'
[0.509s] Level 1:colcon.colcon_core.package_identification:_identify(docker) by extensions ['python_setup_py']
[0.509s] Level 1:colcon.colcon_core.package_identification:_identify(docker) by extension 'python_setup_py'
[0.509s] Level 1:colcon.colcon_core.package_identification:_identify(docs) by extensions ['ignore', 'ignore_ament_install']
[0.509s] Level 1:colcon.colcon_core.package_identification:_identify(docs) by extension 'ignore'
[0.509s] Level 1:colcon.colcon_core.package_identification:_identify(docs) by extension 'ignore_ament_install'
[0.509s] Level 1:colcon.colcon_core.package_identification:_identify(docs) by extensions ['colcon_pkg']
[0.509s] Level 1:colcon.colcon_core.package_identification:_identify(docs) by extension 'colcon_pkg'
[0.509s] Level 1:colcon.colcon_core.package_identification:_identify(docs) by extensions ['colcon_meta']
[0.509s] Level 1:colcon.colcon_core.package_identification:_identify(docs) by extension 'colcon_meta'
[0.509s] Level 1:colcon.colcon_core.package_identification:_identify(docs) by extensions ['ros']
[0.509s] Level 1:colcon.colcon_core.package_identification:_identify(docs) by extension 'ros'
[0.509s] Level 1:colcon.colcon_core.package_identification:_identify(docs) by extensions ['cmake', 'python']
[0.509s] Level 1:colcon.colcon_core.package_identification:_identify(docs) by extension 'cmake'
[0.509s] Level 1:colcon.colcon_core.package_identification:_identify(docs) by extension 'python'
[0.509s] Level 1:colcon.colcon_core.package_identification:_identify(docs) by extensions ['python_setup_py']
[0.509s] Level 1:colcon.colcon_core.package_identification:_identify(docs) by extension 'python_setup_py'
[0.509s] Level 1:colcon.colcon_core.package_identification:_identify(install) by extensions ['ignore', 'ignore_ament_install']
[0.510s] Level 1:colcon.colcon_core.package_identification:_identify(install) by extension 'ignore'
[0.510s] Level 1:colcon.colcon_core.package_identification:_identify(install) ignored
[0.510s] Level 1:colcon.colcon_core.package_identification:_identify(log) by extensions ['ignore', 'ignore_ament_install']
[0.510s] Level 1:colcon.colcon_core.package_identification:_identify(log) by extension 'ignore'
[0.510s] Level 1:colcon.colcon_core.package_identification:_identify(log) ignored
[0.510s] Level 1:colcon.colcon_core.package_identification:_identify(rl_navibot.egg-info) by extensions ['ignore', 'ignore_ament_install']
[0.510s] Level 1:colcon.colcon_core.package_identification:_identify(rl_navibot.egg-info) by extension 'ignore'
[0.510s] Level 1:colcon.colcon_core.package_identification:_identify(rl_navibot.egg-info) by extension 'ignore_ament_install'
[0.510s] Level 1:colcon.colcon_core.package_identification:_identify(rl_navibot.egg-info) by extensions ['colcon_pkg']
[0.510s] Level 1:colcon.colcon_core.package_identification:_identify(rl_navibot.egg-info) by extension 'colcon_pkg'
[0.510s] Level 1:colcon.colcon_core.package_identification:_identify(rl_navibot.egg-info) by extensions ['colcon_meta']
[0.510s] Level 1:colcon.colcon_core.package_identification:_identify(rl_navibot.egg-info) by extension 'colcon_meta'
[0.510s] Level 1:colcon.colcon_core.package_identification:_identify(rl_navibot.egg-info) by extensions ['ros']
[0.511s] Level 1:colcon.colcon_core.package_identification:_identify(rl_navibot.egg-info) by extension 'ros'
[0.511s] Level 1:colcon.colcon_core.package_identification:_identify(rl_navibot.egg-info) by extensions ['cmake', 'python']
[0.511s] Level 1:colcon.colcon_core.package_identification:_identify(rl_navibot.egg-info) by extension 'cmake'
[0.511s] Level 1:colcon.colcon_core.package_identification:_identify(rl_navibot.egg-info) by extension 'python'
[0.511s] Level 1:colcon.colcon_core.package_identification:_identify(rl_navibot.egg-info) by extensions ['python_setup_py']
[0.511s] Level 1:colcon.colcon_core.package_identification:_identify(rl_navibot.egg-info) by extension 'python_setup_py'
[0.511s] Level 1:colcon.colcon_core.package_identification:_identify(scripts) by extensions ['ignore', 'ignore_ament_install']
[0.511s] Level 1:colcon.colcon_core.package_identification:_identify(scripts) by extension 'ignore'
[0.511s] Level 1:colcon.colcon_core.package_identification:_identify(scripts) by extension 'ignore_ament_install'
[0.511s] Level 1:colcon.colcon_core.package_identification:_identify(scripts) by extensions ['colcon_pkg']
[0.511s] Level 1:colcon.colcon_core.package_identification:_identify(scripts) by extension 'colcon_pkg'
[0.511s] Level 1:colcon.colcon_core.package_identification:_identify(scripts) by extensions ['colcon_meta']
[0.511s] Level 1:colcon.colcon_core.package_identification:_identify(scripts) by extension 'colcon_meta'
[0.511s] Level 1:colcon.colcon_core.package_identification:_identify(scripts) by extensions ['ros']
[0.511s] Level 1:colcon.colcon_core.package_identification:_identify(scripts) by extension 'ros'
[0.511s] Level 1:colcon.colcon_core.package_identification:_identify(scripts) by extensions ['cmake', 'python']
[0.512s] Level 1:colcon.colcon_core.package_identification:_identify(scripts) by extension 'cmake'
[0.512s] Level 1:colcon.colcon_core.package_identification:_identify(scripts) by extension 'python'
[0.512s] Level 1:colcon.colcon_core.package_identification:_identify(scripts) by extensions ['python_setup_py']
[0.512s] Level 1:colcon.colcon_core.package_identification:_identify(scripts) by extension 'python_setup_py'
[0.512s] Level 1:colcon.colcon_core.package_identification:_identify(src) by extensions ['ignore', 'ignore_ament_install']
[0.512s] Level 1:colcon.colcon_core.package_identification:_identify(src) by extension 'ignore'
[0.512s] Level 1:colcon.colcon_core.package_identification:_identify(src) by extension 'ignore_ament_install'
[0.512s] Level 1:colcon.colcon_core.package_identification:_identify(src) by extensions ['colcon_pkg']
[0.512s] Level 1:colcon.colcon_core.package_identification:_identify(src) by extension 'colcon_pkg'
[0.512s] Level 1:colcon.colcon_core.package_identification:_identify(src) by extensions ['colcon_meta']
[0.512s] Level 1:colcon.colcon_core.package_identification:_identify(src) by extension 'colcon_meta'
[0.512s] Level 1:colcon.colcon_core.package_identification:_identify(src) by extensions ['ros']
[0.512s] Level 1:colcon.colcon_core.package_identification:_identify(src) by extension 'ros'
[0.512s] Level 1:colcon.colcon_core.package_identification:_identify(src) by extensions ['cmake', 'python']
[0.512s] Level 1:colcon.colcon_core.package_identification:_identify(src) by extension 'cmake'
[0.512s] Level 1:colcon.colcon_core.package_identification:_identify(src) by extension 'python'
[0.513s] Level 1:colcon.colcon_core.package_identification:_identify(src) by extensions ['python_setup_py']
[0.513s] Level 1:colcon.colcon_core.package_identification:_identify(src) by extension 'python_setup_py'
[0.513s] Level 1:colcon.colcon_core.package_identification:_identify(src/_decision) by extensions ['ignore', 'ignore_ament_install']
[0.513s] Level 1:colcon.colcon_core.package_identification:_identify(src/_decision) by extension 'ignore'
[0.513s] Level 1:colcon.colcon_core.package_identification:_identify(src/_decision) by extension 'ignore_ament_install'
[0.513s] Level 1:colcon.colcon_core.package_identification:_identify(src/_decision) by extensions ['colcon_pkg']
[0.513s] Level 1:colcon.colcon_core.package_identification:_identify(src/_decision) by extension 'colcon_pkg'
[0.513s] Level 1:colcon.colcon_core.package_identification:_identify(src/_decision) by extensions ['colcon_meta']
[0.513s] Level 1:colcon.colcon_core.package_identification:_identify(src/_decision) by extension 'colcon_meta'
[0.513s] Level 1:colcon.colcon_core.package_identification:_identify(src/_decision) by extensions ['ros']
[0.513s] Level 1:colcon.colcon_core.package_identification:_identify(src/_decision) by extension 'ros'
[0.513s] Level 1:colcon.colcon_core.package_identification:_identify(src/_decision) by extensions ['cmake', 'python']
[0.513s] Level 1:colcon.colcon_core.package_identification:_identify(src/_decision) by extension 'cmake'
[0.513s] Level 1:colcon.colcon_core.package_identification:_identify(src/_decision) by extension 'python'
[0.514s] Level 1:colcon.colcon_core.package_identification:_identify(src/_decision) by extensions ['python_setup_py']
[0.514s] Level 1:colcon.colcon_core.package_identification:_identify(src/_decision) by extension 'python_setup_py'
[0.514s] Level 1:colcon.colcon_core.package_identification:_identify(src/_decision/rl_agent) by extensions ['ignore', 'ignore_ament_install']
[0.514s] Level 1:colcon.colcon_core.package_identification:_identify(src/_decision/rl_agent) by extension 'ignore'
[0.514s] Level 1:colcon.colcon_core.package_identification:_identify(src/_decision/rl_agent) by extension 'ignore_ament_install'
[0.514s] Level 1:colcon.colcon_core.package_identification:_identify(src/_decision/rl_agent) by extensions ['colcon_pkg']
[0.514s] Level 1:colcon.colcon_core.package_identification:_identify(src/_decision/rl_agent) by extension 'colcon_pkg'
[0.514s] Level 1:colcon.colcon_core.package_identification:_identify(src/_decision/rl_agent) by extensions ['colcon_meta']
[0.514s] Level 1:colcon.colcon_core.package_identification:_identify(src/_decision/rl_agent) by extension 'colcon_meta'
[0.514s] Level 1:colcon.colcon_core.package_identification:_identify(src/_decision/rl_agent) by extensions ['ros']
[0.514s] Level 1:colcon.colcon_core.package_identification:_identify(src/_decision/rl_agent) by extension 'ros'
[0.517s] DEBUG:colcon.colcon_core.package_identification:Package 'src/_decision/rl_agent' with type 'ros.ament_python' and name 'rl_agent'
[0.517s] Level 1:colcon.colcon_core.package_identification:_identify(src/_perception) by extensions ['ignore', 'ignore_ament_install']
[0.517s] Level 1:colcon.colcon_core.package_identification:_identify(src/_perception) by extension 'ignore'
[0.517s] Level 1:colcon.colcon_core.package_identification:_identify(src/_perception) by extension 'ignore_ament_install'
[0.517s] Level 1:colcon.colcon_core.package_identification:_identify(src/_perception) by extensions ['colcon_pkg']
[0.517s] Level 1:colcon.colcon_core.package_identification:_identify(src/_perception) by extension 'colcon_pkg'
[0.517s] Level 1:colcon.colcon_core.package_identification:_identify(src/_perception) by extensions ['colcon_meta']
[0.517s] Level 1:colcon.colcon_core.package_identification:_identify(src/_perception) by extension 'colcon_meta'
[0.518s] Level 1:colcon.colcon_core.package_identification:_identify(src/_perception) by extensions ['ros']
[0.518s] Level 1:colcon.colcon_core.package_identification:_identify(src/_perception) by extension 'ros'
[0.518s] Level 1:colcon.colcon_core.package_identification:_identify(src/_perception) by extensions ['cmake', 'python']
[0.518s] Level 1:colcon.colcon_core.package_identification:_identify(src/_perception) by extension 'cmake'
[0.518s] Level 1:colcon.colcon_core.package_identification:_identify(src/_perception) by extension 'python'
[0.518s] Level 1:colcon.colcon_core.package_identification:_identify(src/_perception) by extensions ['python_setup_py']
[0.518s] Level 1:colcon.colcon_core.package_identification:_identify(src/_perception) by extension 'python_setup_py'
[0.518s] Level 1:colcon.colcon_core.package_identification:_identify(src/core) by extensions ['ignore', 'ignore_ament_install']
[0.518s] Level 1:colcon.colcon_core.package_identification:_identify(src/core) by extension 'ignore'
[0.518s] Level 1:colcon.colcon_core.package_identification:_identify(src/core) by extension 'ignore_ament_install'
[0.518s] Level 1:colcon.colcon_core.package_identification:_identify(src/core) by extensions ['colcon_pkg']
[0.518s] Level 1:colcon.colcon_core.package_identification:_identify(src/core) by extension 'colcon_pkg'
[0.518s] Level 1:colcon.colcon_core.package_identification:_identify(src/core) by extensions ['colcon_meta']
[0.518s] Level 1:colcon.colcon_core.package_identification:_identify(src/core) by extension 'colcon_meta'
[0.518s] Level 1:colcon.colcon_core.package_identification:_identify(src/core) by extensions ['ros']
[0.518s] Level 1:colcon.colcon_core.package_identification:_identify(src/core) by extension 'ros'
[0.519s] DEBUG:colcon.colcon_core.package_identification:Package 'src/core' with type 'ros.ament_python' and name 'core'
[0.519s] Level 1:colcon.colcon_core.package_identification:_identify(src/decision) by extensions ['ignore', 'ignore_ament_install']
[0.519s] Level 1:colcon.colcon_core.package_identification:_identify(src/decision) by extension 'ignore'
[0.519s] Level 1:colcon.colcon_core.package_identification:_identify(src/decision) by extension 'ignore_ament_install'
[0.519s] Level 1:colcon.colcon_core.package_identification:_identify(src/decision) by extensions ['colcon_pkg']
[0.519s] Level 1:colcon.colcon_core.package_identification:_identify(src/decision) by extension 'colcon_pkg'
[0.520s] Level 1:colcon.colcon_core.package_identification:_identify(src/decision) by extensions ['colcon_meta']
[0.520s] Level 1:colcon.colcon_core.package_identification:_identify(src/decision) by extension 'colcon_meta'
[0.520s] Level 1:colcon.colcon_core.package_identification:_identify(src/decision) by extensions ['ros']
[0.520s] Level 1:colcon.colcon_core.package_identification:_identify(src/decision) by extension 'ros'
[0.520s] DEBUG:colcon.colcon_core.package_identification:Package 'src/decision' with type 'ros.ament_python' and name 'decision'
[0.520s] Level 1:colcon.colcon_core.package_identification:_identify(src/execution) by extensions ['ignore', 'ignore_ament_install']
[0.520s] Level 1:colcon.colcon_core.package_identification:_identify(src/execution) by extension 'ignore'
[0.520s] Level 1:colcon.colcon_core.package_identification:_identify(src/execution) by extension 'ignore_ament_install'
[0.521s] Level 1:colcon.colcon_core.package_identification:_identify(src/execution) by extensions ['colcon_pkg']
[0.521s] Level 1:colcon.colcon_core.package_identification:_identify(src/execution) by extension 'colcon_pkg'
[0.521s] Level 1:colcon.colcon_core.package_identification:_identify(src/execution) by extensions ['colcon_meta']
[0.521s] Level 1:colcon.colcon_core.package_identification:_identify(src/execution) by extension 'colcon_meta'
[0.521s] Level 1:colcon.colcon_core.package_identification:_identify(src/execution) by extensions ['ros']
[0.521s] Level 1:colcon.colcon_core.package_identification:_identify(src/execution) by extension 'ros'
[0.521s] DEBUG:colcon.colcon_core.package_identification:Package 'src/execution' with type 'ros.ament_python' and name 'execution'
[0.521s] Level 1:colcon.colcon_core.package_identification:_identify(src/perception) by extensions ['ignore', 'ignore_ament_install']
[0.522s] Level 1:colcon.colcon_core.package_identification:_identify(src/perception) by extension 'ignore'
[0.522s] Level 1:colcon.colcon_core.package_identification:_identify(src/perception) by extension 'ignore_ament_install'
[0.522s] Level 1:colcon.colcon_core.package_identification:_identify(src/perception) by extensions ['colcon_pkg']
[0.522s] Level 1:colcon.colcon_core.package_identification:_identify(src/perception) by extension 'colcon_pkg'
[0.522s] Level 1:colcon.colcon_core.package_identification:_identify(src/perception) by extensions ['colcon_meta']
[0.522s] Level 1:colcon.colcon_core.package_identification:_identify(src/perception) by extension 'colcon_meta'
[0.522s] Level 1:colcon.colcon_core.package_identification:_identify(src/perception) by extensions ['ros']
[0.522s] Level 1:colcon.colcon_core.package_identification:_identify(src/perception) by extension 'ros'
[0.523s] DEBUG:colcon.colcon_core.package_identification:Package 'src/perception' with type 'ros.ament_python' and name 'perception'
[0.523s] Level 1:colcon.colcon_core.package_identification:_identify(src/planning) by extensions ['ignore', 'ignore_ament_install']
[0.523s] Level 1:colcon.colcon_core.package_identification:_identify(src/planning) by extension 'ignore'
[0.523s] Level 1:colcon.colcon_core.package_identification:_identify(src/planning) by extension 'ignore_ament_install'
[0.523s] Level 1:colcon.colcon_core.package_identification:_identify(src/planning) by extensions ['colcon_pkg']
[0.523s] Level 1:colcon.colcon_core.package_identification:_identify(src/planning) by extension 'colcon_pkg'
[0.523s] Level 1:colcon.colcon_core.package_identification:_identify(src/planning) by extensions ['colcon_meta']
[0.523s] Level 1:colcon.colcon_core.package_identification:_identify(src/planning) by extension 'colcon_meta'
[0.523s] Level 1:colcon.colcon_core.package_identification:_identify(src/planning) by extensions ['ros']
[0.523s] Level 1:colcon.colcon_core.package_identification:_identify(src/planning) by extension 'ros'
[0.524s] DEBUG:colcon.colcon_core.package_identification:Package 'src/planning' with type 'ros.ament_python' and name 'planning'
[0.524s] Level 1:colcon.colcon_core.package_identification:_identify(src/simulation) by extensions ['ignore', 'ignore_ament_install']
[0.524s] Level 1:colcon.colcon_core.package_identification:_identify(src/simulation) by extension 'ignore'
[0.524s] Level 1:colcon.colcon_core.package_identification:_identify(src/simulation) by extension 'ignore_ament_install'
[0.524s] Level 1:colcon.colcon_core.package_identification:_identify(src/simulation) by extensions ['colcon_pkg']
[0.524s] Level 1:colcon.colcon_core.package_identification:_identify(src/simulation) by extension 'colcon_pkg'
[0.524s] Level 1:colcon.colcon_core.package_identification:_identify(src/simulation) by extensions ['colcon_meta']
[0.524s] Level 1:colcon.colcon_core.package_identification:_identify(src/simulation) by extension 'colcon_meta'
[0.524s] Level 1:colcon.colcon_core.package_identification:_identify(src/simulation) by extensions ['ros']
[0.524s] Level 1:colcon.colcon_core.package_identification:_identify(src/simulation) by extension 'ros'
[0.524s] Level 1:colcon.colcon_core.package_identification:_identify(src/simulation) by extensions ['cmake', 'python']
[0.524s] Level 1:colcon.colcon_core.package_identification:_identify(src/simulation) by extension 'cmake'
[0.524s] Level 1:colcon.colcon_core.package_identification:_identify(src/simulation) by extension 'python'
[0.524s] Level 1:colcon.colcon_core.package_identification:_identify(src/simulation) by extensions ['python_setup_py']
[0.525s] Level 1:colcon.colcon_core.package_identification:_identify(src/simulation) by extension 'python_setup_py'
[0.525s] Level 1:colcon.colcon_core.package_identification:_identify(src/simulation/robot_world) by extensions ['ignore', 'ignore_ament_install']
[0.525s] Level 1:colcon.colcon_core.package_identification:_identify(src/simulation/robot_world) by extension 'ignore'
[0.525s] Level 1:colcon.colcon_core.package_identification:_identify(src/simulation/robot_world) by extension 'ignore_ament_install'
[0.525s] Level 1:colcon.colcon_core.package_identification:_identify(src/simulation/robot_world) by extensions ['colcon_pkg']
[0.525s] Level 1:colcon.colcon_core.package_identification:_identify(src/simulation/robot_world) by extension 'colcon_pkg'
[0.525s] Level 1:colcon.colcon_core.package_identification:_identify(src/simulation/robot_world) by extensions ['colcon_meta']
[0.525s] Level 1:colcon.colcon_core.package_identification:_identify(src/simulation/robot_world) by extension 'colcon_meta'
[0.525s] Level 1:colcon.colcon_core.package_identification:_identify(src/simulation/robot_world) by extensions ['ros']
[0.525s] Level 1:colcon.colcon_core.package_identification:_identify(src/simulation/robot_world) by extension 'ros'
[0.526s] DEBUG:colcon.colcon_core.package_identification:Package 'src/simulation/robot_world' with type 'ros.ament_cmake' and name 'robot_world'
[0.526s] Level 1:colcon.colcon_core.package_discovery:discover_packages(recursive) using defaults
[0.526s] Level 1:colcon.colcon_core.package_discovery:discover_packages(ignore) discover
[0.526s] Level 1:colcon.colcon_core.package_discovery:discover_packages(ignore) using defaults
[0.526s] Level 1:colcon.colcon_core.package_discovery:discover_packages(path) discover
[0.526s] Level 1:colcon.colcon_core.package_discovery:discover_packages(path) using defaults
[0.540s] Level 1:colcon.colcon_core.package_discovery:discover_packages(prefix_path) check parameters
[0.541s] Level 1:colcon.colcon_core.package_discovery:discover_packages(prefix_path) discover
[0.542s] DEBUG:colcon.colcon_installed_package_information.package_discovery:Found 337 installed packages in /opt/ros/humble
[0.544s] Level 1:colcon.colcon_core.package_discovery:discover_packages(prefix_path) using defaults
[0.569s] Level 5:colcon.colcon_core.verb:set package 'core' build argument 'cmake_args' from command line to 'None'
[0.570s] Level 5:colcon.colcon_core.verb:set package 'core' build argument 'cmake_target' from command line to 'None'
[0.570s] Level 5:colcon.colcon_core.verb:set package 'core' build argument 'cmake_target_skip_unavailable' from command line to 'False'
[0.570s] Level 5:colcon.colcon_core.verb:set package 'core' build argument 'cmake_clean_cache' from command line to 'False'
[0.570s] Level 5:colcon.colcon_core.verb:set package 'core' build argument 'cmake_clean_first' from command line to 'False'
[0.570s] Level 5:colcon.colcon_core.verb:set package 'core' build argument 'cmake_force_configure' from command line to 'False'
[0.570s] Level 5:colcon.colcon_core.verb:set package 'core' build argument 'ament_cmake_args' from command line to 'None'
[0.570s] Level 5:colcon.colcon_core.verb:set package 'core' build argument 'catkin_cmake_args' from command line to 'None'
[0.570s] Level 5:colcon.colcon_core.verb:set package 'core' build argument 'catkin_skip_building_tests' from command line to 'False'
[0.570s] DEBUG:colcon.colcon_core.verb:Building package 'core' with the following arguments: {'ament_cmake_args': None, 'build_base': '/home/chendawww/workspace/rl-navibot/build/core', 'catkin_cmake_args': None, 'catkin_skip_building_tests': False, 'cmake_args': None, 'cmake_clean_cache': False, 'cmake_clean_first': False, 'cmake_force_configure': False, 'cmake_target': None, 'cmake_target_skip_unavailable': False, 'install_base': '/home/chendawww/workspace/rl-navibot/install/core', 'merge_install': False, 'path': '/home/chendawww/workspace/rl-navibot/src/core', 'symlink_install': True, 'test_result_base': None}
[0.570s] Level 5:colcon.colcon_core.verb:set package 'decision' build argument 'cmake_args' from command line to 'None'
[0.570s] Level 5:colcon.colcon_core.verb:set package 'decision' build argument 'cmake_target' from command line to 'None'
[0.570s] Level 5:colcon.colcon_core.verb:set package 'decision' build argument 'cmake_target_skip_unavailable' from command line to 'False'
[0.570s] Level 5:colcon.colcon_core.verb:set package 'decision' build argument 'cmake_clean_cache' from command line to 'False'
[0.570s] Level 5:colcon.colcon_core.verb:set package 'decision' build argument 'cmake_clean_first' from command line to 'False'
[0.570s] Level 5:colcon.colcon_core.verb:set package 'decision' build argument 'cmake_force_configure' from command line to 'False'
[0.570s] Level 5:colcon.colcon_core.verb:set package 'decision' build argument 'ament_cmake_args' from command line to 'None'
[0.570s] Level 5:colcon.colcon_core.verb:set package 'decision' build argument 'catkin_cmake_args' from command line to 'None'
[0.570s] Level 5:colcon.colcon_core.verb:set package 'decision' build argument 'catkin_skip_building_tests' from command line to 'False'
[0.570s] DEBUG:colcon.colcon_core.verb:Building package 'decision' with the following arguments: {'ament_cmake_args': None, 'build_base': '/home/chendawww/workspace/rl-navibot/build/decision', 'catkin_cmake_args': None, 'catkin_skip_building_tests': False, 'cmake_args': None, 'cmake_clean_cache': False, 'cmake_clean_first': False, 'cmake_force_configure': False, 'cmake_target': None, 'cmake_target_skip_unavailable': False, 'install_base': '/home/chendawww/workspace/rl-navibot/install/decision', 'merge_install': False, 'path': '/home/chendawww/workspace/rl-navibot/src/decision', 'symlink_install': True, 'test_result_base': None}
[0.570s] Level 5:colcon.colcon_core.verb:set package 'execution' build argument 'cmake_args' from command line to 'None'
[0.570s] Level 5:colcon.colcon_core.verb:set package 'execution' build argument 'cmake_target' from command line to 'None'
[0.571s] Level 5:colcon.colcon_core.verb:set package 'execution' build argument 'cmake_target_skip_unavailable' from command line to 'False'
[0.571s] Level 5:colcon.colcon_core.verb:set package 'execution' build argument 'cmake_clean_cache' from command line to 'False'
[0.571s] Level 5:colcon.colcon_core.verb:set package 'execution' build argument 'cmake_clean_first' from command line to 'False'
[0.571s] Level 5:colcon.colcon_core.verb:set package 'execution' build argument 'cmake_force_configure' from command line to 'False'
[0.571s] Level 5:colcon.colcon_core.verb:set package 'execution' build argument 'ament_cmake_args' from command line to 'None'
[0.571s] Level 5:colcon.colcon_core.verb:set package 'execution' build argument 'catkin_cmake_args' from command line to 'None'
[0.571s] Level 5:colcon.colcon_core.verb:set package 'execution' build argument 'catkin_skip_building_tests' from command line to 'False'
[0.571s] DEBUG:colcon.colcon_core.verb:Building package 'execution' with the following arguments: {'ament_cmake_args': None, 'build_base': '/home/chendawww/workspace/rl-navibot/build/execution', 'catkin_cmake_args': None, 'catkin_skip_building_tests': False, 'cmake_args': None, 'cmake_clean_cache': False, 'cmake_clean_first': False, 'cmake_force_configure': False, 'cmake_target': None, 'cmake_target_skip_unavailable': False, 'install_base': '/home/chendawww/workspace/rl-navibot/install/execution', 'merge_install': False, 'path': '/home/chendawww/workspace/rl-navibot/src/execution', 'symlink_install': True, 'test_result_base': None}
[0.571s] Level 5:colcon.colcon_core.verb:set package 'perception' build argument 'cmake_args' from command line to 'None'
[0.571s] Level 5:colcon.colcon_core.verb:set package 'perception' build argument 'cmake_target' from command line to 'None'
[0.571s] Level 5:colcon.colcon_core.verb:set package 'perception' build argument 'cmake_target_skip_unavailable' from command line to 'False'
[0.571s] Level 5:colcon.colcon_core.verb:set package 'perception' build argument 'cmake_clean_cache' from command line to 'False'
[0.571s] Level 5:colcon.colcon_core.verb:set package 'perception' build argument 'cmake_clean_first' from command line to 'False'
[0.571s] Level 5:colcon.colcon_core.verb:set package 'perception' build argument 'cmake_force_configure' from command line to 'False'
[0.571s] Level 5:colcon.colcon_core.verb:set package 'perception' build argument 'ament_cmake_args' from command line to 'None'
[0.571s] Level 5:colcon.colcon_core.verb:set package 'perception' build argument 'catkin_cmake_args' from command line to 'None'
[0.571s] Level 5:colcon.colcon_core.verb:set package 'perception' build argument 'catkin_skip_building_tests' from command line to 'False'
[0.571s] DEBUG:colcon.colcon_core.verb:Building package 'perception' with the following arguments: {'ament_cmake_args': None, 'build_base': '/home/chendawww/workspace/rl-navibot/build/perception', 'catkin_cmake_args': None, 'catkin_skip_building_tests': False, 'cmake_args': None, 'cmake_clean_cache': False, 'cmake_clean_first': False, 'cmake_force_configure': False, 'cmake_target': None, 'cmake_target_skip_unavailable': False, 'install_base': '/home/chendawww/workspace/rl-navibot/install/perception', 'merge_install': False, 'path': '/home/chendawww/workspace/rl-navibot/src/perception', 'symlink_install': True, 'test_result_base': None}
[0.571s] Level 5:colcon.colcon_core.verb:set package 'planning' build argument 'cmake_args' from command line to 'None'
[0.571s] Level 5:colcon.colcon_core.verb:set package 'planning' build argument 'cmake_target' from command line to 'None'
[0.571s] Level 5:colcon.colcon_core.verb:set package 'planning' build argument 'cmake_target_skip_unavailable' from command line to 'False'
[0.571s] Level 5:colcon.colcon_core.verb:set package 'planning' build argument 'cmake_clean_cache' from command line to 'False'
[0.571s] Level 5:colcon.colcon_core.verb:set package 'planning' build argument 'cmake_clean_first' from command line to 'False'
[0.571s] Level 5:colcon.colcon_core.verb:set package 'planning' build argument 'cmake_force_configure' from command line to 'False'
[0.571s] Level 5:colcon.colcon_core.verb:set package 'planning' build argument 'ament_cmake_args' from command line to 'None'
[0.571s] Level 5:colcon.colcon_core.verb:set package 'planning' build argument 'catkin_cmake_args' from command line to 'None'
[0.572s] Level 5:colcon.colcon_core.verb:set package 'planning' build argument 'catkin_skip_building_tests' from command line to 'False'
[0.572s] DEBUG:colcon.colcon_core.verb:Building package 'planning' with the following arguments: {'ament_cmake_args': None, 'build_base': '/home/chendawww/workspace/rl-navibot/build/planning', 'catkin_cmake_args': None, 'catkin_skip_building_tests': False, 'cmake_args': None, 'cmake_clean_cache': False, 'cmake_clean_first': False, 'cmake_force_configure': False, 'cmake_target': None, 'cmake_target_skip_unavailable': False, 'install_base': '/home/chendawww/workspace/rl-navibot/install/planning', 'merge_install': False, 'path': '/home/chendawww/workspace/rl-navibot/src/planning', 'symlink_install': True, 'test_result_base': None}
[0.572s] Level 5:colcon.colcon_core.verb:set package 'rl_agent' build argument 'cmake_args' from command line to 'None'
[0.572s] Level 5:colcon.colcon_core.verb:set package 'rl_agent' build argument 'cmake_target' from command line to 'None'
[0.572s] Level 5:colcon.colcon_core.verb:set package 'rl_agent' build argument 'cmake_target_skip_unavailable' from command line to 'False'
[0.572s] Level 5:colcon.colcon_core.verb:set package 'rl_agent' build argument 'cmake_clean_cache' from command line to 'False'
[0.572s] Level 5:colcon.colcon_core.verb:set package 'rl_agent' build argument 'cmake_clean_first' from command line to 'False'
[0.572s] Level 5:colcon.colcon_core.verb:set package 'rl_agent' build argument 'cmake_force_configure' from command line to 'False'
[0.572s] Level 5:colcon.colcon_core.verb:set package 'rl_agent' build argument 'ament_cmake_args' from command line to 'None'
[0.572s] Level 5:colcon.colcon_core.verb:set package 'rl_agent' build argument 'catkin_cmake_args' from command line to 'None'
[0.572s] Level 5:colcon.colcon_core.verb:set package 'rl_agent' build argument 'catkin_skip_building_tests' from command line to 'False'
[0.572s] DEBUG:colcon.colcon_core.verb:Building package 'rl_agent' with the following arguments: {'ament_cmake_args': None, 'build_base': '/home/chendawww/workspace/rl-navibot/build/rl_agent', 'catkin_cmake_args': None, 'catkin_skip_building_tests': False, 'cmake_args': None, 'cmake_clean_cache': False, 'cmake_clean_first': False, 'cmake_force_configure': False, 'cmake_target': None, 'cmake_target_skip_unavailable': False, 'install_base': '/home/chendawww/workspace/rl-navibot/install/rl_agent', 'merge_install': False, 'path': '/home/chendawww/workspace/rl-navibot/src/_decision/rl_agent', 'symlink_install': True, 'test_result_base': None}
[0.572s] Level 5:colcon.colcon_core.verb:set package 'robot_world' build argument 'cmake_args' from command line to 'None'
[0.572s] Level 5:colcon.colcon_core.verb:set package 'robot_world' build argument 'cmake_target' from command line to 'None'
[0.572s] Level 5:colcon.colcon_core.verb:set package 'robot_world' build argument 'cmake_target_skip_unavailable' from command line to 'False'
[0.572s] Level 5:colcon.colcon_core.verb:set package 'robot_world' build argument 'cmake_clean_cache' from command line to 'False'
[0.572s] Level 5:colcon.colcon_core.verb:set package 'robot_world' build argument 'cmake_clean_first' from command line to 'False'
[0.572s] Level 5:colcon.colcon_core.verb:set package 'robot_world' build argument 'cmake_force_configure' from command line to 'False'
[0.572s] Level 5:colcon.colcon_core.verb:set package 'robot_world' build argument 'ament_cmake_args' from command line to 'None'
[0.572s] Level 5:colcon.colcon_core.verb:set package 'robot_world' build argument 'catkin_cmake_args' from command line to 'None'
[0.572s] Level 5:colcon.colcon_core.verb:set package 'robot_world' build argument 'catkin_skip_building_tests' from command line to 'False'
[0.572s] DEBUG:colcon.colcon_core.verb:Building package 'robot_world' with the following arguments: {'ament_cmake_args': None, 'build_base': '/home/chendawww/workspace/rl-navibot/build/robot_world', 'catkin_cmake_args': None, 'catkin_skip_building_tests': False, 'cmake_args': None, 'cmake_clean_cache': False, 'cmake_clean_first': False, 'cmake_force_configure': False, 'cmake_target': None, 'cmake_target_skip_unavailable': False, 'install_base': '/home/chendawww/workspace/rl-navibot/install/robot_world', 'merge_install': False, 'path': '/home/chendawww/workspace/rl-navibot/src/simulation/robot_world', 'symlink_install': True, 'test_result_base': None}
[0.572s] INFO:colcon.colcon_core.executor:Executing jobs using 'parallel' executor
[0.573s] DEBUG:colcon.colcon_parallel_executor.executor.parallel:run_until_complete
[0.573s] INFO:colcon.colcon_ros.task.ament_python.build:Building ROS package in '/home/chendawww/workspace/rl-navibot/src/core' with build type 'ament_python'
[0.574s] Level 1:colcon.colcon_core.shell:create_environment_hook('core', 'ament_prefix_path')
[0.576s] INFO:colcon.colcon_core.plugin_system:Skipping extension 'colcon_core.shell.bat': Not used on non-Windows systems
[0.576s] INFO:colcon.colcon_core.shell:Creating environment hook '/home/chendawww/workspace/rl-navibot/install/core/share/core/hook/ament_prefix_path.ps1'
[0.576s] INFO:colcon.colcon_core.shell:Creating environment descriptor '/home/chendawww/workspace/rl-navibot/install/core/share/core/hook/ament_prefix_path.dsv'
[0.577s] INFO:colcon.colcon_core.shell:Creating environment hook '/home/chendawww/workspace/rl-navibot/install/core/share/core/hook/ament_prefix_path.sh'
[0.577s] INFO:colcon.colcon_core.shell:Skip shell extension 'powershell' for command environment: Not usable outside of PowerShell
[0.577s] DEBUG:colcon.colcon_core.shell:Skip shell extension 'dsv' for command environment
[0.579s] INFO:colcon.colcon_ros.task.ament_python.build:Building ROS package in '/home/chendawww/workspace/rl-navibot/src/decision' with build type 'ament_python'
[0.579s] Level 1:colcon.colcon_core.shell:create_environment_hook('decision', 'ament_prefix_path')
[0.580s] INFO:colcon.colcon_core.shell:Creating environment hook '/home/chendawww/workspace/rl-navibot/install/decision/share/decision/hook/ament_prefix_path.ps1'
[0.581s] INFO:colcon.colcon_core.shell:Creating environment descriptor '/home/chendawww/workspace/rl-navibot/install/decision/share/decision/hook/ament_prefix_path.dsv'
[0.581s] INFO:colcon.colcon_core.shell:Creating environment hook '/home/chendawww/workspace/rl-navibot/install/decision/share/decision/hook/ament_prefix_path.sh'
[0.582s] INFO:colcon.colcon_core.shell:Skip shell extension 'powershell' for command environment: Not usable outside of PowerShell
[0.582s] DEBUG:colcon.colcon_core.shell:Skip shell extension 'dsv' for command environment
[0.584s] INFO:colcon.colcon_ros.task.ament_python.build:Building ROS package in '/home/chendawww/workspace/rl-navibot/src/execution' with build type 'ament_python'
[0.585s] Level 1:colcon.colcon_core.shell:create_environment_hook('execution', 'ament_prefix_path')
[0.585s] INFO:colcon.colcon_core.shell:Creating environment hook '/home/chendawww/workspace/rl-navibot/install/execution/share/execution/hook/ament_prefix_path.ps1'
[0.586s] INFO:colcon.colcon_core.shell:Creating environment descriptor '/home/chendawww/workspace/rl-navibot/install/execution/share/execution/hook/ament_prefix_path.dsv'
[0.586s] INFO:colcon.colcon_core.shell:Creating environment hook '/home/chendawww/workspace/rl-navibot/install/execution/share/execution/hook/ament_prefix_path.sh'
[0.587s] INFO:colcon.colcon_core.shell:Skip shell extension 'powershell' for command environment: Not usable outside of PowerShell
[0.587s] DEBUG:colcon.colcon_core.shell:Skip shell extension 'dsv' for command environment
[0.589s] INFO:colcon.colcon_ros.task.ament_python.build:Building ROS package in '/home/chendawww/workspace/rl-navibot/src/perception' with build type 'ament_python'
[0.589s] Level 1:colcon.colcon_core.shell:create_environment_hook('perception', 'ament_prefix_path')
[0.589s] INFO:colcon.colcon_core.shell:Creating environment hook '/home/chendawww/workspace/rl-navibot/install/perception/share/perception/hook/ament_prefix_path.ps1'
[0.590s] INFO:colcon.colcon_core.shell:Creating environment descriptor '/home/chendawww/workspace/rl-navibot/install/perception/share/perception/hook/ament_prefix_path.dsv'
[0.591s] INFO:colcon.colcon_core.shell:Creating environment hook '/home/chendawww/workspace/rl-navibot/install/perception/share/perception/hook/ament_prefix_path.sh'
[0.591s] INFO:colcon.colcon_core.shell:Skip shell extension 'powershell' for command environment: Not usable outside of PowerShell
[0.591s] DEBUG:colcon.colcon_core.shell:Skip shell extension 'dsv' for command environment
[0.594s] INFO:colcon.colcon_ros.task.ament_python.build:Building ROS package in '/home/chendawww/workspace/rl-navibot/src/planning' with build type 'ament_python'
[0.594s] Level 1:colcon.colcon_core.shell:create_environment_hook('planning', 'ament_prefix_path')
[0.594s] INFO:colcon.colcon_core.shell:Creating environment hook '/home/chendawww/workspace/rl-navibot/install/planning/share/planning/hook/ament_prefix_path.ps1'
[0.595s] INFO:colcon.colcon_core.shell:Creating environment descriptor '/home/chendawww/workspace/rl-navibot/install/planning/share/planning/hook/ament_prefix_path.dsv'
[0.596s] INFO:colcon.colcon_core.shell:Creating environment hook '/home/chendawww/workspace/rl-navibot/install/planning/share/planning/hook/ament_prefix_path.sh'
[0.596s] INFO:colcon.colcon_core.shell:Skip shell extension 'powershell' for command environment: Not usable outside of PowerShell
[0.596s] DEBUG:colcon.colcon_core.shell:Skip shell extension 'dsv' for command environment
[0.599s] INFO:colcon.colcon_ros.task.ament_python.build:Building ROS package in '/home/chendawww/workspace/rl-navibot/src/_decision/rl_agent' with build type 'ament_python'
[0.599s] Level 1:colcon.colcon_core.shell:create_environment_hook('rl_agent', 'ament_prefix_path')
[0.600s] INFO:colcon.colcon_core.shell:Creating environment hook '/home/chendawww/workspace/rl-navibot/install/rl_agent/share/rl_agent/hook/ament_prefix_path.ps1'
[0.601s] INFO:colcon.colcon_core.shell:Creating environment descriptor '/home/chendawww/workspace/rl-navibot/install/rl_agent/share/rl_agent/hook/ament_prefix_path.dsv'
[0.601s] INFO:colcon.colcon_core.shell:Creating environment hook '/home/chendawww/workspace/rl-navibot/install/rl_agent/share/rl_agent/hook/ament_prefix_path.sh'
[0.602s] INFO:colcon.colcon_core.shell:Skip shell extension 'powershell' for command environment: Not usable outside of PowerShell
[0.602s] DEBUG:colcon.colcon_core.shell:Skip shell extension 'dsv' for command environment
[0.605s] INFO:colcon.colcon_ros.task.ament_cmake.build:Building ROS package in '/home/chendawww/workspace/rl-navibot/src/simulation/robot_world' with build type 'ament_cmake'
[0.605s] INFO:colcon.colcon_cmake.task.cmake.build:Building CMake package in '/home/chendawww/workspace/rl-navibot/src/simulation/robot_world'
[0.605s] INFO:colcon.colcon_core.shell:Skip shell extension 'powershell' for command environment: Not usable outside of PowerShell
[0.605s] DEBUG:colcon.colcon_core.shell:Skip shell extension 'dsv' for command environment
[0.838s] INFO:colcon.colcon_core.task.python.build:Building Python package in '/home/chendawww/workspace/rl-navibot/src/core'
[0.839s] INFO:colcon.colcon_core.shell:Skip shell extension 'powershell' for command environment: Not usable outside of PowerShell
[0.839s] DEBUG:colcon.colcon_core.shell:Skip shell extension 'dsv' for command environment
[1.046s] INFO:colcon.colcon_core.task.python.build:Building Python package in '/home/chendawww/workspace/rl-navibot/src/decision'
[1.047s] INFO:colcon.colcon_core.shell:Skip shell extension 'powershell' for command environment: Not usable outside of PowerShell
[1.047s] DEBUG:colcon.colcon_core.shell:Skip shell extension 'dsv' for command environment
[1.250s] INFO:colcon.colcon_core.task.python.build:Building Python package in '/home/chendawww/workspace/rl-navibot/src/execution'
[1.250s] INFO:colcon.colcon_core.shell:Skip shell extension 'powershell' for command environment: Not usable outside of PowerShell
[1.250s] DEBUG:colcon.colcon_core.shell:Skip shell extension 'dsv' for command environment
[1.453s] INFO:colcon.colcon_core.task.python.build:Building Python package in '/home/chendawww/workspace/rl-navibot/src/perception'
[1.453s] INFO:colcon.colcon_core.shell:Skip shell extension 'powershell' for command environment: Not usable outside of PowerShell
[1.453s] DEBUG:colcon.colcon_core.shell:Skip shell extension 'dsv' for command environment
[1.648s] INFO:colcon.colcon_core.task.python.build:Building Python package in '/home/chendawww/workspace/rl-navibot/src/planning'
[1.649s] INFO:colcon.colcon_core.shell:Skip shell extension 'powershell' for command environment: Not usable outside of PowerShell
[1.649s] DEBUG:colcon.colcon_core.shell:Skip shell extension 'dsv' for command environment
[1.857s] INFO:colcon.colcon_core.task.python.build:Building Python package in '/home/chendawww/workspace/rl-navibot/src/_decision/rl_agent'
[1.858s] INFO:colcon.colcon_core.shell:Skip shell extension 'powershell' for command environment: Not usable outside of PowerShell
[1.858s] DEBUG:colcon.colcon_core.shell:Skip shell extension 'dsv' for command environment
[1.865s] DEBUG:colcon.colcon_core.event_handler.log_command:Invoking command in '/home/chendawww/workspace/rl-navibot/build/robot_world': CMAKE_PREFIX_PATH=/opt/ros/humble CONDA_PROMPT_MODIFIER=(ros2) _=/usr/bin/env /usr/bin/cmake /home/chendawww/workspace/rl-navibot/src/simulation/robot_world -DAMENT_CMAKE_SYMLINK_INSTALL=1 -DCMAKE_INSTALL_PREFIX=/home/chendawww/workspace/rl-navibot/install/robot_world
[1.891s] DEBUG:colcon.colcon_core.event_handler.log_command:Invoked command in '/home/chendawww/workspace/rl-navibot/build/robot_world' returned '1': CMAKE_PREFIX_PATH=/opt/ros/humble CONDA_PROMPT_MODIFIER=(ros2) _=/usr/bin/env /usr/bin/cmake /home/chendawww/workspace/rl-navibot/src/simulation/robot_world -DAMENT_CMAKE_SYMLINK_INSTALL=1 -DCMAKE_INSTALL_PREFIX=/home/chendawww/workspace/rl-navibot/install/robot_world
[1.892s] Level 1:colcon.colcon_core.environment:create_environment_scripts_only(robot_world)
[1.894s] Level 1:colcon.colcon_core.environment:checking '/home/chendawww/workspace/rl-navibot/install/robot_world' for CMake module files
[1.895s] Level 1:colcon.colcon_core.environment:checking '/home/chendawww/workspace/rl-navibot/install/robot_world' for CMake config files
[1.895s] Level 1:colcon.colcon_core.shell:create_environment_hook('robot_world', 'cmake_prefix_path')
[1.895s] INFO:colcon.colcon_core.shell:Creating environment hook '/home/chendawww/workspace/rl-navibot/install/robot_world/share/robot_world/hook/cmake_prefix_path.ps1'
[1.896s] INFO:colcon.colcon_core.shell:Creating environment descriptor '/home/chendawww/workspace/rl-navibot/install/robot_world/share/robot_world/hook/cmake_prefix_path.dsv'
[1.896s] INFO:colcon.colcon_core.shell:Creating environment hook '/home/chendawww/workspace/rl-navibot/install/robot_world/share/robot_world/hook/cmake_prefix_path.sh'
[1.897s] Level 1:colcon.colcon_core.environment:checking '/home/chendawww/workspace/rl-navibot/install/robot_world/lib'
[1.897s] Level 1:colcon.colcon_core.environment:checking '/home/chendawww/workspace/rl-navibot/install/robot_world/bin'
[1.898s] Level 1:colcon.colcon_core.environment:checking '/home/chendawww/workspace/rl-navibot/install/robot_world/lib/pkgconfig/robot_world.pc'
[1.898s] Level 1:colcon.colcon_core.environment:checking '/home/chendawww/workspace/rl-navibot/install/robot_world/lib/python3.10/site-packages'
[1.898s] Level 1:colcon.colcon_core.environment:checking '/home/chendawww/workspace/rl-navibot/install/robot_world/bin'
[1.899s] INFO:colcon.colcon_core.shell:Creating package script '/home/chendawww/workspace/rl-navibot/install/robot_world/share/robot_world/package.ps1'
[1.900s] INFO:colcon.colcon_core.shell:Creating package descriptor '/home/chendawww/workspace/rl-navibot/install/robot_world/share/robot_world/package.dsv'
[1.900s] INFO:colcon.colcon_core.shell:Creating package script '/home/chendawww/workspace/rl-navibot/install/robot_world/share/robot_world/package.sh'
[1.901s] INFO:colcon.colcon_core.shell:Creating package script '/home/chendawww/workspace/rl-navibot/install/robot_world/share/robot_world/package.bash'
[1.903s] INFO:colcon.colcon_core.shell:Creating package script '/home/chendawww/workspace/rl-navibot/install/robot_world/share/robot_world/package.zsh'
[1.904s] Level 1:colcon.colcon_core.environment:create_file_with_runtime_dependencies(/home/chendawww/workspace/rl-navibot/install/robot_world/share/colcon-core/packages/robot_world)
[2.382s] DEBUG:colcon.colcon_parallel_executor.executor.parallel:closing loop
[2.382s] DEBUG:colcon.colcon_parallel_executor.executor.parallel:loop closed
[2.383s] DEBUG:colcon.colcon_parallel_executor.executor.parallel:run_until_complete finished with '1'
[2.383s] DEBUG:colcon.colcon_core.event_reactor:joining thread
[2.399s] INFO:colcon.colcon_core.plugin_system:Skipping extension 'colcon_notification.desktop_notification.terminal_notifier': Not used on non-Darwin systems
[2.399s] INFO:colcon.colcon_core.plugin_system:Skipping extension 'colcon_notification.desktop_notification.win32': Not used on non-Windows systems
[2.399s] INFO:colcon.colcon_notification.desktop_notification:Sending desktop notification using 'notify2'
[2.400s] DEBUG:colcon.colcon_notification.desktop_notification.notify2:Failed to initialize notify2: org.freedesktop.DBus.Error.FileNotFound: Failed to connect to socket /run/user/1000/bus: No such file or directory
[2.400s] DEBUG:colcon.colcon_core.event_reactor:joined thread
[2.401s] INFO:colcon.colcon_core.shell:Creating prefix script '/home/chendawww/workspace/rl-navibot/install/local_setup.ps1'
[2.405s] INFO:colcon.colcon_core.shell:Creating prefix util module '/home/chendawww/workspace/rl-navibot/install/_local_setup_util_ps1.py'
[2.409s] INFO:colcon.colcon_core.shell:Creating prefix chain script '/home/chendawww/workspace/rl-navibot/install/setup.ps1'
[2.415s] INFO:colcon.colcon_core.shell:Creating prefix script '/home/chendawww/workspace/rl-navibot/install/local_setup.sh'
[2.416s] INFO:colcon.colcon_core.shell:Creating prefix util module '/home/chendawww/workspace/rl-navibot/install/_local_setup_util_sh.py'
[2.419s] INFO:colcon.colcon_core.shell:Creating prefix chain script '/home/chendawww/workspace/rl-navibot/install/setup.sh'
[2.420s] INFO:colcon.colcon_core.shell:Creating prefix script '/home/chendawww/workspace/rl-navibot/install/local_setup.bash'
[2.421s] INFO:colcon.colcon_core.shell:Creating prefix chain script '/home/chendawww/workspace/rl-navibot/install/setup.bash'
[2.422s] INFO:colcon.colcon_core.shell:Creating prefix script '/home/chendawww/workspace/rl-navibot/install/local_setup.zsh'
[2.423s] INFO:colcon.colcon_core.shell:Creating prefix chain script '/home/chendawww/workspace/rl-navibot/install/setup.zsh'
