[0.333s] DEBUG:colcon:Command line arguments: ['/usr/bin/colcon', 'build']
[0.333s] DEBUG:colcon:Parsed command line arguments: Namespace(log_base=None, log_level=None, verb_name='build', build_base='build', install_base='install', merge_install=False, symlink_install=False, test_result_base=None, continue_on_error=False, executor='parallel', parallel_workers=16, event_handlers=None, ignore_user_meta=False, metas=['./colcon.meta'], base_paths=['.'], packages_ignore=None, packages_ignore_regex=None, paths=None, packages_up_to=None, packages_up_to_regex=None, packages_above=None, packages_above_and_dependencies=None, packages_above_depth=None, packages_select_by_dep=None, packages_skip_by_dep=None, packages_skip_up_to=None, packages_select_build_failed=False, packages_skip_build_finished=False, packages_select_test_failures=False, packages_skip_test_passed=False, packages_select=None, packages_skip=None, packages_select_regex=None, packages_skip_regex=None, packages_start=None, packages_end=None, allow_overriding=[], cmake_args=None, cmake_target=None, cmake_target_skip_unavailable=False, cmake_clean_cache=False, cmake_clean_first=False, cmake_force_configure=False, ament_cmake_args=None, catkin_cmake_args=None, catkin_skip_building_tests=False, mixin_files=None, mixin=None, verb_parser=<colcon_mixin.mixin.mixin_argument.MixinArgumentDecorator object at 0x7f51c3090970>, verb_extension=<colcon_core.verb.build.BuildVerb object at 0x7f51c300e320>, main=<bound method BuildVerb.main of <colcon_core.verb.build.BuildVerb object at 0x7f51c300e320>>, mixin_verb=('build',))
[0.579s] Level 1:colcon.colcon_core.package_discovery:discover_packages(colcon_meta) check parameters
[0.580s] Level 1:colcon.colcon_core.package_discovery:discover_packages(recursive) check parameters
[0.580s] Level 1:colcon.colcon_core.package_discovery:discover_packages(ignore) check parameters
[0.580s] Level 1:colcon.colcon_core.package_discovery:discover_packages(path) check parameters
[0.580s] Level 1:colcon.colcon_core.package_discovery:discover_packages(colcon_meta) discover
[0.580s] Level 1:colcon.colcon_core.package_discovery:discover_packages(recursive) discover
[0.580s] INFO:colcon.colcon_core.package_discovery:Crawling recursively for packages in '/home/chendawww/workspace/rl-navibot'
[0.580s] Level 1:colcon.colcon_core.package_identification:_identify(.) by extensions ['ignore', 'ignore_ament_install']
[0.580s] Level 1:colcon.colcon_core.package_identification:_identify(.) by extension 'ignore'
[0.580s] Level 1:colcon.colcon_core.package_identification:_identify(.) by extension 'ignore_ament_install'
[0.580s] Level 1:colcon.colcon_core.package_identification:_identify(.) by extensions ['colcon_pkg']
[0.580s] Level 1:colcon.colcon_core.package_identification:_identify(.) by extension 'colcon_pkg'
[0.580s] Level 1:colcon.colcon_core.package_identification:_identify(.) by extensions ['colcon_meta']
[0.580s] Level 1:colcon.colcon_core.package_identification:_identify(.) by extension 'colcon_meta'
[0.580s] Level 1:colcon.colcon_core.package_identification:_identify(.) by extensions ['ros']
[0.580s] Level 1:colcon.colcon_core.package_identification:_identify(.) by extension 'ros'
[0.598s] Level 1:colcon.colcon_core.package_identification:_identify(.) by extensions ['cmake', 'python']
[0.598s] Level 1:colcon.colcon_core.package_identification:_identify(.) by extension 'cmake'
[0.598s] Level 1:colcon.colcon_core.package_identification:_identify(.) by extension 'python'
[0.598s] Level 1:colcon.colcon_core.package_identification:_identify(.) by extensions ['python_setup_py']
[0.598s] Level 1:colcon.colcon_core.package_identification:_identify(.) by extension 'python_setup_py'
[0.599s] Level 1:colcon.colcon_core.package_identification:_identify(A_tries) by extensions ['ignore', 'ignore_ament_install']
[0.599s] Level 1:colcon.colcon_core.package_identification:_identify(A_tries) by extension 'ignore'
[0.599s] Level 1:colcon.colcon_core.package_identification:_identify(A_tries) by extension 'ignore_ament_install'
[0.599s] Level 1:colcon.colcon_core.package_identification:_identify(A_tries) by extensions ['colcon_pkg']
[0.599s] Level 1:colcon.colcon_core.package_identification:_identify(A_tries) by extension 'colcon_pkg'
[0.599s] Level 1:colcon.colcon_core.package_identification:_identify(A_tries) by extensions ['colcon_meta']
[0.599s] Level 1:colcon.colcon_core.package_identification:_identify(A_tries) by extension 'colcon_meta'
[0.599s] Level 1:colcon.colcon_core.package_identification:_identify(A_tries) by extensions ['ros']
[0.599s] Level 1:colcon.colcon_core.package_identification:_identify(A_tries) by extension 'ros'
[0.599s] Level 1:colcon.colcon_core.package_identification:_identify(A_tries) by extensions ['cmake', 'python']
[0.599s] Level 1:colcon.colcon_core.package_identification:_identify(A_tries) by extension 'cmake'
[0.599s] Level 1:colcon.colcon_core.package_identification:_identify(A_tries) by extension 'python'
[0.599s] Level 1:colcon.colcon_core.package_identification:_identify(A_tries) by extensions ['python_setup_py']
[0.599s] Level 1:colcon.colcon_core.package_identification:_identify(A_tries) by extension 'python_setup_py'
[0.599s] Level 1:colcon.colcon_core.package_identification:_identify(A_tries/burger_navi_in_house) by extensions ['ignore', 'ignore_ament_install']
[0.600s] Level 1:colcon.colcon_core.package_identification:_identify(A_tries/burger_navi_in_house) by extension 'ignore'
[0.600s] Level 1:colcon.colcon_core.package_identification:_identify(A_tries/burger_navi_in_house) by extension 'ignore_ament_install'
[0.600s] Level 1:colcon.colcon_core.package_identification:_identify(A_tries/burger_navi_in_house) by extensions ['colcon_pkg']
[0.600s] Level 1:colcon.colcon_core.package_identification:_identify(A_tries/burger_navi_in_house) by extension 'colcon_pkg'
[0.600s] Level 1:colcon.colcon_core.package_identification:_identify(A_tries/burger_navi_in_house) by extensions ['colcon_meta']
[0.600s] Level 1:colcon.colcon_core.package_identification:_identify(A_tries/burger_navi_in_house) by extension 'colcon_meta'
[0.600s] Level 1:colcon.colcon_core.package_identification:_identify(A_tries/burger_navi_in_house) by extensions ['ros']
[0.600s] Level 1:colcon.colcon_core.package_identification:_identify(A_tries/burger_navi_in_house) by extension 'ros'
[0.600s] Level 1:colcon.colcon_core.package_identification:_identify(A_tries/burger_navi_in_house) by extensions ['cmake', 'python']
[0.600s] Level 1:colcon.colcon_core.package_identification:_identify(A_tries/burger_navi_in_house) by extension 'cmake'
[0.600s] Level 1:colcon.colcon_core.package_identification:_identify(A_tries/burger_navi_in_house) by extension 'python'
[0.600s] Level 1:colcon.colcon_core.package_identification:_identify(A_tries/burger_navi_in_house) by extensions ['python_setup_py']
[0.600s] Level 1:colcon.colcon_core.package_identification:_identify(A_tries/burger_navi_in_house) by extension 'python_setup_py'
[0.600s] Level 1:colcon.colcon_core.package_identification:_identify(A_tries/burger_navi_in_house/config) by extensions ['ignore', 'ignore_ament_install']
[0.600s] Level 1:colcon.colcon_core.package_identification:_identify(A_tries/burger_navi_in_house/config) by extension 'ignore'
[0.600s] Level 1:colcon.colcon_core.package_identification:_identify(A_tries/burger_navi_in_house/config) by extension 'ignore_ament_install'
[0.600s] Level 1:colcon.colcon_core.package_identification:_identify(A_tries/burger_navi_in_house/config) by extensions ['colcon_pkg']
[0.600s] Level 1:colcon.colcon_core.package_identification:_identify(A_tries/burger_navi_in_house/config) by extension 'colcon_pkg'
[0.600s] Level 1:colcon.colcon_core.package_identification:_identify(A_tries/burger_navi_in_house/config) by extensions ['colcon_meta']
[0.600s] Level 1:colcon.colcon_core.package_identification:_identify(A_tries/burger_navi_in_house/config) by extension 'colcon_meta'
[0.600s] Level 1:colcon.colcon_core.package_identification:_identify(A_tries/burger_navi_in_house/config) by extensions ['ros']
[0.600s] Level 1:colcon.colcon_core.package_identification:_identify(A_tries/burger_navi_in_house/config) by extension 'ros'
[0.600s] Level 1:colcon.colcon_core.package_identification:_identify(A_tries/burger_navi_in_house/config) by extensions ['cmake', 'python']
[0.600s] Level 1:colcon.colcon_core.package_identification:_identify(A_tries/burger_navi_in_house/config) by extension 'cmake'
[0.600s] Level 1:colcon.colcon_core.package_identification:_identify(A_tries/burger_navi_in_house/config) by extension 'python'
[0.600s] Level 1:colcon.colcon_core.package_identification:_identify(A_tries/burger_navi_in_house/config) by extensions ['python_setup_py']
[0.600s] Level 1:colcon.colcon_core.package_identification:_identify(A_tries/burger_navi_in_house/config) by extension 'python_setup_py'
[0.600s] Level 1:colcon.colcon_core.package_identification:_identify(A_tries/burger_navi_in_house/plots) by extensions ['ignore', 'ignore_ament_install']
[0.601s] Level 1:colcon.colcon_core.package_identification:_identify(A_tries/burger_navi_in_house/plots) by extension 'ignore'
[0.601s] Level 1:colcon.colcon_core.package_identification:_identify(A_tries/burger_navi_in_house/plots) by extension 'ignore_ament_install'
[0.601s] Level 1:colcon.colcon_core.package_identification:_identify(A_tries/burger_navi_in_house/plots) by extensions ['colcon_pkg']
[0.601s] Level 1:colcon.colcon_core.package_identification:_identify(A_tries/burger_navi_in_house/plots) by extension 'colcon_pkg'
[0.601s] Level 1:colcon.colcon_core.package_identification:_identify(A_tries/burger_navi_in_house/plots) by extensions ['colcon_meta']
[0.601s] Level 1:colcon.colcon_core.package_identification:_identify(A_tries/burger_navi_in_house/plots) by extension 'colcon_meta'
[0.601s] Level 1:colcon.colcon_core.package_identification:_identify(A_tries/burger_navi_in_house/plots) by extensions ['ros']
[0.601s] Level 1:colcon.colcon_core.package_identification:_identify(A_tries/burger_navi_in_house/plots) by extension 'ros'
[0.601s] Level 1:colcon.colcon_core.package_identification:_identify(A_tries/burger_navi_in_house/plots) by extensions ['cmake', 'python']
[0.601s] Level 1:colcon.colcon_core.package_identification:_identify(A_tries/burger_navi_in_house/plots) by extension 'cmake'
[0.601s] Level 1:colcon.colcon_core.package_identification:_identify(A_tries/burger_navi_in_house/plots) by extension 'python'
[0.601s] Level 1:colcon.colcon_core.package_identification:_identify(A_tries/burger_navi_in_house/plots) by extensions ['python_setup_py']
[0.601s] Level 1:colcon.colcon_core.package_identification:_identify(A_tries/burger_navi_in_house/plots) by extension 'python_setup_py'
[0.601s] Level 1:colcon.colcon_core.package_identification:_identify(A_tries/burger_navi_in_house/plots/best_ttb3_world_SAC_for_ttb3_house) by extensions ['ignore', 'ignore_ament_install']
[0.601s] Level 1:colcon.colcon_core.package_identification:_identify(A_tries/burger_navi_in_house/plots/best_ttb3_world_SAC_for_ttb3_house) by extension 'ignore'
[0.601s] Level 1:colcon.colcon_core.package_identification:_identify(A_tries/burger_navi_in_house/plots/best_ttb3_world_SAC_for_ttb3_house) by extension 'ignore_ament_install'
[0.601s] Level 1:colcon.colcon_core.package_identification:_identify(A_tries/burger_navi_in_house/plots/best_ttb3_world_SAC_for_ttb3_house) by extensions ['colcon_pkg']
[0.601s] Level 1:colcon.colcon_core.package_identification:_identify(A_tries/burger_navi_in_house/plots/best_ttb3_world_SAC_for_ttb3_house) by extension 'colcon_pkg'
[0.601s] Level 1:colcon.colcon_core.package_identification:_identify(A_tries/burger_navi_in_house/plots/best_ttb3_world_SAC_for_ttb3_house) by extensions ['colcon_meta']
[0.601s] Level 1:colcon.colcon_core.package_identification:_identify(A_tries/burger_navi_in_house/plots/best_ttb3_world_SAC_for_ttb3_house) by extension 'colcon_meta'
[0.601s] Level 1:colcon.colcon_core.package_identification:_identify(A_tries/burger_navi_in_house/plots/best_ttb3_world_SAC_for_ttb3_house) by extensions ['ros']
[0.601s] Level 1:colcon.colcon_core.package_identification:_identify(A_tries/burger_navi_in_house/plots/best_ttb3_world_SAC_for_ttb3_house) by extension 'ros'
[0.602s] Level 1:colcon.colcon_core.package_identification:_identify(A_tries/burger_navi_in_house/plots/best_ttb3_world_SAC_for_ttb3_house) by extensions ['cmake', 'python']
[0.602s] Level 1:colcon.colcon_core.package_identification:_identify(A_tries/burger_navi_in_house/plots/best_ttb3_world_SAC_for_ttb3_house) by extension 'cmake'
[0.602s] Level 1:colcon.colcon_core.package_identification:_identify(A_tries/burger_navi_in_house/plots/best_ttb3_world_SAC_for_ttb3_house) by extension 'python'
[0.602s] Level 1:colcon.colcon_core.package_identification:_identify(A_tries/burger_navi_in_house/plots/best_ttb3_world_SAC_for_ttb3_house) by extensions ['python_setup_py']
[0.602s] Level 1:colcon.colcon_core.package_identification:_identify(A_tries/burger_navi_in_house/plots/best_ttb3_world_SAC_for_ttb3_house) by extension 'python_setup_py'
[0.602s] Level 1:colcon.colcon_core.package_identification:_identify(A_tries/burger_navi_in_house/saved_models) by extensions ['ignore', 'ignore_ament_install']
[0.602s] Level 1:colcon.colcon_core.package_identification:_identify(A_tries/burger_navi_in_house/saved_models) by extension 'ignore'
[0.602s] Level 1:colcon.colcon_core.package_identification:_identify(A_tries/burger_navi_in_house/saved_models) by extension 'ignore_ament_install'
[0.602s] Level 1:colcon.colcon_core.package_identification:_identify(A_tries/burger_navi_in_house/saved_models) by extensions ['colcon_pkg']
[0.602s] Level 1:colcon.colcon_core.package_identification:_identify(A_tries/burger_navi_in_house/saved_models) by extension 'colcon_pkg'
[0.602s] Level 1:colcon.colcon_core.package_identification:_identify(A_tries/burger_navi_in_house/saved_models) by extensions ['colcon_meta']
[0.602s] Level 1:colcon.colcon_core.package_identification:_identify(A_tries/burger_navi_in_house/saved_models) by extension 'colcon_meta'
[0.602s] Level 1:colcon.colcon_core.package_identification:_identify(A_tries/burger_navi_in_house/saved_models) by extensions ['ros']
[0.602s] Level 1:colcon.colcon_core.package_identification:_identify(A_tries/burger_navi_in_house/saved_models) by extension 'ros'
[0.602s] Level 1:colcon.colcon_core.package_identification:_identify(A_tries/burger_navi_in_house/saved_models) by extensions ['cmake', 'python']
[0.602s] Level 1:colcon.colcon_core.package_identification:_identify(A_tries/burger_navi_in_house/saved_models) by extension 'cmake'
[0.602s] Level 1:colcon.colcon_core.package_identification:_identify(A_tries/burger_navi_in_house/saved_models) by extension 'python'
[0.602s] Level 1:colcon.colcon_core.package_identification:_identify(A_tries/burger_navi_in_house/saved_models) by extensions ['python_setup_py']
[0.602s] Level 1:colcon.colcon_core.package_identification:_identify(A_tries/burger_navi_in_house/saved_models) by extension 'python_setup_py'
[0.603s] Level 1:colcon.colcon_core.package_identification:_identify(A_tries/burger_navi_in_house/saved_models/SAC_world2house) by extensions ['ignore', 'ignore_ament_install']
[0.603s] Level 1:colcon.colcon_core.package_identification:_identify(A_tries/burger_navi_in_house/saved_models/SAC_world2house) by extension 'ignore'
[0.603s] Level 1:colcon.colcon_core.package_identification:_identify(A_tries/burger_navi_in_house/saved_models/SAC_world2house) by extension 'ignore_ament_install'
[0.603s] Level 1:colcon.colcon_core.package_identification:_identify(A_tries/burger_navi_in_house/saved_models/SAC_world2house) by extensions ['colcon_pkg']
[0.603s] Level 1:colcon.colcon_core.package_identification:_identify(A_tries/burger_navi_in_house/saved_models/SAC_world2house) by extension 'colcon_pkg'
[0.603s] Level 1:colcon.colcon_core.package_identification:_identify(A_tries/burger_navi_in_house/saved_models/SAC_world2house) by extensions ['colcon_meta']
[0.603s] Level 1:colcon.colcon_core.package_identification:_identify(A_tries/burger_navi_in_house/saved_models/SAC_world2house) by extension 'colcon_meta'
[0.603s] Level 1:colcon.colcon_core.package_identification:_identify(A_tries/burger_navi_in_house/saved_models/SAC_world2house) by extensions ['ros']
[0.603s] Level 1:colcon.colcon_core.package_identification:_identify(A_tries/burger_navi_in_house/saved_models/SAC_world2house) by extension 'ros'
[0.603s] Level 1:colcon.colcon_core.package_identification:_identify(A_tries/burger_navi_in_house/saved_models/SAC_world2house) by extensions ['cmake', 'python']
[0.603s] Level 1:colcon.colcon_core.package_identification:_identify(A_tries/burger_navi_in_house/saved_models/SAC_world2house) by extension 'cmake'
[0.603s] Level 1:colcon.colcon_core.package_identification:_identify(A_tries/burger_navi_in_house/saved_models/SAC_world2house) by extension 'python'
[0.603s] Level 1:colcon.colcon_core.package_identification:_identify(A_tries/burger_navi_in_house/saved_models/SAC_world2house) by extensions ['python_setup_py']
[0.603s] Level 1:colcon.colcon_core.package_identification:_identify(A_tries/burger_navi_in_house/saved_models/SAC_world2house) by extension 'python_setup_py'
[0.603s] Level 1:colcon.colcon_core.package_identification:_identify(A_tries/burger_navi_in_house/saved_models/SAC_world2house/log) by extensions ['ignore', 'ignore_ament_install']
[0.603s] Level 1:colcon.colcon_core.package_identification:_identify(A_tries/burger_navi_in_house/saved_models/SAC_world2house/log) by extension 'ignore'
[0.604s] Level 1:colcon.colcon_core.package_identification:_identify(A_tries/burger_navi_in_house/saved_models/SAC_world2house/log) by extension 'ignore_ament_install'
[0.604s] Level 1:colcon.colcon_core.package_identification:_identify(A_tries/burger_navi_in_house/saved_models/SAC_world2house/log) by extensions ['colcon_pkg']
[0.604s] Level 1:colcon.colcon_core.package_identification:_identify(A_tries/burger_navi_in_house/saved_models/SAC_world2house/log) by extension 'colcon_pkg'
[0.604s] Level 1:colcon.colcon_core.package_identification:_identify(A_tries/burger_navi_in_house/saved_models/SAC_world2house/log) by extensions ['colcon_meta']
[0.604s] Level 1:colcon.colcon_core.package_identification:_identify(A_tries/burger_navi_in_house/saved_models/SAC_world2house/log) by extension 'colcon_meta'
[0.604s] Level 1:colcon.colcon_core.package_identification:_identify(A_tries/burger_navi_in_house/saved_models/SAC_world2house/log) by extensions ['ros']
[0.604s] Level 1:colcon.colcon_core.package_identification:_identify(A_tries/burger_navi_in_house/saved_models/SAC_world2house/log) by extension 'ros'
[0.604s] Level 1:colcon.colcon_core.package_identification:_identify(A_tries/burger_navi_in_house/saved_models/SAC_world2house/log) by extensions ['cmake', 'python']
[0.604s] Level 1:colcon.colcon_core.package_identification:_identify(A_tries/burger_navi_in_house/saved_models/SAC_world2house/log) by extension 'cmake'
[0.604s] Level 1:colcon.colcon_core.package_identification:_identify(A_tries/burger_navi_in_house/saved_models/SAC_world2house/log) by extension 'python'
[0.604s] Level 1:colcon.colcon_core.package_identification:_identify(A_tries/burger_navi_in_house/saved_models/SAC_world2house/log) by extensions ['python_setup_py']
[0.604s] Level 1:colcon.colcon_core.package_identification:_identify(A_tries/burger_navi_in_house/saved_models/SAC_world2house/log) by extension 'python_setup_py'
[0.604s] Level 1:colcon.colcon_core.package_identification:_identify(A_tries/burger_navi_in_house/saved_models/SAC_world2house/log/SAC_0) by extensions ['ignore', 'ignore_ament_install']
[0.604s] Level 1:colcon.colcon_core.package_identification:_identify(A_tries/burger_navi_in_house/saved_models/SAC_world2house/log/SAC_0) by extension 'ignore'
[0.604s] Level 1:colcon.colcon_core.package_identification:_identify(A_tries/burger_navi_in_house/saved_models/SAC_world2house/log/SAC_0) by extension 'ignore_ament_install'
[0.604s] Level 1:colcon.colcon_core.package_identification:_identify(A_tries/burger_navi_in_house/saved_models/SAC_world2house/log/SAC_0) by extensions ['colcon_pkg']
[0.605s] Level 1:colcon.colcon_core.package_identification:_identify(A_tries/burger_navi_in_house/saved_models/SAC_world2house/log/SAC_0) by extension 'colcon_pkg'
[0.605s] Level 1:colcon.colcon_core.package_identification:_identify(A_tries/burger_navi_in_house/saved_models/SAC_world2house/log/SAC_0) by extensions ['colcon_meta']
[0.605s] Level 1:colcon.colcon_core.package_identification:_identify(A_tries/burger_navi_in_house/saved_models/SAC_world2house/log/SAC_0) by extension 'colcon_meta'
[0.605s] Level 1:colcon.colcon_core.package_identification:_identify(A_tries/burger_navi_in_house/saved_models/SAC_world2house/log/SAC_0) by extensions ['ros']
[0.605s] Level 1:colcon.colcon_core.package_identification:_identify(A_tries/burger_navi_in_house/saved_models/SAC_world2house/log/SAC_0) by extension 'ros'
[0.605s] Level 1:colcon.colcon_core.package_identification:_identify(A_tries/burger_navi_in_house/saved_models/SAC_world2house/log/SAC_0) by extensions ['cmake', 'python']
[0.605s] Level 1:colcon.colcon_core.package_identification:_identify(A_tries/burger_navi_in_house/saved_models/SAC_world2house/log/SAC_0) by extension 'cmake'
[0.605s] Level 1:colcon.colcon_core.package_identification:_identify(A_tries/burger_navi_in_house/saved_models/SAC_world2house/log/SAC_0) by extension 'python'
[0.605s] Level 1:colcon.colcon_core.package_identification:_identify(A_tries/burger_navi_in_house/saved_models/SAC_world2house/log/SAC_0) by extensions ['python_setup_py']
[0.605s] Level 1:colcon.colcon_core.package_identification:_identify(A_tries/burger_navi_in_house/saved_models/SAC_world2house/log/SAC_0) by extension 'python_setup_py'
[0.605s] Level 1:colcon.colcon_core.package_identification:_identify(A_tries/burger_navi_in_house/saved_models/SAC_world2house/old_reward) by extensions ['ignore', 'ignore_ament_install']
[0.605s] Level 1:colcon.colcon_core.package_identification:_identify(A_tries/burger_navi_in_house/saved_models/SAC_world2house/old_reward) by extension 'ignore'
[0.605s] Level 1:colcon.colcon_core.package_identification:_identify(A_tries/burger_navi_in_house/saved_models/SAC_world2house/old_reward) by extension 'ignore_ament_install'
[0.605s] Level 1:colcon.colcon_core.package_identification:_identify(A_tries/burger_navi_in_house/saved_models/SAC_world2house/old_reward) by extensions ['colcon_pkg']
[0.605s] Level 1:colcon.colcon_core.package_identification:_identify(A_tries/burger_navi_in_house/saved_models/SAC_world2house/old_reward) by extension 'colcon_pkg'
[0.605s] Level 1:colcon.colcon_core.package_identification:_identify(A_tries/burger_navi_in_house/saved_models/SAC_world2house/old_reward) by extensions ['colcon_meta']
[0.605s] Level 1:colcon.colcon_core.package_identification:_identify(A_tries/burger_navi_in_house/saved_models/SAC_world2house/old_reward) by extension 'colcon_meta'
[0.605s] Level 1:colcon.colcon_core.package_identification:_identify(A_tries/burger_navi_in_house/saved_models/SAC_world2house/old_reward) by extensions ['ros']
[0.605s] Level 1:colcon.colcon_core.package_identification:_identify(A_tries/burger_navi_in_house/saved_models/SAC_world2house/old_reward) by extension 'ros'
[0.605s] Level 1:colcon.colcon_core.package_identification:_identify(A_tries/burger_navi_in_house/saved_models/SAC_world2house/old_reward) by extensions ['cmake', 'python']
[0.606s] Level 1:colcon.colcon_core.package_identification:_identify(A_tries/burger_navi_in_house/saved_models/SAC_world2house/old_reward) by extension 'cmake'
[0.606s] Level 1:colcon.colcon_core.package_identification:_identify(A_tries/burger_navi_in_house/saved_models/SAC_world2house/old_reward) by extension 'python'
[0.606s] Level 1:colcon.colcon_core.package_identification:_identify(A_tries/burger_navi_in_house/saved_models/SAC_world2house/old_reward) by extensions ['python_setup_py']
[0.606s] Level 1:colcon.colcon_core.package_identification:_identify(A_tries/burger_navi_in_house/saved_models/SAC_world2house/old_reward) by extension 'python_setup_py'
[0.606s] Level 1:colcon.colcon_core.package_identification:_identify(A_tries/burger_navi_in_house/scripts) by extensions ['ignore', 'ignore_ament_install']
[0.606s] Level 1:colcon.colcon_core.package_identification:_identify(A_tries/burger_navi_in_house/scripts) by extension 'ignore'
[0.606s] Level 1:colcon.colcon_core.package_identification:_identify(A_tries/burger_navi_in_house/scripts) by extension 'ignore_ament_install'
[0.606s] Level 1:colcon.colcon_core.package_identification:_identify(A_tries/burger_navi_in_house/scripts) by extensions ['colcon_pkg']
[0.606s] Level 1:colcon.colcon_core.package_identification:_identify(A_tries/burger_navi_in_house/scripts) by extension 'colcon_pkg'
[0.606s] Level 1:colcon.colcon_core.package_identification:_identify(A_tries/burger_navi_in_house/scripts) by extensions ['colcon_meta']
[0.606s] Level 1:colcon.colcon_core.package_identification:_identify(A_tries/burger_navi_in_house/scripts) by extension 'colcon_meta'
[0.606s] Level 1:colcon.colcon_core.package_identification:_identify(A_tries/burger_navi_in_house/scripts) by extensions ['ros']
[0.606s] Level 1:colcon.colcon_core.package_identification:_identify(A_tries/burger_navi_in_house/scripts) by extension 'ros'
[0.606s] Level 1:colcon.colcon_core.package_identification:_identify(A_tries/burger_navi_in_house/scripts) by extensions ['cmake', 'python']
[0.606s] Level 1:colcon.colcon_core.package_identification:_identify(A_tries/burger_navi_in_house/scripts) by extension 'cmake'
[0.606s] Level 1:colcon.colcon_core.package_identification:_identify(A_tries/burger_navi_in_house/scripts) by extension 'python'
[0.606s] Level 1:colcon.colcon_core.package_identification:_identify(A_tries/burger_navi_in_house/scripts) by extensions ['python_setup_py']
[0.606s] Level 1:colcon.colcon_core.package_identification:_identify(A_tries/burger_navi_in_house/scripts) by extension 'python_setup_py'
[0.606s] Level 1:colcon.colcon_core.package_identification:_identify(A_tries/burger_navi_in_world) by extensions ['ignore', 'ignore_ament_install']
[0.606s] Level 1:colcon.colcon_core.package_identification:_identify(A_tries/burger_navi_in_world) by extension 'ignore'
[0.606s] Level 1:colcon.colcon_core.package_identification:_identify(A_tries/burger_navi_in_world) by extension 'ignore_ament_install'
[0.606s] Level 1:colcon.colcon_core.package_identification:_identify(A_tries/burger_navi_in_world) by extensions ['colcon_pkg']
[0.606s] Level 1:colcon.colcon_core.package_identification:_identify(A_tries/burger_navi_in_world) by extension 'colcon_pkg'
[0.606s] Level 1:colcon.colcon_core.package_identification:_identify(A_tries/burger_navi_in_world) by extensions ['colcon_meta']
[0.606s] Level 1:colcon.colcon_core.package_identification:_identify(A_tries/burger_navi_in_world) by extension 'colcon_meta'
[0.606s] Level 1:colcon.colcon_core.package_identification:_identify(A_tries/burger_navi_in_world) by extensions ['ros']
[0.606s] Level 1:colcon.colcon_core.package_identification:_identify(A_tries/burger_navi_in_world) by extension 'ros'
[0.606s] Level 1:colcon.colcon_core.package_identification:_identify(A_tries/burger_navi_in_world) by extensions ['cmake', 'python']
[0.606s] Level 1:colcon.colcon_core.package_identification:_identify(A_tries/burger_navi_in_world) by extension 'cmake'
[0.607s] Level 1:colcon.colcon_core.package_identification:_identify(A_tries/burger_navi_in_world) by extension 'python'
[0.607s] Level 1:colcon.colcon_core.package_identification:_identify(A_tries/burger_navi_in_world) by extensions ['python_setup_py']
[0.607s] Level 1:colcon.colcon_core.package_identification:_identify(A_tries/burger_navi_in_world) by extension 'python_setup_py'
[0.607s] Level 1:colcon.colcon_core.package_identification:_identify(A_tries/burger_navi_in_world/configs) by extensions ['ignore', 'ignore_ament_install']
[0.607s] Level 1:colcon.colcon_core.package_identification:_identify(A_tries/burger_navi_in_world/configs) by extension 'ignore'
[0.607s] Level 1:colcon.colcon_core.package_identification:_identify(A_tries/burger_navi_in_world/configs) by extension 'ignore_ament_install'
[0.607s] Level 1:colcon.colcon_core.package_identification:_identify(A_tries/burger_navi_in_world/configs) by extensions ['colcon_pkg']
[0.607s] Level 1:colcon.colcon_core.package_identification:_identify(A_tries/burger_navi_in_world/configs) by extension 'colcon_pkg'
[0.607s] Level 1:colcon.colcon_core.package_identification:_identify(A_tries/burger_navi_in_world/configs) by extensions ['colcon_meta']
[0.607s] Level 1:colcon.colcon_core.package_identification:_identify(A_tries/burger_navi_in_world/configs) by extension 'colcon_meta'
[0.607s] Level 1:colcon.colcon_core.package_identification:_identify(A_tries/burger_navi_in_world/configs) by extensions ['ros']
[0.607s] Level 1:colcon.colcon_core.package_identification:_identify(A_tries/burger_navi_in_world/configs) by extension 'ros'
[0.607s] Level 1:colcon.colcon_core.package_identification:_identify(A_tries/burger_navi_in_world/configs) by extensions ['cmake', 'python']
[0.607s] Level 1:colcon.colcon_core.package_identification:_identify(A_tries/burger_navi_in_world/configs) by extension 'cmake'
[0.607s] Level 1:colcon.colcon_core.package_identification:_identify(A_tries/burger_navi_in_world/configs) by extension 'python'
[0.607s] Level 1:colcon.colcon_core.package_identification:_identify(A_tries/burger_navi_in_world/configs) by extensions ['python_setup_py']
[0.607s] Level 1:colcon.colcon_core.package_identification:_identify(A_tries/burger_navi_in_world/configs) by extension 'python_setup_py'
[0.607s] Level 1:colcon.colcon_core.package_identification:_identify(A_tries/burger_navi_in_world/saved_models) by extensions ['ignore', 'ignore_ament_install']
[0.607s] Level 1:colcon.colcon_core.package_identification:_identify(A_tries/burger_navi_in_world/saved_models) by extension 'ignore'
[0.607s] Level 1:colcon.colcon_core.package_identification:_identify(A_tries/burger_navi_in_world/saved_models) by extension 'ignore_ament_install'
[0.608s] Level 1:colcon.colcon_core.package_identification:_identify(A_tries/burger_navi_in_world/saved_models) by extensions ['colcon_pkg']
[0.608s] Level 1:colcon.colcon_core.package_identification:_identify(A_tries/burger_navi_in_world/saved_models) by extension 'colcon_pkg'
[0.608s] Level 1:colcon.colcon_core.package_identification:_identify(A_tries/burger_navi_in_world/saved_models) by extensions ['colcon_meta']
[0.608s] Level 1:colcon.colcon_core.package_identification:_identify(A_tries/burger_navi_in_world/saved_models) by extension 'colcon_meta'
[0.608s] Level 1:colcon.colcon_core.package_identification:_identify(A_tries/burger_navi_in_world/saved_models) by extensions ['ros']
[0.608s] Level 1:colcon.colcon_core.package_identification:_identify(A_tries/burger_navi_in_world/saved_models) by extension 'ros'
[0.608s] Level 1:colcon.colcon_core.package_identification:_identify(A_tries/burger_navi_in_world/saved_models) by extensions ['cmake', 'python']
[0.608s] Level 1:colcon.colcon_core.package_identification:_identify(A_tries/burger_navi_in_world/saved_models) by extension 'cmake'
[0.608s] Level 1:colcon.colcon_core.package_identification:_identify(A_tries/burger_navi_in_world/saved_models) by extension 'python'
[0.608s] Level 1:colcon.colcon_core.package_identification:_identify(A_tries/burger_navi_in_world/saved_models) by extensions ['python_setup_py']
[0.608s] Level 1:colcon.colcon_core.package_identification:_identify(A_tries/burger_navi_in_world/saved_models) by extension 'python_setup_py'
[0.608s] Level 1:colcon.colcon_core.package_identification:_identify(A_tries/burger_navi_in_world/saved_models/PPO) by extensions ['ignore', 'ignore_ament_install']
[0.608s] Level 1:colcon.colcon_core.package_identification:_identify(A_tries/burger_navi_in_world/saved_models/PPO) by extension 'ignore'
[0.608s] Level 1:colcon.colcon_core.package_identification:_identify(A_tries/burger_navi_in_world/saved_models/PPO) by extension 'ignore_ament_install'
[0.608s] Level 1:colcon.colcon_core.package_identification:_identify(A_tries/burger_navi_in_world/saved_models/PPO) by extensions ['colcon_pkg']
[0.608s] Level 1:colcon.colcon_core.package_identification:_identify(A_tries/burger_navi_in_world/saved_models/PPO) by extension 'colcon_pkg'
[0.608s] Level 1:colcon.colcon_core.package_identification:_identify(A_tries/burger_navi_in_world/saved_models/PPO) by extensions ['colcon_meta']
[0.608s] Level 1:colcon.colcon_core.package_identification:_identify(A_tries/burger_navi_in_world/saved_models/PPO) by extension 'colcon_meta'
[0.608s] Level 1:colcon.colcon_core.package_identification:_identify(A_tries/burger_navi_in_world/saved_models/PPO) by extensions ['ros']
[0.608s] Level 1:colcon.colcon_core.package_identification:_identify(A_tries/burger_navi_in_world/saved_models/PPO) by extension 'ros'
[0.608s] Level 1:colcon.colcon_core.package_identification:_identify(A_tries/burger_navi_in_world/saved_models/PPO) by extensions ['cmake', 'python']
[0.608s] Level 1:colcon.colcon_core.package_identification:_identify(A_tries/burger_navi_in_world/saved_models/PPO) by extension 'cmake'
[0.608s] Level 1:colcon.colcon_core.package_identification:_identify(A_tries/burger_navi_in_world/saved_models/PPO) by extension 'python'
[0.608s] Level 1:colcon.colcon_core.package_identification:_identify(A_tries/burger_navi_in_world/saved_models/PPO) by extensions ['python_setup_py']
[0.608s] Level 1:colcon.colcon_core.package_identification:_identify(A_tries/burger_navi_in_world/saved_models/PPO) by extension 'python_setup_py'
[0.609s] Level 1:colcon.colcon_core.package_identification:_identify(A_tries/burger_navi_in_world/saved_models/PPO/log) by extensions ['ignore', 'ignore_ament_install']
[0.609s] Level 1:colcon.colcon_core.package_identification:_identify(A_tries/burger_navi_in_world/saved_models/PPO/log) by extension 'ignore'
[0.609s] Level 1:colcon.colcon_core.package_identification:_identify(A_tries/burger_navi_in_world/saved_models/PPO/log) by extension 'ignore_ament_install'
[0.609s] Level 1:colcon.colcon_core.package_identification:_identify(A_tries/burger_navi_in_world/saved_models/PPO/log) by extensions ['colcon_pkg']
[0.609s] Level 1:colcon.colcon_core.package_identification:_identify(A_tries/burger_navi_in_world/saved_models/PPO/log) by extension 'colcon_pkg'
[0.609s] Level 1:colcon.colcon_core.package_identification:_identify(A_tries/burger_navi_in_world/saved_models/PPO/log) by extensions ['colcon_meta']
[0.609s] Level 1:colcon.colcon_core.package_identification:_identify(A_tries/burger_navi_in_world/saved_models/PPO/log) by extension 'colcon_meta'
[0.609s] Level 1:colcon.colcon_core.package_identification:_identify(A_tries/burger_navi_in_world/saved_models/PPO/log) by extensions ['ros']
[0.609s] Level 1:colcon.colcon_core.package_identification:_identify(A_tries/burger_navi_in_world/saved_models/PPO/log) by extension 'ros'
[0.609s] Level 1:colcon.colcon_core.package_identification:_identify(A_tries/burger_navi_in_world/saved_models/PPO/log) by extensions ['cmake', 'python']
[0.609s] Level 1:colcon.colcon_core.package_identification:_identify(A_tries/burger_navi_in_world/saved_models/PPO/log) by extension 'cmake'
[0.609s] Level 1:colcon.colcon_core.package_identification:_identify(A_tries/burger_navi_in_world/saved_models/PPO/log) by extension 'python'
[0.609s] Level 1:colcon.colcon_core.package_identification:_identify(A_tries/burger_navi_in_world/saved_models/PPO/log) by extensions ['python_setup_py']
[0.609s] Level 1:colcon.colcon_core.package_identification:_identify(A_tries/burger_navi_in_world/saved_models/PPO/log) by extension 'python_setup_py'
[0.609s] Level 1:colcon.colcon_core.package_identification:_identify(A_tries/burger_navi_in_world/saved_models/PPO/log/PPO_1) by extensions ['ignore', 'ignore_ament_install']
[0.609s] Level 1:colcon.colcon_core.package_identification:_identify(A_tries/burger_navi_in_world/saved_models/PPO/log/PPO_1) by extension 'ignore'
[0.609s] Level 1:colcon.colcon_core.package_identification:_identify(A_tries/burger_navi_in_world/saved_models/PPO/log/PPO_1) by extension 'ignore_ament_install'
[0.609s] Level 1:colcon.colcon_core.package_identification:_identify(A_tries/burger_navi_in_world/saved_models/PPO/log/PPO_1) by extensions ['colcon_pkg']
[0.609s] Level 1:colcon.colcon_core.package_identification:_identify(A_tries/burger_navi_in_world/saved_models/PPO/log/PPO_1) by extension 'colcon_pkg'
[0.609s] Level 1:colcon.colcon_core.package_identification:_identify(A_tries/burger_navi_in_world/saved_models/PPO/log/PPO_1) by extensions ['colcon_meta']
[0.609s] Level 1:colcon.colcon_core.package_identification:_identify(A_tries/burger_navi_in_world/saved_models/PPO/log/PPO_1) by extension 'colcon_meta'
[0.609s] Level 1:colcon.colcon_core.package_identification:_identify(A_tries/burger_navi_in_world/saved_models/PPO/log/PPO_1) by extensions ['ros']
[0.609s] Level 1:colcon.colcon_core.package_identification:_identify(A_tries/burger_navi_in_world/saved_models/PPO/log/PPO_1) by extension 'ros'
[0.610s] Level 1:colcon.colcon_core.package_identification:_identify(A_tries/burger_navi_in_world/saved_models/PPO/log/PPO_1) by extensions ['cmake', 'python']
[0.610s] Level 1:colcon.colcon_core.package_identification:_identify(A_tries/burger_navi_in_world/saved_models/PPO/log/PPO_1) by extension 'cmake'
[0.610s] Level 1:colcon.colcon_core.package_identification:_identify(A_tries/burger_navi_in_world/saved_models/PPO/log/PPO_1) by extension 'python'
[0.610s] Level 1:colcon.colcon_core.package_identification:_identify(A_tries/burger_navi_in_world/saved_models/PPO/log/PPO_1) by extensions ['python_setup_py']
[0.610s] Level 1:colcon.colcon_core.package_identification:_identify(A_tries/burger_navi_in_world/saved_models/PPO/log/PPO_1) by extension 'python_setup_py'
[0.610s] Level 1:colcon.colcon_core.package_identification:_identify(A_tries/burger_navi_in_world/saved_models/PPO/log/PPO_2) by extensions ['ignore', 'ignore_ament_install']
[0.610s] Level 1:colcon.colcon_core.package_identification:_identify(A_tries/burger_navi_in_world/saved_models/PPO/log/PPO_2) by extension 'ignore'
[0.610s] Level 1:colcon.colcon_core.package_identification:_identify(A_tries/burger_navi_in_world/saved_models/PPO/log/PPO_2) by extension 'ignore_ament_install'
[0.610s] Level 1:colcon.colcon_core.package_identification:_identify(A_tries/burger_navi_in_world/saved_models/PPO/log/PPO_2) by extensions ['colcon_pkg']
[0.610s] Level 1:colcon.colcon_core.package_identification:_identify(A_tries/burger_navi_in_world/saved_models/PPO/log/PPO_2) by extension 'colcon_pkg'
[0.610s] Level 1:colcon.colcon_core.package_identification:_identify(A_tries/burger_navi_in_world/saved_models/PPO/log/PPO_2) by extensions ['colcon_meta']
[0.610s] Level 1:colcon.colcon_core.package_identification:_identify(A_tries/burger_navi_in_world/saved_models/PPO/log/PPO_2) by extension 'colcon_meta'
[0.610s] Level 1:colcon.colcon_core.package_identification:_identify(A_tries/burger_navi_in_world/saved_models/PPO/log/PPO_2) by extensions ['ros']
[0.610s] Level 1:colcon.colcon_core.package_identification:_identify(A_tries/burger_navi_in_world/saved_models/PPO/log/PPO_2) by extension 'ros'
[0.610s] Level 1:colcon.colcon_core.package_identification:_identify(A_tries/burger_navi_in_world/saved_models/PPO/log/PPO_2) by extensions ['cmake', 'python']
[0.610s] Level 1:colcon.colcon_core.package_identification:_identify(A_tries/burger_navi_in_world/saved_models/PPO/log/PPO_2) by extension 'cmake'
[0.610s] Level 1:colcon.colcon_core.package_identification:_identify(A_tries/burger_navi_in_world/saved_models/PPO/log/PPO_2) by extension 'python'
[0.610s] Level 1:colcon.colcon_core.package_identification:_identify(A_tries/burger_navi_in_world/saved_models/PPO/log/PPO_2) by extensions ['python_setup_py']
[0.610s] Level 1:colcon.colcon_core.package_identification:_identify(A_tries/burger_navi_in_world/saved_models/PPO/log/PPO_2) by extension 'python_setup_py'
[0.610s] Level 1:colcon.colcon_core.package_identification:_identify(A_tries/burger_navi_in_world/saved_models/PPO/log/PPO_3) by extensions ['ignore', 'ignore_ament_install']
[0.610s] Level 1:colcon.colcon_core.package_identification:_identify(A_tries/burger_navi_in_world/saved_models/PPO/log/PPO_3) by extension 'ignore'
[0.611s] Level 1:colcon.colcon_core.package_identification:_identify(A_tries/burger_navi_in_world/saved_models/PPO/log/PPO_3) by extension 'ignore_ament_install'
[0.611s] Level 1:colcon.colcon_core.package_identification:_identify(A_tries/burger_navi_in_world/saved_models/PPO/log/PPO_3) by extensions ['colcon_pkg']
[0.611s] Level 1:colcon.colcon_core.package_identification:_identify(A_tries/burger_navi_in_world/saved_models/PPO/log/PPO_3) by extension 'colcon_pkg'
[0.611s] Level 1:colcon.colcon_core.package_identification:_identify(A_tries/burger_navi_in_world/saved_models/PPO/log/PPO_3) by extensions ['colcon_meta']
[0.611s] Level 1:colcon.colcon_core.package_identification:_identify(A_tries/burger_navi_in_world/saved_models/PPO/log/PPO_3) by extension 'colcon_meta'
[0.611s] Level 1:colcon.colcon_core.package_identification:_identify(A_tries/burger_navi_in_world/saved_models/PPO/log/PPO_3) by extensions ['ros']
[0.611s] Level 1:colcon.colcon_core.package_identification:_identify(A_tries/burger_navi_in_world/saved_models/PPO/log/PPO_3) by extension 'ros'
[0.611s] Level 1:colcon.colcon_core.package_identification:_identify(A_tries/burger_navi_in_world/saved_models/PPO/log/PPO_3) by extensions ['cmake', 'python']
[0.611s] Level 1:colcon.colcon_core.package_identification:_identify(A_tries/burger_navi_in_world/saved_models/PPO/log/PPO_3) by extension 'cmake'
[0.611s] Level 1:colcon.colcon_core.package_identification:_identify(A_tries/burger_navi_in_world/saved_models/PPO/log/PPO_3) by extension 'python'
[0.611s] Level 1:colcon.colcon_core.package_identification:_identify(A_tries/burger_navi_in_world/saved_models/PPO/log/PPO_3) by extensions ['python_setup_py']
[0.611s] Level 1:colcon.colcon_core.package_identification:_identify(A_tries/burger_navi_in_world/saved_models/PPO/log/PPO_3) by extension 'python_setup_py'
[0.611s] Level 1:colcon.colcon_core.package_identification:_identify(A_tries/burger_navi_in_world/saved_models/SAC) by extensions ['ignore', 'ignore_ament_install']
[0.611s] Level 1:colcon.colcon_core.package_identification:_identify(A_tries/burger_navi_in_world/saved_models/SAC) by extension 'ignore'
[0.611s] Level 1:colcon.colcon_core.package_identification:_identify(A_tries/burger_navi_in_world/saved_models/SAC) by extension 'ignore_ament_install'
[0.611s] Level 1:colcon.colcon_core.package_identification:_identify(A_tries/burger_navi_in_world/saved_models/SAC) by extensions ['colcon_pkg']
[0.611s] Level 1:colcon.colcon_core.package_identification:_identify(A_tries/burger_navi_in_world/saved_models/SAC) by extension 'colcon_pkg'
[0.611s] Level 1:colcon.colcon_core.package_identification:_identify(A_tries/burger_navi_in_world/saved_models/SAC) by extensions ['colcon_meta']
[0.611s] Level 1:colcon.colcon_core.package_identification:_identify(A_tries/burger_navi_in_world/saved_models/SAC) by extension 'colcon_meta'
[0.611s] Level 1:colcon.colcon_core.package_identification:_identify(A_tries/burger_navi_in_world/saved_models/SAC) by extensions ['ros']
[0.611s] Level 1:colcon.colcon_core.package_identification:_identify(A_tries/burger_navi_in_world/saved_models/SAC) by extension 'ros'
[0.611s] Level 1:colcon.colcon_core.package_identification:_identify(A_tries/burger_navi_in_world/saved_models/SAC) by extensions ['cmake', 'python']
[0.611s] Level 1:colcon.colcon_core.package_identification:_identify(A_tries/burger_navi_in_world/saved_models/SAC) by extension 'cmake'
[0.611s] Level 1:colcon.colcon_core.package_identification:_identify(A_tries/burger_navi_in_world/saved_models/SAC) by extension 'python'
[0.611s] Level 1:colcon.colcon_core.package_identification:_identify(A_tries/burger_navi_in_world/saved_models/SAC) by extensions ['python_setup_py']
[0.612s] Level 1:colcon.colcon_core.package_identification:_identify(A_tries/burger_navi_in_world/saved_models/SAC) by extension 'python_setup_py'
[0.612s] Level 1:colcon.colcon_core.package_identification:_identify(A_tries/burger_navi_in_world/saved_models/SAC/log) by extensions ['ignore', 'ignore_ament_install']
[0.612s] Level 1:colcon.colcon_core.package_identification:_identify(A_tries/burger_navi_in_world/saved_models/SAC/log) by extension 'ignore'
[0.612s] Level 1:colcon.colcon_core.package_identification:_identify(A_tries/burger_navi_in_world/saved_models/SAC/log) by extension 'ignore_ament_install'
[0.612s] Level 1:colcon.colcon_core.package_identification:_identify(A_tries/burger_navi_in_world/saved_models/SAC/log) by extensions ['colcon_pkg']
[0.612s] Level 1:colcon.colcon_core.package_identification:_identify(A_tries/burger_navi_in_world/saved_models/SAC/log) by extension 'colcon_pkg'
[0.612s] Level 1:colcon.colcon_core.package_identification:_identify(A_tries/burger_navi_in_world/saved_models/SAC/log) by extensions ['colcon_meta']
[0.612s] Level 1:colcon.colcon_core.package_identification:_identify(A_tries/burger_navi_in_world/saved_models/SAC/log) by extension 'colcon_meta'
[0.612s] Level 1:colcon.colcon_core.package_identification:_identify(A_tries/burger_navi_in_world/saved_models/SAC/log) by extensions ['ros']
[0.612s] Level 1:colcon.colcon_core.package_identification:_identify(A_tries/burger_navi_in_world/saved_models/SAC/log) by extension 'ros'
[0.612s] Level 1:colcon.colcon_core.package_identification:_identify(A_tries/burger_navi_in_world/saved_models/SAC/log) by extensions ['cmake', 'python']
[0.612s] Level 1:colcon.colcon_core.package_identification:_identify(A_tries/burger_navi_in_world/saved_models/SAC/log) by extension 'cmake'
[0.612s] Level 1:colcon.colcon_core.package_identification:_identify(A_tries/burger_navi_in_world/saved_models/SAC/log) by extension 'python'
[0.612s] Level 1:colcon.colcon_core.package_identification:_identify(A_tries/burger_navi_in_world/saved_models/SAC/log) by extensions ['python_setup_py']
[0.612s] Level 1:colcon.colcon_core.package_identification:_identify(A_tries/burger_navi_in_world/saved_models/SAC/log) by extension 'python_setup_py'
[0.612s] Level 1:colcon.colcon_core.package_identification:_identify(A_tries/burger_navi_in_world/saved_models/SAC/log/SAC_1) by extensions ['ignore', 'ignore_ament_install']
[0.612s] Level 1:colcon.colcon_core.package_identification:_identify(A_tries/burger_navi_in_world/saved_models/SAC/log/SAC_1) by extension 'ignore'
[0.612s] Level 1:colcon.colcon_core.package_identification:_identify(A_tries/burger_navi_in_world/saved_models/SAC/log/SAC_1) by extension 'ignore_ament_install'
[0.612s] Level 1:colcon.colcon_core.package_identification:_identify(A_tries/burger_navi_in_world/saved_models/SAC/log/SAC_1) by extensions ['colcon_pkg']
[0.612s] Level 1:colcon.colcon_core.package_identification:_identify(A_tries/burger_navi_in_world/saved_models/SAC/log/SAC_1) by extension 'colcon_pkg'
[0.612s] Level 1:colcon.colcon_core.package_identification:_identify(A_tries/burger_navi_in_world/saved_models/SAC/log/SAC_1) by extensions ['colcon_meta']
[0.612s] Level 1:colcon.colcon_core.package_identification:_identify(A_tries/burger_navi_in_world/saved_models/SAC/log/SAC_1) by extension 'colcon_meta'
[0.612s] Level 1:colcon.colcon_core.package_identification:_identify(A_tries/burger_navi_in_world/saved_models/SAC/log/SAC_1) by extensions ['ros']
[0.613s] Level 1:colcon.colcon_core.package_identification:_identify(A_tries/burger_navi_in_world/saved_models/SAC/log/SAC_1) by extension 'ros'
[0.613s] Level 1:colcon.colcon_core.package_identification:_identify(A_tries/burger_navi_in_world/saved_models/SAC/log/SAC_1) by extensions ['cmake', 'python']
[0.613s] Level 1:colcon.colcon_core.package_identification:_identify(A_tries/burger_navi_in_world/saved_models/SAC/log/SAC_1) by extension 'cmake'
[0.613s] Level 1:colcon.colcon_core.package_identification:_identify(A_tries/burger_navi_in_world/saved_models/SAC/log/SAC_1) by extension 'python'
[0.613s] Level 1:colcon.colcon_core.package_identification:_identify(A_tries/burger_navi_in_world/saved_models/SAC/log/SAC_1) by extensions ['python_setup_py']
[0.613s] Level 1:colcon.colcon_core.package_identification:_identify(A_tries/burger_navi_in_world/saved_models/SAC/log/SAC_1) by extension 'python_setup_py'
[0.613s] Level 1:colcon.colcon_core.package_identification:_identify(A_tries/burger_navi_in_world/saved_models/SAC/log/SAC_2) by extensions ['ignore', 'ignore_ament_install']
[0.613s] Level 1:colcon.colcon_core.package_identification:_identify(A_tries/burger_navi_in_world/saved_models/SAC/log/SAC_2) by extension 'ignore'
[0.613s] Level 1:colcon.colcon_core.package_identification:_identify(A_tries/burger_navi_in_world/saved_models/SAC/log/SAC_2) by extension 'ignore_ament_install'
[0.613s] Level 1:colcon.colcon_core.package_identification:_identify(A_tries/burger_navi_in_world/saved_models/SAC/log/SAC_2) by extensions ['colcon_pkg']
[0.613s] Level 1:colcon.colcon_core.package_identification:_identify(A_tries/burger_navi_in_world/saved_models/SAC/log/SAC_2) by extension 'colcon_pkg'
[0.613s] Level 1:colcon.colcon_core.package_identification:_identify(A_tries/burger_navi_in_world/saved_models/SAC/log/SAC_2) by extensions ['colcon_meta']
[0.613s] Level 1:colcon.colcon_core.package_identification:_identify(A_tries/burger_navi_in_world/saved_models/SAC/log/SAC_2) by extension 'colcon_meta'
[0.613s] Level 1:colcon.colcon_core.package_identification:_identify(A_tries/burger_navi_in_world/saved_models/SAC/log/SAC_2) by extensions ['ros']
[0.613s] Level 1:colcon.colcon_core.package_identification:_identify(A_tries/burger_navi_in_world/saved_models/SAC/log/SAC_2) by extension 'ros'
[0.613s] Level 1:colcon.colcon_core.package_identification:_identify(A_tries/burger_navi_in_world/saved_models/SAC/log/SAC_2) by extensions ['cmake', 'python']
[0.613s] Level 1:colcon.colcon_core.package_identification:_identify(A_tries/burger_navi_in_world/saved_models/SAC/log/SAC_2) by extension 'cmake'
[0.613s] Level 1:colcon.colcon_core.package_identification:_identify(A_tries/burger_navi_in_world/saved_models/SAC/log/SAC_2) by extension 'python'
[0.613s] Level 1:colcon.colcon_core.package_identification:_identify(A_tries/burger_navi_in_world/saved_models/SAC/log/SAC_2) by extensions ['python_setup_py']
[0.613s] Level 1:colcon.colcon_core.package_identification:_identify(A_tries/burger_navi_in_world/saved_models/SAC/log/SAC_2) by extension 'python_setup_py'
[0.613s] Level 1:colcon.colcon_core.package_identification:_identify(A_tries/burger_navi_in_world/saved_models/SAC/log/SAC_3) by extensions ['ignore', 'ignore_ament_install']
[0.613s] Level 1:colcon.colcon_core.package_identification:_identify(A_tries/burger_navi_in_world/saved_models/SAC/log/SAC_3) by extension 'ignore'
[0.614s] Level 1:colcon.colcon_core.package_identification:_identify(A_tries/burger_navi_in_world/saved_models/SAC/log/SAC_3) by extension 'ignore_ament_install'
[0.614s] Level 1:colcon.colcon_core.package_identification:_identify(A_tries/burger_navi_in_world/saved_models/SAC/log/SAC_3) by extensions ['colcon_pkg']
[0.614s] Level 1:colcon.colcon_core.package_identification:_identify(A_tries/burger_navi_in_world/saved_models/SAC/log/SAC_3) by extension 'colcon_pkg'
[0.614s] Level 1:colcon.colcon_core.package_identification:_identify(A_tries/burger_navi_in_world/saved_models/SAC/log/SAC_3) by extensions ['colcon_meta']
[0.614s] Level 1:colcon.colcon_core.package_identification:_identify(A_tries/burger_navi_in_world/saved_models/SAC/log/SAC_3) by extension 'colcon_meta'
[0.614s] Level 1:colcon.colcon_core.package_identification:_identify(A_tries/burger_navi_in_world/saved_models/SAC/log/SAC_3) by extensions ['ros']
[0.614s] Level 1:colcon.colcon_core.package_identification:_identify(A_tries/burger_navi_in_world/saved_models/SAC/log/SAC_3) by extension 'ros'
[0.614s] Level 1:colcon.colcon_core.package_identification:_identify(A_tries/burger_navi_in_world/saved_models/SAC/log/SAC_3) by extensions ['cmake', 'python']
[0.614s] Level 1:colcon.colcon_core.package_identification:_identify(A_tries/burger_navi_in_world/saved_models/SAC/log/SAC_3) by extension 'cmake'
[0.614s] Level 1:colcon.colcon_core.package_identification:_identify(A_tries/burger_navi_in_world/saved_models/SAC/log/SAC_3) by extension 'python'
[0.614s] Level 1:colcon.colcon_core.package_identification:_identify(A_tries/burger_navi_in_world/saved_models/SAC/log/SAC_3) by extensions ['python_setup_py']
[0.614s] Level 1:colcon.colcon_core.package_identification:_identify(A_tries/burger_navi_in_world/saved_models/SAC/log/SAC_3) by extension 'python_setup_py'
[0.614s] Level 1:colcon.colcon_core.package_identification:_identify(A_tries/burger_navi_in_world/saved_models/SAC/plots) by extensions ['ignore', 'ignore_ament_install']
[0.614s] Level 1:colcon.colcon_core.package_identification:_identify(A_tries/burger_navi_in_world/saved_models/SAC/plots) by extension 'ignore'
[0.614s] Level 1:colcon.colcon_core.package_identification:_identify(A_tries/burger_navi_in_world/saved_models/SAC/plots) by extension 'ignore_ament_install'
[0.614s] Level 1:colcon.colcon_core.package_identification:_identify(A_tries/burger_navi_in_world/saved_models/SAC/plots) by extensions ['colcon_pkg']
[0.614s] Level 1:colcon.colcon_core.package_identification:_identify(A_tries/burger_navi_in_world/saved_models/SAC/plots) by extension 'colcon_pkg'
[0.614s] Level 1:colcon.colcon_core.package_identification:_identify(A_tries/burger_navi_in_world/saved_models/SAC/plots) by extensions ['colcon_meta']
[0.614s] Level 1:colcon.colcon_core.package_identification:_identify(A_tries/burger_navi_in_world/saved_models/SAC/plots) by extension 'colcon_meta'
[0.614s] Level 1:colcon.colcon_core.package_identification:_identify(A_tries/burger_navi_in_world/saved_models/SAC/plots) by extensions ['ros']
[0.614s] Level 1:colcon.colcon_core.package_identification:_identify(A_tries/burger_navi_in_world/saved_models/SAC/plots) by extension 'ros'
[0.614s] Level 1:colcon.colcon_core.package_identification:_identify(A_tries/burger_navi_in_world/saved_models/SAC/plots) by extensions ['cmake', 'python']
[0.615s] Level 1:colcon.colcon_core.package_identification:_identify(A_tries/burger_navi_in_world/saved_models/SAC/plots) by extension 'cmake'
[0.615s] Level 1:colcon.colcon_core.package_identification:_identify(A_tries/burger_navi_in_world/saved_models/SAC/plots) by extension 'python'
[0.615s] Level 1:colcon.colcon_core.package_identification:_identify(A_tries/burger_navi_in_world/saved_models/SAC/plots) by extensions ['python_setup_py']
[0.615s] Level 1:colcon.colcon_core.package_identification:_identify(A_tries/burger_navi_in_world/saved_models/SAC/plots) by extension 'python_setup_py'
[0.615s] Level 1:colcon.colcon_core.package_identification:_identify(A_tries/burger_navi_in_world/scripts) by extensions ['ignore', 'ignore_ament_install']
[0.615s] Level 1:colcon.colcon_core.package_identification:_identify(A_tries/burger_navi_in_world/scripts) by extension 'ignore'
[0.615s] Level 1:colcon.colcon_core.package_identification:_identify(A_tries/burger_navi_in_world/scripts) by extension 'ignore_ament_install'
[0.615s] Level 1:colcon.colcon_core.package_identification:_identify(A_tries/burger_navi_in_world/scripts) by extensions ['colcon_pkg']
[0.615s] Level 1:colcon.colcon_core.package_identification:_identify(A_tries/burger_navi_in_world/scripts) by extension 'colcon_pkg'
[0.615s] Level 1:colcon.colcon_core.package_identification:_identify(A_tries/burger_navi_in_world/scripts) by extensions ['colcon_meta']
[0.615s] Level 1:colcon.colcon_core.package_identification:_identify(A_tries/burger_navi_in_world/scripts) by extension 'colcon_meta'
[0.615s] Level 1:colcon.colcon_core.package_identification:_identify(A_tries/burger_navi_in_world/scripts) by extensions ['ros']
[0.615s] Level 1:colcon.colcon_core.package_identification:_identify(A_tries/burger_navi_in_world/scripts) by extension 'ros'
[0.615s] Level 1:colcon.colcon_core.package_identification:_identify(A_tries/burger_navi_in_world/scripts) by extensions ['cmake', 'python']
[0.615s] Level 1:colcon.colcon_core.package_identification:_identify(A_tries/burger_navi_in_world/scripts) by extension 'cmake'
[0.615s] Level 1:colcon.colcon_core.package_identification:_identify(A_tries/burger_navi_in_world/scripts) by extension 'python'
[0.615s] Level 1:colcon.colcon_core.package_identification:_identify(A_tries/burger_navi_in_world/scripts) by extensions ['python_setup_py']
[0.615s] Level 1:colcon.colcon_core.package_identification:_identify(A_tries/burger_navi_in_world/scripts) by extension 'python_setup_py'
[0.615s] Level 1:colcon.colcon_core.package_identification:_identify(A_tries/waffle_L_navi_in_house) by extensions ['ignore', 'ignore_ament_install']
[0.615s] Level 1:colcon.colcon_core.package_identification:_identify(A_tries/waffle_L_navi_in_house) by extension 'ignore'
[0.615s] Level 1:colcon.colcon_core.package_identification:_identify(A_tries/waffle_L_navi_in_house) by extension 'ignore_ament_install'
[0.616s] Level 1:colcon.colcon_core.package_identification:_identify(A_tries/waffle_L_navi_in_house) by extensions ['colcon_pkg']
[0.616s] Level 1:colcon.colcon_core.package_identification:_identify(A_tries/waffle_L_navi_in_house) by extension 'colcon_pkg'
[0.616s] Level 1:colcon.colcon_core.package_identification:_identify(A_tries/waffle_L_navi_in_house) by extensions ['colcon_meta']
[0.616s] Level 1:colcon.colcon_core.package_identification:_identify(A_tries/waffle_L_navi_in_house) by extension 'colcon_meta'
[0.616s] Level 1:colcon.colcon_core.package_identification:_identify(A_tries/waffle_L_navi_in_house) by extensions ['ros']
[0.616s] Level 1:colcon.colcon_core.package_identification:_identify(A_tries/waffle_L_navi_in_house) by extension 'ros'
[0.616s] Level 1:colcon.colcon_core.package_identification:_identify(A_tries/waffle_L_navi_in_house) by extensions ['cmake', 'python']
[0.616s] Level 1:colcon.colcon_core.package_identification:_identify(A_tries/waffle_L_navi_in_house) by extension 'cmake'
[0.616s] Level 1:colcon.colcon_core.package_identification:_identify(A_tries/waffle_L_navi_in_house) by extension 'python'
[0.616s] Level 1:colcon.colcon_core.package_identification:_identify(A_tries/waffle_L_navi_in_house) by extensions ['python_setup_py']
[0.616s] Level 1:colcon.colcon_core.package_identification:_identify(A_tries/waffle_L_navi_in_house) by extension 'python_setup_py'
[0.616s] Level 1:colcon.colcon_core.package_identification:_identify(A_tries/waffle_L_navi_in_house/configs) by extensions ['ignore', 'ignore_ament_install']
[0.616s] Level 1:colcon.colcon_core.package_identification:_identify(A_tries/waffle_L_navi_in_house/configs) by extension 'ignore'
[0.616s] Level 1:colcon.colcon_core.package_identification:_identify(A_tries/waffle_L_navi_in_house/configs) by extension 'ignore_ament_install'
[0.616s] Level 1:colcon.colcon_core.package_identification:_identify(A_tries/waffle_L_navi_in_house/configs) by extensions ['colcon_pkg']
[0.616s] Level 1:colcon.colcon_core.package_identification:_identify(A_tries/waffle_L_navi_in_house/configs) by extension 'colcon_pkg'
[0.616s] Level 1:colcon.colcon_core.package_identification:_identify(A_tries/waffle_L_navi_in_house/configs) by extensions ['colcon_meta']
[0.616s] Level 1:colcon.colcon_core.package_identification:_identify(A_tries/waffle_L_navi_in_house/configs) by extension 'colcon_meta'
[0.616s] Level 1:colcon.colcon_core.package_identification:_identify(A_tries/waffle_L_navi_in_house/configs) by extensions ['ros']
[0.616s] Level 1:colcon.colcon_core.package_identification:_identify(A_tries/waffle_L_navi_in_house/configs) by extension 'ros'
[0.616s] Level 1:colcon.colcon_core.package_identification:_identify(A_tries/waffle_L_navi_in_house/configs) by extensions ['cmake', 'python']
[0.616s] Level 1:colcon.colcon_core.package_identification:_identify(A_tries/waffle_L_navi_in_house/configs) by extension 'cmake'
[0.616s] Level 1:colcon.colcon_core.package_identification:_identify(A_tries/waffle_L_navi_in_house/configs) by extension 'python'
[0.616s] Level 1:colcon.colcon_core.package_identification:_identify(A_tries/waffle_L_navi_in_house/configs) by extensions ['python_setup_py']
[0.616s] Level 1:colcon.colcon_core.package_identification:_identify(A_tries/waffle_L_navi_in_house/configs) by extension 'python_setup_py'
[0.616s] Level 1:colcon.colcon_core.package_identification:_identify(A_tries/waffle_L_navi_in_house/environment) by extensions ['ignore', 'ignore_ament_install']
[0.616s] Level 1:colcon.colcon_core.package_identification:_identify(A_tries/waffle_L_navi_in_house/environment) by extension 'ignore'
[0.617s] Level 1:colcon.colcon_core.package_identification:_identify(A_tries/waffle_L_navi_in_house/environment) by extension 'ignore_ament_install'
[0.617s] Level 1:colcon.colcon_core.package_identification:_identify(A_tries/waffle_L_navi_in_house/environment) by extensions ['colcon_pkg']
[0.617s] Level 1:colcon.colcon_core.package_identification:_identify(A_tries/waffle_L_navi_in_house/environment) by extension 'colcon_pkg'
[0.617s] Level 1:colcon.colcon_core.package_identification:_identify(A_tries/waffle_L_navi_in_house/environment) by extensions ['colcon_meta']
[0.617s] Level 1:colcon.colcon_core.package_identification:_identify(A_tries/waffle_L_navi_in_house/environment) by extension 'colcon_meta'
[0.617s] Level 1:colcon.colcon_core.package_identification:_identify(A_tries/waffle_L_navi_in_house/environment) by extensions ['ros']
[0.617s] Level 1:colcon.colcon_core.package_identification:_identify(A_tries/waffle_L_navi_in_house/environment) by extension 'ros'
[0.617s] Level 1:colcon.colcon_core.package_identification:_identify(A_tries/waffle_L_navi_in_house/environment) by extensions ['cmake', 'python']
[0.617s] Level 1:colcon.colcon_core.package_identification:_identify(A_tries/waffle_L_navi_in_house/environment) by extension 'cmake'
[0.617s] Level 1:colcon.colcon_core.package_identification:_identify(A_tries/waffle_L_navi_in_house/environment) by extension 'python'
[0.617s] Level 1:colcon.colcon_core.package_identification:_identify(A_tries/waffle_L_navi_in_house/environment) by extensions ['python_setup_py']
[0.617s] Level 1:colcon.colcon_core.package_identification:_identify(A_tries/waffle_L_navi_in_house/environment) by extension 'python_setup_py'
[0.617s] Level 1:colcon.colcon_core.package_identification:_identify(A_tries/waffle_L_navi_in_house/saved_models) by extensions ['ignore', 'ignore_ament_install']
[0.617s] Level 1:colcon.colcon_core.package_identification:_identify(A_tries/waffle_L_navi_in_house/saved_models) by extension 'ignore'
[0.617s] Level 1:colcon.colcon_core.package_identification:_identify(A_tries/waffle_L_navi_in_house/saved_models) by extension 'ignore_ament_install'
[0.617s] Level 1:colcon.colcon_core.package_identification:_identify(A_tries/waffle_L_navi_in_house/saved_models) by extensions ['colcon_pkg']
[0.617s] Level 1:colcon.colcon_core.package_identification:_identify(A_tries/waffle_L_navi_in_house/saved_models) by extension 'colcon_pkg'
[0.617s] Level 1:colcon.colcon_core.package_identification:_identify(A_tries/waffle_L_navi_in_house/saved_models) by extensions ['colcon_meta']
[0.617s] Level 1:colcon.colcon_core.package_identification:_identify(A_tries/waffle_L_navi_in_house/saved_models) by extension 'colcon_meta'
[0.617s] Level 1:colcon.colcon_core.package_identification:_identify(A_tries/waffle_L_navi_in_house/saved_models) by extensions ['ros']
[0.617s] Level 1:colcon.colcon_core.package_identification:_identify(A_tries/waffle_L_navi_in_house/saved_models) by extension 'ros'
[0.617s] Level 1:colcon.colcon_core.package_identification:_identify(A_tries/waffle_L_navi_in_house/saved_models) by extensions ['cmake', 'python']
[0.617s] Level 1:colcon.colcon_core.package_identification:_identify(A_tries/waffle_L_navi_in_house/saved_models) by extension 'cmake'
[0.617s] Level 1:colcon.colcon_core.package_identification:_identify(A_tries/waffle_L_navi_in_house/saved_models) by extension 'python'
[0.617s] Level 1:colcon.colcon_core.package_identification:_identify(A_tries/waffle_L_navi_in_house/saved_models) by extensions ['python_setup_py']
[0.617s] Level 1:colcon.colcon_core.package_identification:_identify(A_tries/waffle_L_navi_in_house/saved_models) by extension 'python_setup_py'
[0.617s] Level 1:colcon.colcon_core.package_identification:_identify(A_tries/waffle_L_navi_in_house/scripts) by extensions ['ignore', 'ignore_ament_install']
[0.618s] Level 1:colcon.colcon_core.package_identification:_identify(A_tries/waffle_L_navi_in_house/scripts) by extension 'ignore'
[0.618s] Level 1:colcon.colcon_core.package_identification:_identify(A_tries/waffle_L_navi_in_house/scripts) by extension 'ignore_ament_install'
[0.618s] Level 1:colcon.colcon_core.package_identification:_identify(A_tries/waffle_L_navi_in_house/scripts) by extensions ['colcon_pkg']
[0.618s] Level 1:colcon.colcon_core.package_identification:_identify(A_tries/waffle_L_navi_in_house/scripts) by extension 'colcon_pkg'
[0.618s] Level 1:colcon.colcon_core.package_identification:_identify(A_tries/waffle_L_navi_in_house/scripts) by extensions ['colcon_meta']
[0.618s] Level 1:colcon.colcon_core.package_identification:_identify(A_tries/waffle_L_navi_in_house/scripts) by extension 'colcon_meta'
[0.618s] Level 1:colcon.colcon_core.package_identification:_identify(A_tries/waffle_L_navi_in_house/scripts) by extensions ['ros']
[0.618s] Level 1:colcon.colcon_core.package_identification:_identify(A_tries/waffle_L_navi_in_house/scripts) by extension 'ros'
[0.618s] Level 1:colcon.colcon_core.package_identification:_identify(A_tries/waffle_L_navi_in_house/scripts) by extensions ['cmake', 'python']
[0.618s] Level 1:colcon.colcon_core.package_identification:_identify(A_tries/waffle_L_navi_in_house/scripts) by extension 'cmake'
[0.618s] Level 1:colcon.colcon_core.package_identification:_identify(A_tries/waffle_L_navi_in_house/scripts) by extension 'python'
[0.618s] Level 1:colcon.colcon_core.package_identification:_identify(A_tries/waffle_L_navi_in_house/scripts) by extensions ['python_setup_py']
[0.618s] Level 1:colcon.colcon_core.package_identification:_identify(A_tries/waffle_L_navi_in_house/scripts) by extension 'python_setup_py'
[0.618s] Level 1:colcon.colcon_core.package_identification:_identify(app) by extensions ['ignore', 'ignore_ament_install']
[0.618s] Level 1:colcon.colcon_core.package_identification:_identify(app) by extension 'ignore'
[0.618s] Level 1:colcon.colcon_core.package_identification:_identify(app) by extension 'ignore_ament_install'
[0.618s] Level 1:colcon.colcon_core.package_identification:_identify(app) by extensions ['colcon_pkg']
[0.618s] Level 1:colcon.colcon_core.package_identification:_identify(app) by extension 'colcon_pkg'
[0.618s] Level 1:colcon.colcon_core.package_identification:_identify(app) by extensions ['colcon_meta']
[0.618s] Level 1:colcon.colcon_core.package_identification:_identify(app) by extension 'colcon_meta'
[0.618s] Level 1:colcon.colcon_core.package_identification:_identify(app) by extensions ['ros']
[0.618s] Level 1:colcon.colcon_core.package_identification:_identify(app) by extension 'ros'
[0.618s] Level 1:colcon.colcon_core.package_identification:_identify(app) by extensions ['cmake', 'python']
[0.618s] Level 1:colcon.colcon_core.package_identification:_identify(app) by extension 'cmake'
[0.618s] Level 1:colcon.colcon_core.package_identification:_identify(app) by extension 'python'
[0.619s] Level 1:colcon.colcon_core.package_identification:_identify(app) by extensions ['python_setup_py']
[0.619s] Level 1:colcon.colcon_core.package_identification:_identify(app) by extension 'python_setup_py'
[0.619s] Level 1:colcon.colcon_core.package_identification:_identify(app/__pycache__) by extensions ['ignore', 'ignore_ament_install']
[0.619s] Level 1:colcon.colcon_core.package_identification:_identify(app/__pycache__) by extension 'ignore'
[0.619s] Level 1:colcon.colcon_core.package_identification:_identify(app/__pycache__) by extension 'ignore_ament_install'
[0.619s] Level 1:colcon.colcon_core.package_identification:_identify(app/__pycache__) by extensions ['colcon_pkg']
[0.619s] Level 1:colcon.colcon_core.package_identification:_identify(app/__pycache__) by extension 'colcon_pkg'
[0.619s] Level 1:colcon.colcon_core.package_identification:_identify(app/__pycache__) by extensions ['colcon_meta']
[0.619s] Level 1:colcon.colcon_core.package_identification:_identify(app/__pycache__) by extension 'colcon_meta'
[0.619s] Level 1:colcon.colcon_core.package_identification:_identify(app/__pycache__) by extensions ['ros']
[0.619s] Level 1:colcon.colcon_core.package_identification:_identify(app/__pycache__) by extension 'ros'
[0.619s] Level 1:colcon.colcon_core.package_identification:_identify(app/__pycache__) by extensions ['cmake', 'python']
[0.619s] Level 1:colcon.colcon_core.package_identification:_identify(app/__pycache__) by extension 'cmake'
[0.619s] Level 1:colcon.colcon_core.package_identification:_identify(app/__pycache__) by extension 'python'
[0.619s] Level 1:colcon.colcon_core.package_identification:_identify(app/__pycache__) by extensions ['python_setup_py']
[0.619s] Level 1:colcon.colcon_core.package_identification:_identify(app/__pycache__) by extension 'python_setup_py'
[0.619s] Level 1:colcon.colcon_core.package_identification:_identify(app/api) by extensions ['ignore', 'ignore_ament_install']
[0.619s] Level 1:colcon.colcon_core.package_identification:_identify(app/api) by extension 'ignore'
[0.619s] Level 1:colcon.colcon_core.package_identification:_identify(app/api) by extension 'ignore_ament_install'
[0.619s] Level 1:colcon.colcon_core.package_identification:_identify(app/api) by extensions ['colcon_pkg']
[0.619s] Level 1:colcon.colcon_core.package_identification:_identify(app/api) by extension 'colcon_pkg'
[0.619s] Level 1:colcon.colcon_core.package_identification:_identify(app/api) by extensions ['colcon_meta']
[0.619s] Level 1:colcon.colcon_core.package_identification:_identify(app/api) by extension 'colcon_meta'
[0.619s] Level 1:colcon.colcon_core.package_identification:_identify(app/api) by extensions ['ros']
[0.619s] Level 1:colcon.colcon_core.package_identification:_identify(app/api) by extension 'ros'
[0.620s] Level 1:colcon.colcon_core.package_identification:_identify(app/api) by extensions ['cmake', 'python']
[0.620s] Level 1:colcon.colcon_core.package_identification:_identify(app/api) by extension 'cmake'
[0.620s] Level 1:colcon.colcon_core.package_identification:_identify(app/api) by extension 'python'
[0.620s] Level 1:colcon.colcon_core.package_identification:_identify(app/api) by extensions ['python_setup_py']
[0.620s] Level 1:colcon.colcon_core.package_identification:_identify(app/api) by extension 'python_setup_py'
[0.620s] Level 1:colcon.colcon_core.package_identification:_identify(app/api/v1) by extensions ['ignore', 'ignore_ament_install']
[0.620s] Level 1:colcon.colcon_core.package_identification:_identify(app/api/v1) by extension 'ignore'
[0.620s] Level 1:colcon.colcon_core.package_identification:_identify(app/api/v1) by extension 'ignore_ament_install'
[0.620s] Level 1:colcon.colcon_core.package_identification:_identify(app/api/v1) by extensions ['colcon_pkg']
[0.620s] Level 1:colcon.colcon_core.package_identification:_identify(app/api/v1) by extension 'colcon_pkg'
[0.620s] Level 1:colcon.colcon_core.package_identification:_identify(app/api/v1) by extensions ['colcon_meta']
[0.620s] Level 1:colcon.colcon_core.package_identification:_identify(app/api/v1) by extension 'colcon_meta'
[0.620s] Level 1:colcon.colcon_core.package_identification:_identify(app/api/v1) by extensions ['ros']
[0.620s] Level 1:colcon.colcon_core.package_identification:_identify(app/api/v1) by extension 'ros'
[0.620s] Level 1:colcon.colcon_core.package_identification:_identify(app/api/v1) by extensions ['cmake', 'python']
[0.620s] Level 1:colcon.colcon_core.package_identification:_identify(app/api/v1) by extension 'cmake'
[0.620s] Level 1:colcon.colcon_core.package_identification:_identify(app/api/v1) by extension 'python'
[0.620s] Level 1:colcon.colcon_core.package_identification:_identify(app/api/v1) by extensions ['python_setup_py']
[0.620s] Level 1:colcon.colcon_core.package_identification:_identify(app/api/v1) by extension 'python_setup_py'
[0.620s] Level 1:colcon.colcon_core.package_identification:_identify(app/api/v1/__pycache__) by extensions ['ignore', 'ignore_ament_install']
[0.621s] Level 1:colcon.colcon_core.package_identification:_identify(app/api/v1/__pycache__) by extension 'ignore'
[0.621s] Level 1:colcon.colcon_core.package_identification:_identify(app/api/v1/__pycache__) by extension 'ignore_ament_install'
[0.621s] Level 1:colcon.colcon_core.package_identification:_identify(app/api/v1/__pycache__) by extensions ['colcon_pkg']
[0.621s] Level 1:colcon.colcon_core.package_identification:_identify(app/api/v1/__pycache__) by extension 'colcon_pkg'
[0.621s] Level 1:colcon.colcon_core.package_identification:_identify(app/api/v1/__pycache__) by extensions ['colcon_meta']
[0.621s] Level 1:colcon.colcon_core.package_identification:_identify(app/api/v1/__pycache__) by extension 'colcon_meta'
[0.621s] Level 1:colcon.colcon_core.package_identification:_identify(app/api/v1/__pycache__) by extensions ['ros']
[0.621s] Level 1:colcon.colcon_core.package_identification:_identify(app/api/v1/__pycache__) by extension 'ros'
[0.621s] Level 1:colcon.colcon_core.package_identification:_identify(app/api/v1/__pycache__) by extensions ['cmake', 'python']
[0.621s] Level 1:colcon.colcon_core.package_identification:_identify(app/api/v1/__pycache__) by extension 'cmake'
[0.621s] Level 1:colcon.colcon_core.package_identification:_identify(app/api/v1/__pycache__) by extension 'python'
[0.621s] Level 1:colcon.colcon_core.package_identification:_identify(app/api/v1/__pycache__) by extensions ['python_setup_py']
[0.621s] Level 1:colcon.colcon_core.package_identification:_identify(app/api/v1/__pycache__) by extension 'python_setup_py'
[0.621s] Level 1:colcon.colcon_core.package_identification:_identify(app/api/v1/routers) by extensions ['ignore', 'ignore_ament_install']
[0.621s] Level 1:colcon.colcon_core.package_identification:_identify(app/api/v1/routers) by extension 'ignore'
[0.621s] Level 1:colcon.colcon_core.package_identification:_identify(app/api/v1/routers) by extension 'ignore_ament_install'
[0.621s] Level 1:colcon.colcon_core.package_identification:_identify(app/api/v1/routers) by extensions ['colcon_pkg']
[0.621s] Level 1:colcon.colcon_core.package_identification:_identify(app/api/v1/routers) by extension 'colcon_pkg'
[0.621s] Level 1:colcon.colcon_core.package_identification:_identify(app/api/v1/routers) by extensions ['colcon_meta']
[0.621s] Level 1:colcon.colcon_core.package_identification:_identify(app/api/v1/routers) by extension 'colcon_meta'
[0.621s] Level 1:colcon.colcon_core.package_identification:_identify(app/api/v1/routers) by extensions ['ros']
[0.622s] Level 1:colcon.colcon_core.package_identification:_identify(app/api/v1/routers) by extension 'ros'
[0.622s] Level 1:colcon.colcon_core.package_identification:_identify(app/api/v1/routers) by extensions ['cmake', 'python']
[0.622s] Level 1:colcon.colcon_core.package_identification:_identify(app/api/v1/routers) by extension 'cmake'
[0.622s] Level 1:colcon.colcon_core.package_identification:_identify(app/api/v1/routers) by extension 'python'
[0.622s] Level 1:colcon.colcon_core.package_identification:_identify(app/api/v1/routers) by extensions ['python_setup_py']
[0.622s] Level 1:colcon.colcon_core.package_identification:_identify(app/api/v1/routers) by extension 'python_setup_py'
[0.622s] Level 1:colcon.colcon_core.package_identification:_identify(app/api/v1/routers/__pycache__) by extensions ['ignore', 'ignore_ament_install']
[0.622s] Level 1:colcon.colcon_core.package_identification:_identify(app/api/v1/routers/__pycache__) by extension 'ignore'
[0.622s] Level 1:colcon.colcon_core.package_identification:_identify(app/api/v1/routers/__pycache__) by extension 'ignore_ament_install'
[0.622s] Level 1:colcon.colcon_core.package_identification:_identify(app/api/v1/routers/__pycache__) by extensions ['colcon_pkg']
[0.622s] Level 1:colcon.colcon_core.package_identification:_identify(app/api/v1/routers/__pycache__) by extension 'colcon_pkg'
[0.622s] Level 1:colcon.colcon_core.package_identification:_identify(app/api/v1/routers/__pycache__) by extensions ['colcon_meta']
[0.622s] Level 1:colcon.colcon_core.package_identification:_identify(app/api/v1/routers/__pycache__) by extension 'colcon_meta'
[0.622s] Level 1:colcon.colcon_core.package_identification:_identify(app/api/v1/routers/__pycache__) by extensions ['ros']
[0.622s] Level 1:colcon.colcon_core.package_identification:_identify(app/api/v1/routers/__pycache__) by extension 'ros'
[0.622s] Level 1:colcon.colcon_core.package_identification:_identify(app/api/v1/routers/__pycache__) by extensions ['cmake', 'python']
[0.622s] Level 1:colcon.colcon_core.package_identification:_identify(app/api/v1/routers/__pycache__) by extension 'cmake'
[0.622s] Level 1:colcon.colcon_core.package_identification:_identify(app/api/v1/routers/__pycache__) by extension 'python'
[0.622s] Level 1:colcon.colcon_core.package_identification:_identify(app/api/v1/routers/__pycache__) by extensions ['python_setup_py']
[0.622s] Level 1:colcon.colcon_core.package_identification:_identify(app/api/v1/routers/__pycache__) by extension 'python_setup_py'
[0.622s] Level 1:colcon.colcon_core.package_identification:_identify(app/api/v1/websockets) by extensions ['ignore', 'ignore_ament_install']
[0.622s] Level 1:colcon.colcon_core.package_identification:_identify(app/api/v1/websockets) by extension 'ignore'
[0.623s] Level 1:colcon.colcon_core.package_identification:_identify(app/api/v1/websockets) by extension 'ignore_ament_install'
[0.623s] Level 1:colcon.colcon_core.package_identification:_identify(app/api/v1/websockets) by extensions ['colcon_pkg']
[0.623s] Level 1:colcon.colcon_core.package_identification:_identify(app/api/v1/websockets) by extension 'colcon_pkg'
[0.623s] Level 1:colcon.colcon_core.package_identification:_identify(app/api/v1/websockets) by extensions ['colcon_meta']
[0.623s] Level 1:colcon.colcon_core.package_identification:_identify(app/api/v1/websockets) by extension 'colcon_meta'
[0.623s] Level 1:colcon.colcon_core.package_identification:_identify(app/api/v1/websockets) by extensions ['ros']
[0.623s] Level 1:colcon.colcon_core.package_identification:_identify(app/api/v1/websockets) by extension 'ros'
[0.623s] Level 1:colcon.colcon_core.package_identification:_identify(app/api/v1/websockets) by extensions ['cmake', 'python']
[0.623s] Level 1:colcon.colcon_core.package_identification:_identify(app/api/v1/websockets) by extension 'cmake'
[0.623s] Level 1:colcon.colcon_core.package_identification:_identify(app/api/v1/websockets) by extension 'python'
[0.623s] Level 1:colcon.colcon_core.package_identification:_identify(app/api/v1/websockets) by extensions ['python_setup_py']
[0.623s] Level 1:colcon.colcon_core.package_identification:_identify(app/api/v1/websockets) by extension 'python_setup_py'
[0.623s] Level 1:colcon.colcon_core.package_identification:_identify(app/api/v1/websockets/__pycache__) by extensions ['ignore', 'ignore_ament_install']
[0.623s] Level 1:colcon.colcon_core.package_identification:_identify(app/api/v1/websockets/__pycache__) by extension 'ignore'
[0.623s] Level 1:colcon.colcon_core.package_identification:_identify(app/api/v1/websockets/__pycache__) by extension 'ignore_ament_install'
[0.623s] Level 1:colcon.colcon_core.package_identification:_identify(app/api/v1/websockets/__pycache__) by extensions ['colcon_pkg']
[0.623s] Level 1:colcon.colcon_core.package_identification:_identify(app/api/v1/websockets/__pycache__) by extension 'colcon_pkg'
[0.623s] Level 1:colcon.colcon_core.package_identification:_identify(app/api/v1/websockets/__pycache__) by extensions ['colcon_meta']
[0.623s] Level 1:colcon.colcon_core.package_identification:_identify(app/api/v1/websockets/__pycache__) by extension 'colcon_meta'
[0.623s] Level 1:colcon.colcon_core.package_identification:_identify(app/api/v1/websockets/__pycache__) by extensions ['ros']
[0.623s] Level 1:colcon.colcon_core.package_identification:_identify(app/api/v1/websockets/__pycache__) by extension 'ros'
[0.623s] Level 1:colcon.colcon_core.package_identification:_identify(app/api/v1/websockets/__pycache__) by extensions ['cmake', 'python']
[0.623s] Level 1:colcon.colcon_core.package_identification:_identify(app/api/v1/websockets/__pycache__) by extension 'cmake'
[0.623s] Level 1:colcon.colcon_core.package_identification:_identify(app/api/v1/websockets/__pycache__) by extension 'python'
[0.623s] Level 1:colcon.colcon_core.package_identification:_identify(app/api/v1/websockets/__pycache__) by extensions ['python_setup_py']
[0.623s] Level 1:colcon.colcon_core.package_identification:_identify(app/api/v1/websockets/__pycache__) by extension 'python_setup_py'
[0.624s] Level 1:colcon.colcon_core.package_identification:_identify(app/api/v1/websockets/ros2_channels) by extensions ['ignore', 'ignore_ament_install']
[0.624s] Level 1:colcon.colcon_core.package_identification:_identify(app/api/v1/websockets/ros2_channels) by extension 'ignore'
[0.624s] Level 1:colcon.colcon_core.package_identification:_identify(app/api/v1/websockets/ros2_channels) by extension 'ignore_ament_install'
[0.624s] Level 1:colcon.colcon_core.package_identification:_identify(app/api/v1/websockets/ros2_channels) by extensions ['colcon_pkg']
[0.624s] Level 1:colcon.colcon_core.package_identification:_identify(app/api/v1/websockets/ros2_channels) by extension 'colcon_pkg'
[0.624s] Level 1:colcon.colcon_core.package_identification:_identify(app/api/v1/websockets/ros2_channels) by extensions ['colcon_meta']
[0.624s] Level 1:colcon.colcon_core.package_identification:_identify(app/api/v1/websockets/ros2_channels) by extension 'colcon_meta'
[0.624s] Level 1:colcon.colcon_core.package_identification:_identify(app/api/v1/websockets/ros2_channels) by extensions ['ros']
[0.624s] Level 1:colcon.colcon_core.package_identification:_identify(app/api/v1/websockets/ros2_channels) by extension 'ros'
[0.624s] Level 1:colcon.colcon_core.package_identification:_identify(app/api/v1/websockets/ros2_channels) by extensions ['cmake', 'python']
[0.624s] Level 1:colcon.colcon_core.package_identification:_identify(app/api/v1/websockets/ros2_channels) by extension 'cmake'
[0.624s] Level 1:colcon.colcon_core.package_identification:_identify(app/api/v1/websockets/ros2_channels) by extension 'python'
[0.624s] Level 1:colcon.colcon_core.package_identification:_identify(app/api/v1/websockets/ros2_channels) by extensions ['python_setup_py']
[0.624s] Level 1:colcon.colcon_core.package_identification:_identify(app/api/v1/websockets/ros2_channels) by extension 'python_setup_py'
[0.624s] Level 1:colcon.colcon_core.package_identification:_identify(app/api/v1/websockets/ros2_channels/__pycache__) by extensions ['ignore', 'ignore_ament_install']
[0.624s] Level 1:colcon.colcon_core.package_identification:_identify(app/api/v1/websockets/ros2_channels/__pycache__) by extension 'ignore'
[0.624s] Level 1:colcon.colcon_core.package_identification:_identify(app/api/v1/websockets/ros2_channels/__pycache__) by extension 'ignore_ament_install'
[0.624s] Level 1:colcon.colcon_core.package_identification:_identify(app/api/v1/websockets/ros2_channels/__pycache__) by extensions ['colcon_pkg']
[0.624s] Level 1:colcon.colcon_core.package_identification:_identify(app/api/v1/websockets/ros2_channels/__pycache__) by extension 'colcon_pkg'
[0.624s] Level 1:colcon.colcon_core.package_identification:_identify(app/api/v1/websockets/ros2_channels/__pycache__) by extensions ['colcon_meta']
[0.624s] Level 1:colcon.colcon_core.package_identification:_identify(app/api/v1/websockets/ros2_channels/__pycache__) by extension 'colcon_meta'
[0.624s] Level 1:colcon.colcon_core.package_identification:_identify(app/api/v1/websockets/ros2_channels/__pycache__) by extensions ['ros']
[0.624s] Level 1:colcon.colcon_core.package_identification:_identify(app/api/v1/websockets/ros2_channels/__pycache__) by extension 'ros'
[0.624s] Level 1:colcon.colcon_core.package_identification:_identify(app/api/v1/websockets/ros2_channels/__pycache__) by extensions ['cmake', 'python']
[0.624s] Level 1:colcon.colcon_core.package_identification:_identify(app/api/v1/websockets/ros2_channels/__pycache__) by extension 'cmake'
[0.624s] Level 1:colcon.colcon_core.package_identification:_identify(app/api/v1/websockets/ros2_channels/__pycache__) by extension 'python'
[0.625s] Level 1:colcon.colcon_core.package_identification:_identify(app/api/v1/websockets/ros2_channels/__pycache__) by extensions ['python_setup_py']
[0.625s] Level 1:colcon.colcon_core.package_identification:_identify(app/api/v1/websockets/ros2_channels/__pycache__) by extension 'python_setup_py'
[0.625s] Level 1:colcon.colcon_core.package_identification:_identify(app/config) by extensions ['ignore', 'ignore_ament_install']
[0.625s] Level 1:colcon.colcon_core.package_identification:_identify(app/config) by extension 'ignore'
[0.625s] Level 1:colcon.colcon_core.package_identification:_identify(app/config) by extension 'ignore_ament_install'
[0.625s] Level 1:colcon.colcon_core.package_identification:_identify(app/config) by extensions ['colcon_pkg']
[0.625s] Level 1:colcon.colcon_core.package_identification:_identify(app/config) by extension 'colcon_pkg'
[0.625s] Level 1:colcon.colcon_core.package_identification:_identify(app/config) by extensions ['colcon_meta']
[0.625s] Level 1:colcon.colcon_core.package_identification:_identify(app/config) by extension 'colcon_meta'
[0.625s] Level 1:colcon.colcon_core.package_identification:_identify(app/config) by extensions ['ros']
[0.625s] Level 1:colcon.colcon_core.package_identification:_identify(app/config) by extension 'ros'
[0.625s] Level 1:colcon.colcon_core.package_identification:_identify(app/config) by extensions ['cmake', 'python']
[0.625s] Level 1:colcon.colcon_core.package_identification:_identify(app/config) by extension 'cmake'
[0.625s] Level 1:colcon.colcon_core.package_identification:_identify(app/config) by extension 'python'
[0.625s] Level 1:colcon.colcon_core.package_identification:_identify(app/config) by extensions ['python_setup_py']
[0.625s] Level 1:colcon.colcon_core.package_identification:_identify(app/config) by extension 'python_setup_py'
[0.625s] Level 1:colcon.colcon_core.package_identification:_identify(app/core) by extensions ['ignore', 'ignore_ament_install']
[0.625s] Level 1:colcon.colcon_core.package_identification:_identify(app/core) by extension 'ignore'
[0.625s] Level 1:colcon.colcon_core.package_identification:_identify(app/core) by extension 'ignore_ament_install'
[0.625s] Level 1:colcon.colcon_core.package_identification:_identify(app/core) by extensions ['colcon_pkg']
[0.625s] Level 1:colcon.colcon_core.package_identification:_identify(app/core) by extension 'colcon_pkg'
[0.625s] Level 1:colcon.colcon_core.package_identification:_identify(app/core) by extensions ['colcon_meta']
[0.625s] Level 1:colcon.colcon_core.package_identification:_identify(app/core) by extension 'colcon_meta'
[0.625s] Level 1:colcon.colcon_core.package_identification:_identify(app/core) by extensions ['ros']
[0.625s] Level 1:colcon.colcon_core.package_identification:_identify(app/core) by extension 'ros'
[0.626s] Level 1:colcon.colcon_core.package_identification:_identify(app/core) by extensions ['cmake', 'python']
[0.626s] Level 1:colcon.colcon_core.package_identification:_identify(app/core) by extension 'cmake'
[0.626s] Level 1:colcon.colcon_core.package_identification:_identify(app/core) by extension 'python'
[0.626s] Level 1:colcon.colcon_core.package_identification:_identify(app/core) by extensions ['python_setup_py']
[0.626s] Level 1:colcon.colcon_core.package_identification:_identify(app/core) by extension 'python_setup_py'
[0.626s] Level 1:colcon.colcon_core.package_identification:_identify(app/core/__pycache__) by extensions ['ignore', 'ignore_ament_install']
[0.626s] Level 1:colcon.colcon_core.package_identification:_identify(app/core/__pycache__) by extension 'ignore'
[0.626s] Level 1:colcon.colcon_core.package_identification:_identify(app/core/__pycache__) by extension 'ignore_ament_install'
[0.626s] Level 1:colcon.colcon_core.package_identification:_identify(app/core/__pycache__) by extensions ['colcon_pkg']
[0.626s] Level 1:colcon.colcon_core.package_identification:_identify(app/core/__pycache__) by extension 'colcon_pkg'
[0.626s] Level 1:colcon.colcon_core.package_identification:_identify(app/core/__pycache__) by extensions ['colcon_meta']
[0.626s] Level 1:colcon.colcon_core.package_identification:_identify(app/core/__pycache__) by extension 'colcon_meta'
[0.626s] Level 1:colcon.colcon_core.package_identification:_identify(app/core/__pycache__) by extensions ['ros']
[0.626s] Level 1:colcon.colcon_core.package_identification:_identify(app/core/__pycache__) by extension 'ros'
[0.626s] Level 1:colcon.colcon_core.package_identification:_identify(app/core/__pycache__) by extensions ['cmake', 'python']
[0.626s] Level 1:colcon.colcon_core.package_identification:_identify(app/core/__pycache__) by extension 'cmake'
[0.626s] Level 1:colcon.colcon_core.package_identification:_identify(app/core/__pycache__) by extension 'python'
[0.626s] Level 1:colcon.colcon_core.package_identification:_identify(app/core/__pycache__) by extensions ['python_setup_py']
[0.626s] Level 1:colcon.colcon_core.package_identification:_identify(app/core/__pycache__) by extension 'python_setup_py'
[0.626s] Level 1:colcon.colcon_core.package_identification:_identify(app/core/models) by extensions ['ignore', 'ignore_ament_install']
[0.627s] Level 1:colcon.colcon_core.package_identification:_identify(app/core/models) by extension 'ignore'
[0.627s] Level 1:colcon.colcon_core.package_identification:_identify(app/core/models) by extension 'ignore_ament_install'
[0.627s] Level 1:colcon.colcon_core.package_identification:_identify(app/core/models) by extensions ['colcon_pkg']
[0.627s] Level 1:colcon.colcon_core.package_identification:_identify(app/core/models) by extension 'colcon_pkg'
[0.627s] Level 1:colcon.colcon_core.package_identification:_identify(app/core/models) by extensions ['colcon_meta']
[0.627s] Level 1:colcon.colcon_core.package_identification:_identify(app/core/models) by extension 'colcon_meta'
[0.627s] Level 1:colcon.colcon_core.package_identification:_identify(app/core/models) by extensions ['ros']
[0.627s] Level 1:colcon.colcon_core.package_identification:_identify(app/core/models) by extension 'ros'
[0.627s] Level 1:colcon.colcon_core.package_identification:_identify(app/core/models) by extensions ['cmake', 'python']
[0.627s] Level 1:colcon.colcon_core.package_identification:_identify(app/core/models) by extension 'cmake'
[0.627s] Level 1:colcon.colcon_core.package_identification:_identify(app/core/models) by extension 'python'
[0.627s] Level 1:colcon.colcon_core.package_identification:_identify(app/core/models) by extensions ['python_setup_py']
[0.627s] Level 1:colcon.colcon_core.package_identification:_identify(app/core/models) by extension 'python_setup_py'
[0.627s] Level 1:colcon.colcon_core.package_identification:_identify(app/core/scripts) by extensions ['ignore', 'ignore_ament_install']
[0.627s] Level 1:colcon.colcon_core.package_identification:_identify(app/core/scripts) by extension 'ignore'
[0.627s] Level 1:colcon.colcon_core.package_identification:_identify(app/core/scripts) by extension 'ignore_ament_install'
[0.627s] Level 1:colcon.colcon_core.package_identification:_identify(app/core/scripts) by extensions ['colcon_pkg']
[0.627s] Level 1:colcon.colcon_core.package_identification:_identify(app/core/scripts) by extension 'colcon_pkg'
[0.627s] Level 1:colcon.colcon_core.package_identification:_identify(app/core/scripts) by extensions ['colcon_meta']
[0.627s] Level 1:colcon.colcon_core.package_identification:_identify(app/core/scripts) by extension 'colcon_meta'
[0.627s] Level 1:colcon.colcon_core.package_identification:_identify(app/core/scripts) by extensions ['ros']
[0.627s] Level 1:colcon.colcon_core.package_identification:_identify(app/core/scripts) by extension 'ros'
[0.627s] Level 1:colcon.colcon_core.package_identification:_identify(app/core/scripts) by extensions ['cmake', 'python']
[0.627s] Level 1:colcon.colcon_core.package_identification:_identify(app/core/scripts) by extension 'cmake'
[0.627s] Level 1:colcon.colcon_core.package_identification:_identify(app/core/scripts) by extension 'python'
[0.627s] Level 1:colcon.colcon_core.package_identification:_identify(app/core/scripts) by extensions ['python_setup_py']
[0.627s] Level 1:colcon.colcon_core.package_identification:_identify(app/core/scripts) by extension 'python_setup_py'
[0.628s] Level 1:colcon.colcon_core.package_identification:_identify(app/core/services) by extensions ['ignore', 'ignore_ament_install']
[0.628s] Level 1:colcon.colcon_core.package_identification:_identify(app/core/services) by extension 'ignore'
[0.628s] Level 1:colcon.colcon_core.package_identification:_identify(app/core/services) by extension 'ignore_ament_install'
[0.628s] Level 1:colcon.colcon_core.package_identification:_identify(app/core/services) by extensions ['colcon_pkg']
[0.628s] Level 1:colcon.colcon_core.package_identification:_identify(app/core/services) by extension 'colcon_pkg'
[0.628s] Level 1:colcon.colcon_core.package_identification:_identify(app/core/services) by extensions ['colcon_meta']
[0.628s] Level 1:colcon.colcon_core.package_identification:_identify(app/core/services) by extension 'colcon_meta'
[0.628s] Level 1:colcon.colcon_core.package_identification:_identify(app/core/services) by extensions ['ros']
[0.628s] Level 1:colcon.colcon_core.package_identification:_identify(app/core/services) by extension 'ros'
[0.628s] Level 1:colcon.colcon_core.package_identification:_identify(app/core/services) by extensions ['cmake', 'python']
[0.628s] Level 1:colcon.colcon_core.package_identification:_identify(app/core/services) by extension 'cmake'
[0.628s] Level 1:colcon.colcon_core.package_identification:_identify(app/core/services) by extension 'python'
[0.628s] Level 1:colcon.colcon_core.package_identification:_identify(app/core/services) by extensions ['python_setup_py']
[0.628s] Level 1:colcon.colcon_core.package_identification:_identify(app/core/services) by extension 'python_setup_py'
[0.628s] Level 1:colcon.colcon_core.package_identification:_identify(app/core/services/__pycache__) by extensions ['ignore', 'ignore_ament_install']
[0.628s] Level 1:colcon.colcon_core.package_identification:_identify(app/core/services/__pycache__) by extension 'ignore'
[0.628s] Level 1:colcon.colcon_core.package_identification:_identify(app/core/services/__pycache__) by extension 'ignore_ament_install'
[0.628s] Level 1:colcon.colcon_core.package_identification:_identify(app/core/services/__pycache__) by extensions ['colcon_pkg']
[0.628s] Level 1:colcon.colcon_core.package_identification:_identify(app/core/services/__pycache__) by extension 'colcon_pkg'
[0.628s] Level 1:colcon.colcon_core.package_identification:_identify(app/core/services/__pycache__) by extensions ['colcon_meta']
[0.628s] Level 1:colcon.colcon_core.package_identification:_identify(app/core/services/__pycache__) by extension 'colcon_meta'
[0.628s] Level 1:colcon.colcon_core.package_identification:_identify(app/core/services/__pycache__) by extensions ['ros']
[0.628s] Level 1:colcon.colcon_core.package_identification:_identify(app/core/services/__pycache__) by extension 'ros'
[0.628s] Level 1:colcon.colcon_core.package_identification:_identify(app/core/services/__pycache__) by extensions ['cmake', 'python']
[0.628s] Level 1:colcon.colcon_core.package_identification:_identify(app/core/services/__pycache__) by extension 'cmake'
[0.628s] Level 1:colcon.colcon_core.package_identification:_identify(app/core/services/__pycache__) by extension 'python'
[0.628s] Level 1:colcon.colcon_core.package_identification:_identify(app/core/services/__pycache__) by extensions ['python_setup_py']
[0.629s] Level 1:colcon.colcon_core.package_identification:_identify(app/core/services/__pycache__) by extension 'python_setup_py'
[0.629s] Level 1:colcon.colcon_core.package_identification:_identify(app/core/services/llm) by extensions ['ignore', 'ignore_ament_install']
[0.629s] Level 1:colcon.colcon_core.package_identification:_identify(app/core/services/llm) by extension 'ignore'
[0.629s] Level 1:colcon.colcon_core.package_identification:_identify(app/core/services/llm) by extension 'ignore_ament_install'
[0.629s] Level 1:colcon.colcon_core.package_identification:_identify(app/core/services/llm) by extensions ['colcon_pkg']
[0.629s] Level 1:colcon.colcon_core.package_identification:_identify(app/core/services/llm) by extension 'colcon_pkg'
[0.629s] Level 1:colcon.colcon_core.package_identification:_identify(app/core/services/llm) by extensions ['colcon_meta']
[0.629s] Level 1:colcon.colcon_core.package_identification:_identify(app/core/services/llm) by extension 'colcon_meta'
[0.629s] Level 1:colcon.colcon_core.package_identification:_identify(app/core/services/llm) by extensions ['ros']
[0.629s] Level 1:colcon.colcon_core.package_identification:_identify(app/core/services/llm) by extension 'ros'
[0.629s] Level 1:colcon.colcon_core.package_identification:_identify(app/core/services/llm) by extensions ['cmake', 'python']
[0.629s] Level 1:colcon.colcon_core.package_identification:_identify(app/core/services/llm) by extension 'cmake'
[0.629s] Level 1:colcon.colcon_core.package_identification:_identify(app/core/services/llm) by extension 'python'
[0.629s] Level 1:colcon.colcon_core.package_identification:_identify(app/core/services/llm) by extensions ['python_setup_py']
[0.629s] Level 1:colcon.colcon_core.package_identification:_identify(app/core/services/llm) by extension 'python_setup_py'
[0.629s] Level 1:colcon.colcon_core.package_identification:_identify(app/core/services/llm/__pycache__) by extensions ['ignore', 'ignore_ament_install']
[0.629s] Level 1:colcon.colcon_core.package_identification:_identify(app/core/services/llm/__pycache__) by extension 'ignore'
[0.629s] Level 1:colcon.colcon_core.package_identification:_identify(app/core/services/llm/__pycache__) by extension 'ignore_ament_install'
[0.629s] Level 1:colcon.colcon_core.package_identification:_identify(app/core/services/llm/__pycache__) by extensions ['colcon_pkg']
[0.629s] Level 1:colcon.colcon_core.package_identification:_identify(app/core/services/llm/__pycache__) by extension 'colcon_pkg'
[0.629s] Level 1:colcon.colcon_core.package_identification:_identify(app/core/services/llm/__pycache__) by extensions ['colcon_meta']
[0.629s] Level 1:colcon.colcon_core.package_identification:_identify(app/core/services/llm/__pycache__) by extension 'colcon_meta'
[0.629s] Level 1:colcon.colcon_core.package_identification:_identify(app/core/services/llm/__pycache__) by extensions ['ros']
[0.629s] Level 1:colcon.colcon_core.package_identification:_identify(app/core/services/llm/__pycache__) by extension 'ros'
[0.629s] Level 1:colcon.colcon_core.package_identification:_identify(app/core/services/llm/__pycache__) by extensions ['cmake', 'python']
[0.629s] Level 1:colcon.colcon_core.package_identification:_identify(app/core/services/llm/__pycache__) by extension 'cmake'
[0.629s] Level 1:colcon.colcon_core.package_identification:_identify(app/core/services/llm/__pycache__) by extension 'python'
[0.630s] Level 1:colcon.colcon_core.package_identification:_identify(app/core/services/llm/__pycache__) by extensions ['python_setup_py']
[0.630s] Level 1:colcon.colcon_core.package_identification:_identify(app/core/services/llm/__pycache__) by extension 'python_setup_py'
[0.630s] Level 1:colcon.colcon_core.package_identification:_identify(app/core/services/telemetry) by extensions ['ignore', 'ignore_ament_install']
[0.630s] Level 1:colcon.colcon_core.package_identification:_identify(app/core/services/telemetry) by extension 'ignore'
[0.630s] Level 1:colcon.colcon_core.package_identification:_identify(app/core/services/telemetry) by extension 'ignore_ament_install'
[0.630s] Level 1:colcon.colcon_core.package_identification:_identify(app/core/services/telemetry) by extensions ['colcon_pkg']
[0.630s] Level 1:colcon.colcon_core.package_identification:_identify(app/core/services/telemetry) by extension 'colcon_pkg'
[0.630s] Level 1:colcon.colcon_core.package_identification:_identify(app/core/services/telemetry) by extensions ['colcon_meta']
[0.630s] Level 1:colcon.colcon_core.package_identification:_identify(app/core/services/telemetry) by extension 'colcon_meta'
[0.630s] Level 1:colcon.colcon_core.package_identification:_identify(app/core/services/telemetry) by extensions ['ros']
[0.630s] Level 1:colcon.colcon_core.package_identification:_identify(app/core/services/telemetry) by extension 'ros'
[0.630s] Level 1:colcon.colcon_core.package_identification:_identify(app/core/services/telemetry) by extensions ['cmake', 'python']
[0.630s] Level 1:colcon.colcon_core.package_identification:_identify(app/core/services/telemetry) by extension 'cmake'
[0.630s] Level 1:colcon.colcon_core.package_identification:_identify(app/core/services/telemetry) by extension 'python'
[0.630s] Level 1:colcon.colcon_core.package_identification:_identify(app/core/services/telemetry) by extensions ['python_setup_py']
[0.630s] Level 1:colcon.colcon_core.package_identification:_identify(app/core/services/telemetry) by extension 'python_setup_py'
[0.630s] Level 1:colcon.colcon_core.package_identification:_identify(app/core/services/telemetry/__pycache__) by extensions ['ignore', 'ignore_ament_install']
[0.630s] Level 1:colcon.colcon_core.package_identification:_identify(app/core/services/telemetry/__pycache__) by extension 'ignore'
[0.630s] Level 1:colcon.colcon_core.package_identification:_identify(app/core/services/telemetry/__pycache__) by extension 'ignore_ament_install'
[0.630s] Level 1:colcon.colcon_core.package_identification:_identify(app/core/services/telemetry/__pycache__) by extensions ['colcon_pkg']
[0.630s] Level 1:colcon.colcon_core.package_identification:_identify(app/core/services/telemetry/__pycache__) by extension 'colcon_pkg'
[0.630s] Level 1:colcon.colcon_core.package_identification:_identify(app/core/services/telemetry/__pycache__) by extensions ['colcon_meta']
[0.630s] Level 1:colcon.colcon_core.package_identification:_identify(app/core/services/telemetry/__pycache__) by extension 'colcon_meta'
[0.630s] Level 1:colcon.colcon_core.package_identification:_identify(app/core/services/telemetry/__pycache__) by extensions ['ros']
[0.630s] Level 1:colcon.colcon_core.package_identification:_identify(app/core/services/telemetry/__pycache__) by extension 'ros'
[0.630s] Level 1:colcon.colcon_core.package_identification:_identify(app/core/services/telemetry/__pycache__) by extensions ['cmake', 'python']
[0.631s] Level 1:colcon.colcon_core.package_identification:_identify(app/core/services/telemetry/__pycache__) by extension 'cmake'
[0.631s] Level 1:colcon.colcon_core.package_identification:_identify(app/core/services/telemetry/__pycache__) by extension 'python'
[0.631s] Level 1:colcon.colcon_core.package_identification:_identify(app/core/services/telemetry/__pycache__) by extensions ['python_setup_py']
[0.631s] Level 1:colcon.colcon_core.package_identification:_identify(app/core/services/telemetry/__pycache__) by extension 'python_setup_py'
[0.631s] Level 1:colcon.colcon_core.package_identification:_identify(app/frontend) by extensions ['ignore', 'ignore_ament_install']
[0.631s] Level 1:colcon.colcon_core.package_identification:_identify(app/frontend) by extension 'ignore'
[0.631s] Level 1:colcon.colcon_core.package_identification:_identify(app/frontend) by extension 'ignore_ament_install'
[0.631s] Level 1:colcon.colcon_core.package_identification:_identify(app/frontend) by extensions ['colcon_pkg']
[0.631s] Level 1:colcon.colcon_core.package_identification:_identify(app/frontend) by extension 'colcon_pkg'
[0.631s] Level 1:colcon.colcon_core.package_identification:_identify(app/frontend) by extensions ['colcon_meta']
[0.631s] Level 1:colcon.colcon_core.package_identification:_identify(app/frontend) by extension 'colcon_meta'
[0.631s] Level 1:colcon.colcon_core.package_identification:_identify(app/frontend) by extensions ['ros']
[0.631s] Level 1:colcon.colcon_core.package_identification:_identify(app/frontend) by extension 'ros'
[0.631s] Level 1:colcon.colcon_core.package_identification:_identify(app/frontend) by extensions ['cmake', 'python']
[0.631s] Level 1:colcon.colcon_core.package_identification:_identify(app/frontend) by extension 'cmake'
[0.631s] Level 1:colcon.colcon_core.package_identification:_identify(app/frontend) by extension 'python'
[0.631s] Level 1:colcon.colcon_core.package_identification:_identify(app/frontend) by extensions ['python_setup_py']
[0.631s] Level 1:colcon.colcon_core.package_identification:_identify(app/frontend) by extension 'python_setup_py'
[0.631s] Level 1:colcon.colcon_core.package_identification:_identify(app/frontend/public) by extensions ['ignore', 'ignore_ament_install']
[0.631s] Level 1:colcon.colcon_core.package_identification:_identify(app/frontend/public) by extension 'ignore'
[0.631s] Level 1:colcon.colcon_core.package_identification:_identify(app/frontend/public) by extension 'ignore_ament_install'
[0.631s] Level 1:colcon.colcon_core.package_identification:_identify(app/frontend/public) by extensions ['colcon_pkg']
[0.631s] Level 1:colcon.colcon_core.package_identification:_identify(app/frontend/public) by extension 'colcon_pkg'
[0.631s] Level 1:colcon.colcon_core.package_identification:_identify(app/frontend/public) by extensions ['colcon_meta']
[0.631s] Level 1:colcon.colcon_core.package_identification:_identify(app/frontend/public) by extension 'colcon_meta'
[0.631s] Level 1:colcon.colcon_core.package_identification:_identify(app/frontend/public) by extensions ['ros']
[0.631s] Level 1:colcon.colcon_core.package_identification:_identify(app/frontend/public) by extension 'ros'
[0.632s] Level 1:colcon.colcon_core.package_identification:_identify(app/frontend/public) by extensions ['cmake', 'python']
[0.632s] Level 1:colcon.colcon_core.package_identification:_identify(app/frontend/public) by extension 'cmake'
[0.632s] Level 1:colcon.colcon_core.package_identification:_identify(app/frontend/public) by extension 'python'
[0.632s] Level 1:colcon.colcon_core.package_identification:_identify(app/frontend/public) by extensions ['python_setup_py']
[0.632s] Level 1:colcon.colcon_core.package_identification:_identify(app/frontend/public) by extension 'python_setup_py'
[0.632s] Level 1:colcon.colcon_core.package_identification:_identify(app/harness) by extensions ['ignore', 'ignore_ament_install']
[0.632s] Level 1:colcon.colcon_core.package_identification:_identify(app/harness) by extension 'ignore'
[0.632s] Level 1:colcon.colcon_core.package_identification:_identify(app/harness) by extension 'ignore_ament_install'
[0.632s] Level 1:colcon.colcon_core.package_identification:_identify(app/harness) by extensions ['colcon_pkg']
[0.632s] Level 1:colcon.colcon_core.package_identification:_identify(app/harness) by extension 'colcon_pkg'
[0.632s] Level 1:colcon.colcon_core.package_identification:_identify(app/harness) by extensions ['colcon_meta']
[0.632s] Level 1:colcon.colcon_core.package_identification:_identify(app/harness) by extension 'colcon_meta'
[0.632s] Level 1:colcon.colcon_core.package_identification:_identify(app/harness) by extensions ['ros']
[0.632s] Level 1:colcon.colcon_core.package_identification:_identify(app/harness) by extension 'ros'
[0.632s] Level 1:colcon.colcon_core.package_identification:_identify(app/harness) by extensions ['cmake', 'python']
[0.632s] Level 1:colcon.colcon_core.package_identification:_identify(app/harness) by extension 'cmake'
[0.632s] Level 1:colcon.colcon_core.package_identification:_identify(app/harness) by extension 'python'
[0.632s] Level 1:colcon.colcon_core.package_identification:_identify(app/harness) by extensions ['python_setup_py']
[0.632s] Level 1:colcon.colcon_core.package_identification:_identify(app/harness) by extension 'python_setup_py'
[0.632s] Level 1:colcon.colcon_core.package_identification:_identify(app/harness/__pycache__) by extensions ['ignore', 'ignore_ament_install']
[0.632s] Level 1:colcon.colcon_core.package_identification:_identify(app/harness/__pycache__) by extension 'ignore'
[0.632s] Level 1:colcon.colcon_core.package_identification:_identify(app/harness/__pycache__) by extension 'ignore_ament_install'
[0.633s] Level 1:colcon.colcon_core.package_identification:_identify(app/harness/__pycache__) by extensions ['colcon_pkg']
[0.633s] Level 1:colcon.colcon_core.package_identification:_identify(app/harness/__pycache__) by extension 'colcon_pkg'
[0.633s] Level 1:colcon.colcon_core.package_identification:_identify(app/harness/__pycache__) by extensions ['colcon_meta']
[0.633s] Level 1:colcon.colcon_core.package_identification:_identify(app/harness/__pycache__) by extension 'colcon_meta'
[0.633s] Level 1:colcon.colcon_core.package_identification:_identify(app/harness/__pycache__) by extensions ['ros']
[0.633s] Level 1:colcon.colcon_core.package_identification:_identify(app/harness/__pycache__) by extension 'ros'
[0.633s] Level 1:colcon.colcon_core.package_identification:_identify(app/harness/__pycache__) by extensions ['cmake', 'python']
[0.633s] Level 1:colcon.colcon_core.package_identification:_identify(app/harness/__pycache__) by extension 'cmake'
[0.633s] Level 1:colcon.colcon_core.package_identification:_identify(app/harness/__pycache__) by extension 'python'
[0.633s] Level 1:colcon.colcon_core.package_identification:_identify(app/harness/__pycache__) by extensions ['python_setup_py']
[0.633s] Level 1:colcon.colcon_core.package_identification:_identify(app/harness/__pycache__) by extension 'python_setup_py'
[0.633s] Level 1:colcon.colcon_core.package_identification:_identify(app/harness/agent) by extensions ['ignore', 'ignore_ament_install']
[0.633s] Level 1:colcon.colcon_core.package_identification:_identify(app/harness/agent) by extension 'ignore'
[0.633s] Level 1:colcon.colcon_core.package_identification:_identify(app/harness/agent) by extension 'ignore_ament_install'
[0.633s] Level 1:colcon.colcon_core.package_identification:_identify(app/harness/agent) by extensions ['colcon_pkg']
[0.633s] Level 1:colcon.colcon_core.package_identification:_identify(app/harness/agent) by extension 'colcon_pkg'
[0.633s] Level 1:colcon.colcon_core.package_identification:_identify(app/harness/agent) by extensions ['colcon_meta']
[0.633s] Level 1:colcon.colcon_core.package_identification:_identify(app/harness/agent) by extension 'colcon_meta'
[0.633s] Level 1:colcon.colcon_core.package_identification:_identify(app/harness/agent) by extensions ['ros']
[0.633s] Level 1:colcon.colcon_core.package_identification:_identify(app/harness/agent) by extension 'ros'
[0.633s] Level 1:colcon.colcon_core.package_identification:_identify(app/harness/agent) by extensions ['cmake', 'python']
[0.633s] Level 1:colcon.colcon_core.package_identification:_identify(app/harness/agent) by extension 'cmake'
[0.633s] Level 1:colcon.colcon_core.package_identification:_identify(app/harness/agent) by extension 'python'
[0.633s] Level 1:colcon.colcon_core.package_identification:_identify(app/harness/agent) by extensions ['python_setup_py']
[0.633s] Level 1:colcon.colcon_core.package_identification:_identify(app/harness/agent) by extension 'python_setup_py'
[0.633s] Level 1:colcon.colcon_core.package_identification:_identify(app/harness/clients) by extensions ['ignore', 'ignore_ament_install']
[0.633s] Level 1:colcon.colcon_core.package_identification:_identify(app/harness/clients) by extension 'ignore'
[0.634s] Level 1:colcon.colcon_core.package_identification:_identify(app/harness/clients) by extension 'ignore_ament_install'
[0.634s] Level 1:colcon.colcon_core.package_identification:_identify(app/harness/clients) by extensions ['colcon_pkg']
[0.634s] Level 1:colcon.colcon_core.package_identification:_identify(app/harness/clients) by extension 'colcon_pkg'
[0.634s] Level 1:colcon.colcon_core.package_identification:_identify(app/harness/clients) by extensions ['colcon_meta']
[0.634s] Level 1:colcon.colcon_core.package_identification:_identify(app/harness/clients) by extension 'colcon_meta'
[0.634s] Level 1:colcon.colcon_core.package_identification:_identify(app/harness/clients) by extensions ['ros']
[0.634s] Level 1:colcon.colcon_core.package_identification:_identify(app/harness/clients) by extension 'ros'
[0.634s] Level 1:colcon.colcon_core.package_identification:_identify(app/harness/clients) by extensions ['cmake', 'python']
[0.634s] Level 1:colcon.colcon_core.package_identification:_identify(app/harness/clients) by extension 'cmake'
[0.634s] Level 1:colcon.colcon_core.package_identification:_identify(app/harness/clients) by extension 'python'
[0.634s] Level 1:colcon.colcon_core.package_identification:_identify(app/harness/clients) by extensions ['python_setup_py']
[0.634s] Level 1:colcon.colcon_core.package_identification:_identify(app/harness/clients) by extension 'python_setup_py'
[0.634s] Level 1:colcon.colcon_core.package_identification:_identify(app/harness/clients/__pycache__) by extensions ['ignore', 'ignore_ament_install']
[0.634s] Level 1:colcon.colcon_core.package_identification:_identify(app/harness/clients/__pycache__) by extension 'ignore'
[0.634s] Level 1:colcon.colcon_core.package_identification:_identify(app/harness/clients/__pycache__) by extension 'ignore_ament_install'
[0.634s] Level 1:colcon.colcon_core.package_identification:_identify(app/harness/clients/__pycache__) by extensions ['colcon_pkg']
[0.634s] Level 1:colcon.colcon_core.package_identification:_identify(app/harness/clients/__pycache__) by extension 'colcon_pkg'
[0.634s] Level 1:colcon.colcon_core.package_identification:_identify(app/harness/clients/__pycache__) by extensions ['colcon_meta']
[0.634s] Level 1:colcon.colcon_core.package_identification:_identify(app/harness/clients/__pycache__) by extension 'colcon_meta'
[0.634s] Level 1:colcon.colcon_core.package_identification:_identify(app/harness/clients/__pycache__) by extensions ['ros']
[0.634s] Level 1:colcon.colcon_core.package_identification:_identify(app/harness/clients/__pycache__) by extension 'ros'
[0.634s] Level 1:colcon.colcon_core.package_identification:_identify(app/harness/clients/__pycache__) by extensions ['cmake', 'python']
[0.635s] Level 1:colcon.colcon_core.package_identification:_identify(app/harness/clients/__pycache__) by extension 'cmake'
[0.635s] Level 1:colcon.colcon_core.package_identification:_identify(app/harness/clients/__pycache__) by extension 'python'
[0.635s] Level 1:colcon.colcon_core.package_identification:_identify(app/harness/clients/__pycache__) by extensions ['python_setup_py']
[0.635s] Level 1:colcon.colcon_core.package_identification:_identify(app/harness/clients/__pycache__) by extension 'python_setup_py'
[0.635s] Level 1:colcon.colcon_core.package_identification:_identify(app/harness/config) by extensions ['ignore', 'ignore_ament_install']
[0.635s] Level 1:colcon.colcon_core.package_identification:_identify(app/harness/config) by extension 'ignore'
[0.635s] Level 1:colcon.colcon_core.package_identification:_identify(app/harness/config) by extension 'ignore_ament_install'
[0.635s] Level 1:colcon.colcon_core.package_identification:_identify(app/harness/config) by extensions ['colcon_pkg']
[0.635s] Level 1:colcon.colcon_core.package_identification:_identify(app/harness/config) by extension 'colcon_pkg'
[0.635s] Level 1:colcon.colcon_core.package_identification:_identify(app/harness/config) by extensions ['colcon_meta']
[0.635s] Level 1:colcon.colcon_core.package_identification:_identify(app/harness/config) by extension 'colcon_meta'
[0.635s] Level 1:colcon.colcon_core.package_identification:_identify(app/harness/config) by extensions ['ros']
[0.635s] Level 1:colcon.colcon_core.package_identification:_identify(app/harness/config) by extension 'ros'
[0.635s] Level 1:colcon.colcon_core.package_identification:_identify(app/harness/config) by extensions ['cmake', 'python']
[0.635s] Level 1:colcon.colcon_core.package_identification:_identify(app/harness/config) by extension 'cmake'
[0.635s] Level 1:colcon.colcon_core.package_identification:_identify(app/harness/config) by extension 'python'
[0.635s] Level 1:colcon.colcon_core.package_identification:_identify(app/harness/config) by extensions ['python_setup_py']
[0.635s] Level 1:colcon.colcon_core.package_identification:_identify(app/harness/config) by extension 'python_setup_py'
[0.635s] Level 1:colcon.colcon_core.package_identification:_identify(app/harness/config/prompts) by extensions ['ignore', 'ignore_ament_install']
[0.635s] Level 1:colcon.colcon_core.package_identification:_identify(app/harness/config/prompts) by extension 'ignore'
[0.635s] Level 1:colcon.colcon_core.package_identification:_identify(app/harness/config/prompts) by extension 'ignore_ament_install'
[0.635s] Level 1:colcon.colcon_core.package_identification:_identify(app/harness/config/prompts) by extensions ['colcon_pkg']
[0.635s] Level 1:colcon.colcon_core.package_identification:_identify(app/harness/config/prompts) by extension 'colcon_pkg'
[0.635s] Level 1:colcon.colcon_core.package_identification:_identify(app/harness/config/prompts) by extensions ['colcon_meta']
[0.635s] Level 1:colcon.colcon_core.package_identification:_identify(app/harness/config/prompts) by extension 'colcon_meta'
[0.635s] Level 1:colcon.colcon_core.package_identification:_identify(app/harness/config/prompts) by extensions ['ros']
[0.636s] Level 1:colcon.colcon_core.package_identification:_identify(app/harness/config/prompts) by extension 'ros'
[0.636s] Level 1:colcon.colcon_core.package_identification:_identify(app/harness/config/prompts) by extensions ['cmake', 'python']
[0.636s] Level 1:colcon.colcon_core.package_identification:_identify(app/harness/config/prompts) by extension 'cmake'
[0.636s] Level 1:colcon.colcon_core.package_identification:_identify(app/harness/config/prompts) by extension 'python'
[0.636s] Level 1:colcon.colcon_core.package_identification:_identify(app/harness/config/prompts) by extensions ['python_setup_py']
[0.636s] Level 1:colcon.colcon_core.package_identification:_identify(app/harness/config/prompts) by extension 'python_setup_py'
[0.636s] Level 1:colcon.colcon_core.package_identification:_identify(app/harness/domain) by extensions ['ignore', 'ignore_ament_install']
[0.636s] Level 1:colcon.colcon_core.package_identification:_identify(app/harness/domain) by extension 'ignore'
[0.636s] Level 1:colcon.colcon_core.package_identification:_identify(app/harness/domain) by extension 'ignore_ament_install'
[0.636s] Level 1:colcon.colcon_core.package_identification:_identify(app/harness/domain) by extensions ['colcon_pkg']
[0.636s] Level 1:colcon.colcon_core.package_identification:_identify(app/harness/domain) by extension 'colcon_pkg'
[0.636s] Level 1:colcon.colcon_core.package_identification:_identify(app/harness/domain) by extensions ['colcon_meta']
[0.636s] Level 1:colcon.colcon_core.package_identification:_identify(app/harness/domain) by extension 'colcon_meta'
[0.636s] Level 1:colcon.colcon_core.package_identification:_identify(app/harness/domain) by extensions ['ros']
[0.636s] Level 1:colcon.colcon_core.package_identification:_identify(app/harness/domain) by extension 'ros'
[0.636s] Level 1:colcon.colcon_core.package_identification:_identify(app/harness/domain) by extensions ['cmake', 'python']
[0.636s] Level 1:colcon.colcon_core.package_identification:_identify(app/harness/domain) by extension 'cmake'
[0.636s] Level 1:colcon.colcon_core.package_identification:_identify(app/harness/domain) by extension 'python'
[0.636s] Level 1:colcon.colcon_core.package_identification:_identify(app/harness/domain) by extensions ['python_setup_py']
[0.636s] Level 1:colcon.colcon_core.package_identification:_identify(app/harness/domain) by extension 'python_setup_py'
[0.636s] Level 1:colcon.colcon_core.package_identification:_identify(app/harness/entrypoints) by extensions ['ignore', 'ignore_ament_install']
[0.637s] Level 1:colcon.colcon_core.package_identification:_identify(app/harness/entrypoints) by extension 'ignore'
[0.637s] Level 1:colcon.colcon_core.package_identification:_identify(app/harness/entrypoints) by extension 'ignore_ament_install'
[0.637s] Level 1:colcon.colcon_core.package_identification:_identify(app/harness/entrypoints) by extensions ['colcon_pkg']
[0.637s] Level 1:colcon.colcon_core.package_identification:_identify(app/harness/entrypoints) by extension 'colcon_pkg'
[0.637s] Level 1:colcon.colcon_core.package_identification:_identify(app/harness/entrypoints) by extensions ['colcon_meta']
[0.637s] Level 1:colcon.colcon_core.package_identification:_identify(app/harness/entrypoints) by extension 'colcon_meta'
[0.637s] Level 1:colcon.colcon_core.package_identification:_identify(app/harness/entrypoints) by extensions ['ros']
[0.637s] Level 1:colcon.colcon_core.package_identification:_identify(app/harness/entrypoints) by extension 'ros'
[0.637s] Level 1:colcon.colcon_core.package_identification:_identify(app/harness/entrypoints) by extensions ['cmake', 'python']
[0.637s] Level 1:colcon.colcon_core.package_identification:_identify(app/harness/entrypoints) by extension 'cmake'
[0.637s] Level 1:colcon.colcon_core.package_identification:_identify(app/harness/entrypoints) by extension 'python'
[0.637s] Level 1:colcon.colcon_core.package_identification:_identify(app/harness/entrypoints) by extensions ['python_setup_py']
[0.637s] Level 1:colcon.colcon_core.package_identification:_identify(app/harness/entrypoints) by extension 'python_setup_py'
[0.637s] Level 1:colcon.colcon_core.package_identification:_identify(app/harness/graph) by extensions ['ignore', 'ignore_ament_install']
[0.637s] Level 1:colcon.colcon_core.package_identification:_identify(app/harness/graph) by extension 'ignore'
[0.637s] Level 1:colcon.colcon_core.package_identification:_identify(app/harness/graph) by extension 'ignore_ament_install'
[0.637s] Level 1:colcon.colcon_core.package_identification:_identify(app/harness/graph) by extensions ['colcon_pkg']
[0.637s] Level 1:colcon.colcon_core.package_identification:_identify(app/harness/graph) by extension 'colcon_pkg'
[0.637s] Level 1:colcon.colcon_core.package_identification:_identify(app/harness/graph) by extensions ['colcon_meta']
[0.637s] Level 1:colcon.colcon_core.package_identification:_identify(app/harness/graph) by extension 'colcon_meta'
[0.637s] Level 1:colcon.colcon_core.package_identification:_identify(app/harness/graph) by extensions ['ros']
[0.637s] Level 1:colcon.colcon_core.package_identification:_identify(app/harness/graph) by extension 'ros'
[0.637s] Level 1:colcon.colcon_core.package_identification:_identify(app/harness/graph) by extensions ['cmake', 'python']
[0.637s] Level 1:colcon.colcon_core.package_identification:_identify(app/harness/graph) by extension 'cmake'
[0.637s] Level 1:colcon.colcon_core.package_identification:_identify(app/harness/graph) by extension 'python'
[0.637s] Level 1:colcon.colcon_core.package_identification:_identify(app/harness/graph) by extensions ['python_setup_py']
[0.637s] Level 1:colcon.colcon_core.package_identification:_identify(app/harness/graph) by extension 'python_setup_py'
[0.638s] Level 1:colcon.colcon_core.package_identification:_identify(app/harness/graph/__pycache__) by extensions ['ignore', 'ignore_ament_install']
[0.638s] Level 1:colcon.colcon_core.package_identification:_identify(app/harness/graph/__pycache__) by extension 'ignore'
[0.638s] Level 1:colcon.colcon_core.package_identification:_identify(app/harness/graph/__pycache__) by extension 'ignore_ament_install'
[0.638s] Level 1:colcon.colcon_core.package_identification:_identify(app/harness/graph/__pycache__) by extensions ['colcon_pkg']
[0.638s] Level 1:colcon.colcon_core.package_identification:_identify(app/harness/graph/__pycache__) by extension 'colcon_pkg'
[0.638s] Level 1:colcon.colcon_core.package_identification:_identify(app/harness/graph/__pycache__) by extensions ['colcon_meta']
[0.638s] Level 1:colcon.colcon_core.package_identification:_identify(app/harness/graph/__pycache__) by extension 'colcon_meta'
[0.638s] Level 1:colcon.colcon_core.package_identification:_identify(app/harness/graph/__pycache__) by extensions ['ros']
[0.638s] Level 1:colcon.colcon_core.package_identification:_identify(app/harness/graph/__pycache__) by extension 'ros'
[0.638s] Level 1:colcon.colcon_core.package_identification:_identify(app/harness/graph/__pycache__) by extensions ['cmake', 'python']
[0.638s] Level 1:colcon.colcon_core.package_identification:_identify(app/harness/graph/__pycache__) by extension 'cmake'
[0.638s] Level 1:colcon.colcon_core.package_identification:_identify(app/harness/graph/__pycache__) by extension 'python'
[0.638s] Level 1:colcon.colcon_core.package_identification:_identify(app/harness/graph/__pycache__) by extensions ['python_setup_py']
[0.638s] Level 1:colcon.colcon_core.package_identification:_identify(app/harness/graph/__pycache__) by extension 'python_setup_py'
[0.638s] Level 1:colcon.colcon_core.package_identification:_identify(app/harness/nodes) by extensions ['ignore', 'ignore_ament_install']
[0.638s] Level 1:colcon.colcon_core.package_identification:_identify(app/harness/nodes) by extension 'ignore'
[0.638s] Level 1:colcon.colcon_core.package_identification:_identify(app/harness/nodes) by extension 'ignore_ament_install'
[0.638s] Level 1:colcon.colcon_core.package_identification:_identify(app/harness/nodes) by extensions ['colcon_pkg']
[0.638s] Level 1:colcon.colcon_core.package_identification:_identify(app/harness/nodes) by extension 'colcon_pkg'
[0.638s] Level 1:colcon.colcon_core.package_identification:_identify(app/harness/nodes) by extensions ['colcon_meta']
[0.638s] Level 1:colcon.colcon_core.package_identification:_identify(app/harness/nodes) by extension 'colcon_meta'
[0.638s] Level 1:colcon.colcon_core.package_identification:_identify(app/harness/nodes) by extensions ['ros']
[0.638s] Level 1:colcon.colcon_core.package_identification:_identify(app/harness/nodes) by extension 'ros'
[0.639s] Level 1:colcon.colcon_core.package_identification:_identify(app/harness/nodes) by extensions ['cmake', 'python']
[0.639s] Level 1:colcon.colcon_core.package_identification:_identify(app/harness/nodes) by extension 'cmake'
[0.639s] Level 1:colcon.colcon_core.package_identification:_identify(app/harness/nodes) by extension 'python'
[0.639s] Level 1:colcon.colcon_core.package_identification:_identify(app/harness/nodes) by extensions ['python_setup_py']
[0.639s] Level 1:colcon.colcon_core.package_identification:_identify(app/harness/nodes) by extension 'python_setup_py'
[0.639s] Level 1:colcon.colcon_core.package_identification:_identify(app/harness/nodes/__pycache__) by extensions ['ignore', 'ignore_ament_install']
[0.639s] Level 1:colcon.colcon_core.package_identification:_identify(app/harness/nodes/__pycache__) by extension 'ignore'
[0.639s] Level 1:colcon.colcon_core.package_identification:_identify(app/harness/nodes/__pycache__) by extension 'ignore_ament_install'
[0.639s] Level 1:colcon.colcon_core.package_identification:_identify(app/harness/nodes/__pycache__) by extensions ['colcon_pkg']
[0.639s] Level 1:colcon.colcon_core.package_identification:_identify(app/harness/nodes/__pycache__) by extension 'colcon_pkg'
[0.639s] Level 1:colcon.colcon_core.package_identification:_identify(app/harness/nodes/__pycache__) by extensions ['colcon_meta']
[0.639s] Level 1:colcon.colcon_core.package_identification:_identify(app/harness/nodes/__pycache__) by extension 'colcon_meta'
[0.639s] Level 1:colcon.colcon_core.package_identification:_identify(app/harness/nodes/__pycache__) by extensions ['ros']
[0.639s] Level 1:colcon.colcon_core.package_identification:_identify(app/harness/nodes/__pycache__) by extension 'ros'
[0.639s] Level 1:colcon.colcon_core.package_identification:_identify(app/harness/nodes/__pycache__) by extensions ['cmake', 'python']
[0.639s] Level 1:colcon.colcon_core.package_identification:_identify(app/harness/nodes/__pycache__) by extension 'cmake'
[0.639s] Level 1:colcon.colcon_core.package_identification:_identify(app/harness/nodes/__pycache__) by extension 'python'
[0.639s] Level 1:colcon.colcon_core.package_identification:_identify(app/harness/nodes/__pycache__) by extensions ['python_setup_py']
[0.639s] Level 1:colcon.colcon_core.package_identification:_identify(app/harness/nodes/__pycache__) by extension 'python_setup_py'
[0.639s] Level 1:colcon.colcon_core.package_identification:_identify(app/harness/observability) by extensions ['ignore', 'ignore_ament_install']
[0.639s] Level 1:colcon.colcon_core.package_identification:_identify(app/harness/observability) by extension 'ignore'
[0.639s] Level 1:colcon.colcon_core.package_identification:_identify(app/harness/observability) by extension 'ignore_ament_install'
[0.639s] Level 1:colcon.colcon_core.package_identification:_identify(app/harness/observability) by extensions ['colcon_pkg']
[0.639s] Level 1:colcon.colcon_core.package_identification:_identify(app/harness/observability) by extension 'colcon_pkg'
[0.639s] Level 1:colcon.colcon_core.package_identification:_identify(app/harness/observability) by extensions ['colcon_meta']
[0.639s] Level 1:colcon.colcon_core.package_identification:_identify(app/harness/observability) by extension 'colcon_meta'
[0.640s] Level 1:colcon.colcon_core.package_identification:_identify(app/harness/observability) by extensions ['ros']
[0.640s] Level 1:colcon.colcon_core.package_identification:_identify(app/harness/observability) by extension 'ros'
[0.640s] Level 1:colcon.colcon_core.package_identification:_identify(app/harness/observability) by extensions ['cmake', 'python']
[0.640s] Level 1:colcon.colcon_core.package_identification:_identify(app/harness/observability) by extension 'cmake'
[0.640s] Level 1:colcon.colcon_core.package_identification:_identify(app/harness/observability) by extension 'python'
[0.640s] Level 1:colcon.colcon_core.package_identification:_identify(app/harness/observability) by extensions ['python_setup_py']
[0.640s] Level 1:colcon.colcon_core.package_identification:_identify(app/harness/observability) by extension 'python_setup_py'
[0.640s] Level 1:colcon.colcon_core.package_identification:_identify(app/harness/prompts) by extensions ['ignore', 'ignore_ament_install']
[0.640s] Level 1:colcon.colcon_core.package_identification:_identify(app/harness/prompts) by extension 'ignore'
[0.640s] Level 1:colcon.colcon_core.package_identification:_identify(app/harness/prompts) by extension 'ignore_ament_install'
[0.640s] Level 1:colcon.colcon_core.package_identification:_identify(app/harness/prompts) by extensions ['colcon_pkg']
[0.640s] Level 1:colcon.colcon_core.package_identification:_identify(app/harness/prompts) by extension 'colcon_pkg'
[0.640s] Level 1:colcon.colcon_core.package_identification:_identify(app/harness/prompts) by extensions ['colcon_meta']
[0.640s] Level 1:colcon.colcon_core.package_identification:_identify(app/harness/prompts) by extension 'colcon_meta'
[0.640s] Level 1:colcon.colcon_core.package_identification:_identify(app/harness/prompts) by extensions ['ros']
[0.640s] Level 1:colcon.colcon_core.package_identification:_identify(app/harness/prompts) by extension 'ros'
[0.640s] Level 1:colcon.colcon_core.package_identification:_identify(app/harness/prompts) by extensions ['cmake', 'python']
[0.640s] Level 1:colcon.colcon_core.package_identification:_identify(app/harness/prompts) by extension 'cmake'
[0.640s] Level 1:colcon.colcon_core.package_identification:_identify(app/harness/prompts) by extension 'python'
[0.640s] Level 1:colcon.colcon_core.package_identification:_identify(app/harness/prompts) by extensions ['python_setup_py']
[0.640s] Level 1:colcon.colcon_core.package_identification:_identify(app/harness/prompts) by extension 'python_setup_py'
[0.640s] Level 1:colcon.colcon_core.package_identification:_identify(app/harness/prompts/__pycache__) by extensions ['ignore', 'ignore_ament_install']
[0.640s] Level 1:colcon.colcon_core.package_identification:_identify(app/harness/prompts/__pycache__) by extension 'ignore'
[0.640s] Level 1:colcon.colcon_core.package_identification:_identify(app/harness/prompts/__pycache__) by extension 'ignore_ament_install'
[0.640s] Level 1:colcon.colcon_core.package_identification:_identify(app/harness/prompts/__pycache__) by extensions ['colcon_pkg']
[0.640s] Level 1:colcon.colcon_core.package_identification:_identify(app/harness/prompts/__pycache__) by extension 'colcon_pkg'
[0.641s] Level 1:colcon.colcon_core.package_identification:_identify(app/harness/prompts/__pycache__) by extensions ['colcon_meta']
[0.641s] Level 1:colcon.colcon_core.package_identification:_identify(app/harness/prompts/__pycache__) by extension 'colcon_meta'
[0.641s] Level 1:colcon.colcon_core.package_identification:_identify(app/harness/prompts/__pycache__) by extensions ['ros']
[0.641s] Level 1:colcon.colcon_core.package_identification:_identify(app/harness/prompts/__pycache__) by extension 'ros'
[0.641s] Level 1:colcon.colcon_core.package_identification:_identify(app/harness/prompts/__pycache__) by extensions ['cmake', 'python']
[0.641s] Level 1:colcon.colcon_core.package_identification:_identify(app/harness/prompts/__pycache__) by extension 'cmake'
[0.641s] Level 1:colcon.colcon_core.package_identification:_identify(app/harness/prompts/__pycache__) by extension 'python'
[0.641s] Level 1:colcon.colcon_core.package_identification:_identify(app/harness/prompts/__pycache__) by extensions ['python_setup_py']
[0.641s] Level 1:colcon.colcon_core.package_identification:_identify(app/harness/prompts/__pycache__) by extension 'python_setup_py'
[0.641s] Level 1:colcon.colcon_core.package_identification:_identify(app/harness/schemas) by extensions ['ignore', 'ignore_ament_install']
[0.641s] Level 1:colcon.colcon_core.package_identification:_identify(app/harness/schemas) by extension 'ignore'
[0.641s] Level 1:colcon.colcon_core.package_identification:_identify(app/harness/schemas) by extension 'ignore_ament_install'
[0.641s] Level 1:colcon.colcon_core.package_identification:_identify(app/harness/schemas) by extensions ['colcon_pkg']
[0.641s] Level 1:colcon.colcon_core.package_identification:_identify(app/harness/schemas) by extension 'colcon_pkg'
[0.641s] Level 1:colcon.colcon_core.package_identification:_identify(app/harness/schemas) by extensions ['colcon_meta']
[0.641s] Level 1:colcon.colcon_core.package_identification:_identify(app/harness/schemas) by extension 'colcon_meta'
[0.641s] Level 1:colcon.colcon_core.package_identification:_identify(app/harness/schemas) by extensions ['ros']
[0.641s] Level 1:colcon.colcon_core.package_identification:_identify(app/harness/schemas) by extension 'ros'
[0.641s] Level 1:colcon.colcon_core.package_identification:_identify(app/harness/schemas) by extensions ['cmake', 'python']
[0.641s] Level 1:colcon.colcon_core.package_identification:_identify(app/harness/schemas) by extension 'cmake'
[0.641s] Level 1:colcon.colcon_core.package_identification:_identify(app/harness/schemas) by extension 'python'
[0.641s] Level 1:colcon.colcon_core.package_identification:_identify(app/harness/schemas) by extensions ['python_setup_py']
[0.641s] Level 1:colcon.colcon_core.package_identification:_identify(app/harness/schemas) by extension 'python_setup_py'
[0.641s] Level 1:colcon.colcon_core.package_identification:_identify(app/harness/schemas/__pycache__) by extensions ['ignore', 'ignore_ament_install']
[0.641s] Level 1:colcon.colcon_core.package_identification:_identify(app/harness/schemas/__pycache__) by extension 'ignore'
[0.641s] Level 1:colcon.colcon_core.package_identification:_identify(app/harness/schemas/__pycache__) by extension 'ignore_ament_install'
[0.642s] Level 1:colcon.colcon_core.package_identification:_identify(app/harness/schemas/__pycache__) by extensions ['colcon_pkg']
[0.642s] Level 1:colcon.colcon_core.package_identification:_identify(app/harness/schemas/__pycache__) by extension 'colcon_pkg'
[0.642s] Level 1:colcon.colcon_core.package_identification:_identify(app/harness/schemas/__pycache__) by extensions ['colcon_meta']
[0.642s] Level 1:colcon.colcon_core.package_identification:_identify(app/harness/schemas/__pycache__) by extension 'colcon_meta'
[0.642s] Level 1:colcon.colcon_core.package_identification:_identify(app/harness/schemas/__pycache__) by extensions ['ros']
[0.642s] Level 1:colcon.colcon_core.package_identification:_identify(app/harness/schemas/__pycache__) by extension 'ros'
[0.642s] Level 1:colcon.colcon_core.package_identification:_identify(app/harness/schemas/__pycache__) by extensions ['cmake', 'python']
[0.642s] Level 1:colcon.colcon_core.package_identification:_identify(app/harness/schemas/__pycache__) by extension 'cmake'
[0.642s] Level 1:colcon.colcon_core.package_identification:_identify(app/harness/schemas/__pycache__) by extension 'python'
[0.642s] Level 1:colcon.colcon_core.package_identification:_identify(app/harness/schemas/__pycache__) by extensions ['python_setup_py']
[0.642s] Level 1:colcon.colcon_core.package_identification:_identify(app/harness/schemas/__pycache__) by extension 'python_setup_py'
[0.642s] Level 1:colcon.colcon_core.package_identification:_identify(app/harness/subgraphs) by extensions ['ignore', 'ignore_ament_install']
[0.642s] Level 1:colcon.colcon_core.package_identification:_identify(app/harness/subgraphs) by extension 'ignore'
[0.642s] Level 1:colcon.colcon_core.package_identification:_identify(app/harness/subgraphs) by extension 'ignore_ament_install'
[0.642s] Level 1:colcon.colcon_core.package_identification:_identify(app/harness/subgraphs) by extensions ['colcon_pkg']
[0.642s] Level 1:colcon.colcon_core.package_identification:_identify(app/harness/subgraphs) by extension 'colcon_pkg'
[0.642s] Level 1:colcon.colcon_core.package_identification:_identify(app/harness/subgraphs) by extensions ['colcon_meta']
[0.642s] Level 1:colcon.colcon_core.package_identification:_identify(app/harness/subgraphs) by extension 'colcon_meta'
[0.642s] Level 1:colcon.colcon_core.package_identification:_identify(app/harness/subgraphs) by extensions ['ros']
[0.642s] Level 1:colcon.colcon_core.package_identification:_identify(app/harness/subgraphs) by extension 'ros'
[0.642s] Level 1:colcon.colcon_core.package_identification:_identify(app/harness/subgraphs) by extensions ['cmake', 'python']
[0.642s] Level 1:colcon.colcon_core.package_identification:_identify(app/harness/subgraphs) by extension 'cmake'
[0.642s] Level 1:colcon.colcon_core.package_identification:_identify(app/harness/subgraphs) by extension 'python'
[0.642s] Level 1:colcon.colcon_core.package_identification:_identify(app/harness/subgraphs) by extensions ['python_setup_py']
[0.642s] Level 1:colcon.colcon_core.package_identification:_identify(app/harness/subgraphs) by extension 'python_setup_py'
[0.642s] Level 1:colcon.colcon_core.package_identification:_identify(app/harness/subgraphs/__pycache__) by extensions ['ignore', 'ignore_ament_install']
[0.642s] Level 1:colcon.colcon_core.package_identification:_identify(app/harness/subgraphs/__pycache__) by extension 'ignore'
[0.643s] Level 1:colcon.colcon_core.package_identification:_identify(app/harness/subgraphs/__pycache__) by extension 'ignore_ament_install'
[0.643s] Level 1:colcon.colcon_core.package_identification:_identify(app/harness/subgraphs/__pycache__) by extensions ['colcon_pkg']
[0.643s] Level 1:colcon.colcon_core.package_identification:_identify(app/harness/subgraphs/__pycache__) by extension 'colcon_pkg'
[0.643s] Level 1:colcon.colcon_core.package_identification:_identify(app/harness/subgraphs/__pycache__) by extensions ['colcon_meta']
[0.643s] Level 1:colcon.colcon_core.package_identification:_identify(app/harness/subgraphs/__pycache__) by extension 'colcon_meta'
[0.643s] Level 1:colcon.colcon_core.package_identification:_identify(app/harness/subgraphs/__pycache__) by extensions ['ros']
[0.643s] Level 1:colcon.colcon_core.package_identification:_identify(app/harness/subgraphs/__pycache__) by extension 'ros'
[0.643s] Level 1:colcon.colcon_core.package_identification:_identify(app/harness/subgraphs/__pycache__) by extensions ['cmake', 'python']
[0.643s] Level 1:colcon.colcon_core.package_identification:_identify(app/harness/subgraphs/__pycache__) by extension 'cmake'
[0.643s] Level 1:colcon.colcon_core.package_identification:_identify(app/harness/subgraphs/__pycache__) by extension 'python'
[0.643s] Level 1:colcon.colcon_core.package_identification:_identify(app/harness/subgraphs/__pycache__) by extensions ['python_setup_py']
[0.643s] Level 1:colcon.colcon_core.package_identification:_identify(app/harness/subgraphs/__pycache__) by extension 'python_setup_py'
[0.643s] Level 1:colcon.colcon_core.package_identification:_identify(app/harness/test) by extensions ['ignore', 'ignore_ament_install']
[0.643s] Level 1:colcon.colcon_core.package_identification:_identify(app/harness/test) by extension 'ignore'
[0.643s] Level 1:colcon.colcon_core.package_identification:_identify(app/harness/test) by extension 'ignore_ament_install'
[0.643s] Level 1:colcon.colcon_core.package_identification:_identify(app/harness/test) by extensions ['colcon_pkg']
[0.643s] Level 1:colcon.colcon_core.package_identification:_identify(app/harness/test) by extension 'colcon_pkg'
[0.643s] Level 1:colcon.colcon_core.package_identification:_identify(app/harness/test) by extensions ['colcon_meta']
[0.643s] Level 1:colcon.colcon_core.package_identification:_identify(app/harness/test) by extension 'colcon_meta'
[0.643s] Level 1:colcon.colcon_core.package_identification:_identify(app/harness/test) by extensions ['ros']
[0.643s] Level 1:colcon.colcon_core.package_identification:_identify(app/harness/test) by extension 'ros'
[0.643s] Level 1:colcon.colcon_core.package_identification:_identify(app/harness/test) by extensions ['cmake', 'python']
[0.643s] Level 1:colcon.colcon_core.package_identification:_identify(app/harness/test) by extension 'cmake'
[0.643s] Level 1:colcon.colcon_core.package_identification:_identify(app/harness/test) by extension 'python'
[0.643s] Level 1:colcon.colcon_core.package_identification:_identify(app/harness/test) by extensions ['python_setup_py']
[0.643s] Level 1:colcon.colcon_core.package_identification:_identify(app/harness/test) by extension 'python_setup_py'
[0.644s] Level 1:colcon.colcon_core.package_identification:_identify(app/harness/test/images) by extensions ['ignore', 'ignore_ament_install']
[0.644s] Level 1:colcon.colcon_core.package_identification:_identify(app/harness/test/images) by extension 'ignore'
[0.644s] Level 1:colcon.colcon_core.package_identification:_identify(app/harness/test/images) by extension 'ignore_ament_install'
[0.644s] Level 1:colcon.colcon_core.package_identification:_identify(app/harness/test/images) by extensions ['colcon_pkg']
[0.644s] Level 1:colcon.colcon_core.package_identification:_identify(app/harness/test/images) by extension 'colcon_pkg'
[0.644s] Level 1:colcon.colcon_core.package_identification:_identify(app/harness/test/images) by extensions ['colcon_meta']
[0.644s] Level 1:colcon.colcon_core.package_identification:_identify(app/harness/test/images) by extension 'colcon_meta'
[0.644s] Level 1:colcon.colcon_core.package_identification:_identify(app/harness/test/images) by extensions ['ros']
[0.644s] Level 1:colcon.colcon_core.package_identification:_identify(app/harness/test/images) by extension 'ros'
[0.644s] Level 1:colcon.colcon_core.package_identification:_identify(app/harness/test/images) by extensions ['cmake', 'python']
[0.644s] Level 1:colcon.colcon_core.package_identification:_identify(app/harness/test/images) by extension 'cmake'
[0.644s] Level 1:colcon.colcon_core.package_identification:_identify(app/harness/test/images) by extension 'python'
[0.644s] Level 1:colcon.colcon_core.package_identification:_identify(app/harness/test/images) by extensions ['python_setup_py']
[0.644s] Level 1:colcon.colcon_core.package_identification:_identify(app/harness/test/images) by extension 'python_setup_py'
[0.644s] Level 1:colcon.colcon_core.package_identification:_identify(app/harness/tools) by extensions ['ignore', 'ignore_ament_install']
[0.644s] Level 1:colcon.colcon_core.package_identification:_identify(app/harness/tools) by extension 'ignore'
[0.644s] Level 1:colcon.colcon_core.package_identification:_identify(app/harness/tools) by extension 'ignore_ament_install'
[0.644s] Level 1:colcon.colcon_core.package_identification:_identify(app/harness/tools) by extensions ['colcon_pkg']
[0.644s] Level 1:colcon.colcon_core.package_identification:_identify(app/harness/tools) by extension 'colcon_pkg'
[0.644s] Level 1:colcon.colcon_core.package_identification:_identify(app/harness/tools) by extensions ['colcon_meta']
[0.644s] Level 1:colcon.colcon_core.package_identification:_identify(app/harness/tools) by extension 'colcon_meta'
[0.644s] Level 1:colcon.colcon_core.package_identification:_identify(app/harness/tools) by extensions ['ros']
[0.644s] Level 1:colcon.colcon_core.package_identification:_identify(app/harness/tools) by extension 'ros'
[0.644s] Level 1:colcon.colcon_core.package_identification:_identify(app/harness/tools) by extensions ['cmake', 'python']
[0.644s] Level 1:colcon.colcon_core.package_identification:_identify(app/harness/tools) by extension 'cmake'
[0.644s] Level 1:colcon.colcon_core.package_identification:_identify(app/harness/tools) by extension 'python'
[0.644s] Level 1:colcon.colcon_core.package_identification:_identify(app/harness/tools) by extensions ['python_setup_py']
[0.645s] Level 1:colcon.colcon_core.package_identification:_identify(app/harness/tools) by extension 'python_setup_py'
[0.645s] Level 1:colcon.colcon_core.package_identification:_identify(app/harness/tools/__pycache__) by extensions ['ignore', 'ignore_ament_install']
[0.645s] Level 1:colcon.colcon_core.package_identification:_identify(app/harness/tools/__pycache__) by extension 'ignore'
[0.645s] Level 1:colcon.colcon_core.package_identification:_identify(app/harness/tools/__pycache__) by extension 'ignore_ament_install'
[0.645s] Level 1:colcon.colcon_core.package_identification:_identify(app/harness/tools/__pycache__) by extensions ['colcon_pkg']
[0.645s] Level 1:colcon.colcon_core.package_identification:_identify(app/harness/tools/__pycache__) by extension 'colcon_pkg'
[0.645s] Level 1:colcon.colcon_core.package_identification:_identify(app/harness/tools/__pycache__) by extensions ['colcon_meta']
[0.645s] Level 1:colcon.colcon_core.package_identification:_identify(app/harness/tools/__pycache__) by extension 'colcon_meta'
[0.645s] Level 1:colcon.colcon_core.package_identification:_identify(app/harness/tools/__pycache__) by extensions ['ros']
[0.645s] Level 1:colcon.colcon_core.package_identification:_identify(app/harness/tools/__pycache__) by extension 'ros'
[0.645s] Level 1:colcon.colcon_core.package_identification:_identify(app/harness/tools/__pycache__) by extensions ['cmake', 'python']
[0.645s] Level 1:colcon.colcon_core.package_identification:_identify(app/harness/tools/__pycache__) by extension 'cmake'
[0.645s] Level 1:colcon.colcon_core.package_identification:_identify(app/harness/tools/__pycache__) by extension 'python'
[0.645s] Level 1:colcon.colcon_core.package_identification:_identify(app/harness/tools/__pycache__) by extensions ['python_setup_py']
[0.645s] Level 1:colcon.colcon_core.package_identification:_identify(app/harness/tools/__pycache__) by extension 'python_setup_py'
[0.645s] Level 1:colcon.colcon_core.package_identification:_identify(build) by extensions ['ignore', 'ignore_ament_install']
[0.645s] Level 1:colcon.colcon_core.package_identification:_identify(build) by extension 'ignore'
[0.645s] Level 1:colcon.colcon_core.package_identification:_identify(build) ignored
[0.645s] Level 1:colcon.colcon_core.package_identification:_identify(docker) by extensions ['ignore', 'ignore_ament_install']
[0.645s] Level 1:colcon.colcon_core.package_identification:_identify(docker) by extension 'ignore'
[0.645s] Level 1:colcon.colcon_core.package_identification:_identify(docker) by extension 'ignore_ament_install'
[0.645s] Level 1:colcon.colcon_core.package_identification:_identify(docker) by extensions ['colcon_pkg']
[0.645s] Level 1:colcon.colcon_core.package_identification:_identify(docker) by extension 'colcon_pkg'
[0.646s] Level 1:colcon.colcon_core.package_identification:_identify(docker) by extensions ['colcon_meta']
[0.646s] Level 1:colcon.colcon_core.package_identification:_identify(docker) by extension 'colcon_meta'
[0.646s] Level 1:colcon.colcon_core.package_identification:_identify(docker) by extensions ['ros']
[0.646s] Level 1:colcon.colcon_core.package_identification:_identify(docker) by extension 'ros'
[0.646s] Level 1:colcon.colcon_core.package_identification:_identify(docker) by extensions ['cmake', 'python']
[0.646s] Level 1:colcon.colcon_core.package_identification:_identify(docker) by extension 'cmake'
[0.646s] Level 1:colcon.colcon_core.package_identification:_identify(docker) by extension 'python'
[0.646s] Level 1:colcon.colcon_core.package_identification:_identify(docker) by extensions ['python_setup_py']
[0.646s] Level 1:colcon.colcon_core.package_identification:_identify(docker) by extension 'python_setup_py'
[0.646s] Level 1:colcon.colcon_core.package_identification:_identify(docs) by extensions ['ignore', 'ignore_ament_install']
[0.646s] Level 1:colcon.colcon_core.package_identification:_identify(docs) by extension 'ignore'
[0.646s] Level 1:colcon.colcon_core.package_identification:_identify(docs) by extension 'ignore_ament_install'
[0.646s] Level 1:colcon.colcon_core.package_identification:_identify(docs) by extensions ['colcon_pkg']
[0.646s] Level 1:colcon.colcon_core.package_identification:_identify(docs) by extension 'colcon_pkg'
[0.646s] Level 1:colcon.colcon_core.package_identification:_identify(docs) by extensions ['colcon_meta']
[0.646s] Level 1:colcon.colcon_core.package_identification:_identify(docs) by extension 'colcon_meta'
[0.646s] Level 1:colcon.colcon_core.package_identification:_identify(docs) by extensions ['ros']
[0.646s] Level 1:colcon.colcon_core.package_identification:_identify(docs) by extension 'ros'
[0.646s] Level 1:colcon.colcon_core.package_identification:_identify(docs) by extensions ['cmake', 'python']
[0.646s] Level 1:colcon.colcon_core.package_identification:_identify(docs) by extension 'cmake'
[0.646s] Level 1:colcon.colcon_core.package_identification:_identify(docs) by extension 'python'
[0.646s] Level 1:colcon.colcon_core.package_identification:_identify(docs) by extensions ['python_setup_py']
[0.646s] Level 1:colcon.colcon_core.package_identification:_identify(docs) by extension 'python_setup_py'
[0.646s] Level 1:colcon.colcon_core.package_identification:_identify(install) by extensions ['ignore', 'ignore_ament_install']
[0.646s] Level 1:colcon.colcon_core.package_identification:_identify(install) by extension 'ignore'
[0.646s] Level 1:colcon.colcon_core.package_identification:_identify(install) ignored
[0.647s] Level 1:colcon.colcon_core.package_identification:_identify(log) by extensions ['ignore', 'ignore_ament_install']
[0.647s] Level 1:colcon.colcon_core.package_identification:_identify(log) by extension 'ignore'
[0.647s] Level 1:colcon.colcon_core.package_identification:_identify(log) ignored
[0.647s] Level 1:colcon.colcon_core.package_identification:_identify(rl_navibot.egg-info) by extensions ['ignore', 'ignore_ament_install']
[0.647s] Level 1:colcon.colcon_core.package_identification:_identify(rl_navibot.egg-info) by extension 'ignore'
[0.647s] Level 1:colcon.colcon_core.package_identification:_identify(rl_navibot.egg-info) by extension 'ignore_ament_install'
[0.647s] Level 1:colcon.colcon_core.package_identification:_identify(rl_navibot.egg-info) by extensions ['colcon_pkg']
[0.647s] Level 1:colcon.colcon_core.package_identification:_identify(rl_navibot.egg-info) by extension 'colcon_pkg'
[0.647s] Level 1:colcon.colcon_core.package_identification:_identify(rl_navibot.egg-info) by extensions ['colcon_meta']
[0.647s] Level 1:colcon.colcon_core.package_identification:_identify(rl_navibot.egg-info) by extension 'colcon_meta'
[0.647s] Level 1:colcon.colcon_core.package_identification:_identify(rl_navibot.egg-info) by extensions ['ros']
[0.647s] Level 1:colcon.colcon_core.package_identification:_identify(rl_navibot.egg-info) by extension 'ros'
[0.647s] Level 1:colcon.colcon_core.package_identification:_identify(rl_navibot.egg-info) by extensions ['cmake', 'python']
[0.647s] Level 1:colcon.colcon_core.package_identification:_identify(rl_navibot.egg-info) by extension 'cmake'
[0.647s] Level 1:colcon.colcon_core.package_identification:_identify(rl_navibot.egg-info) by extension 'python'
[0.647s] Level 1:colcon.colcon_core.package_identification:_identify(rl_navibot.egg-info) by extensions ['python_setup_py']
[0.647s] Level 1:colcon.colcon_core.package_identification:_identify(rl_navibot.egg-info) by extension 'python_setup_py'
[0.647s] Level 1:colcon.colcon_core.package_identification:_identify(scripts) by extensions ['ignore', 'ignore_ament_install']
[0.647s] Level 1:colcon.colcon_core.package_identification:_identify(scripts) by extension 'ignore'
[0.647s] Level 1:colcon.colcon_core.package_identification:_identify(scripts) by extension 'ignore_ament_install'
[0.647s] Level 1:colcon.colcon_core.package_identification:_identify(scripts) by extensions ['colcon_pkg']
[0.647s] Level 1:colcon.colcon_core.package_identification:_identify(scripts) by extension 'colcon_pkg'
[0.647s] Level 1:colcon.colcon_core.package_identification:_identify(scripts) by extensions ['colcon_meta']
[0.647s] Level 1:colcon.colcon_core.package_identification:_identify(scripts) by extension 'colcon_meta'
[0.647s] Level 1:colcon.colcon_core.package_identification:_identify(scripts) by extensions ['ros']
[0.648s] Level 1:colcon.colcon_core.package_identification:_identify(scripts) by extension 'ros'
[0.648s] Level 1:colcon.colcon_core.package_identification:_identify(scripts) by extensions ['cmake', 'python']
[0.648s] Level 1:colcon.colcon_core.package_identification:_identify(scripts) by extension 'cmake'
[0.648s] Level 1:colcon.colcon_core.package_identification:_identify(scripts) by extension 'python'
[0.648s] Level 1:colcon.colcon_core.package_identification:_identify(scripts) by extensions ['python_setup_py']
[0.648s] Level 1:colcon.colcon_core.package_identification:_identify(scripts) by extension 'python_setup_py'
[0.648s] Level 1:colcon.colcon_core.package_identification:_identify(src) by extensions ['ignore', 'ignore_ament_install']
[0.648s] Level 1:colcon.colcon_core.package_identification:_identify(src) by extension 'ignore'
[0.648s] Level 1:colcon.colcon_core.package_identification:_identify(src) by extension 'ignore_ament_install'
[0.648s] Level 1:colcon.colcon_core.package_identification:_identify(src) by extensions ['colcon_pkg']
[0.648s] Level 1:colcon.colcon_core.package_identification:_identify(src) by extension 'colcon_pkg'
[0.648s] Level 1:colcon.colcon_core.package_identification:_identify(src) by extensions ['colcon_meta']
[0.648s] Level 1:colcon.colcon_core.package_identification:_identify(src) by extension 'colcon_meta'
[0.648s] Level 1:colcon.colcon_core.package_identification:_identify(src) by extensions ['ros']
[0.648s] Level 1:colcon.colcon_core.package_identification:_identify(src) by extension 'ros'
[0.648s] Level 1:colcon.colcon_core.package_identification:_identify(src) by extensions ['cmake', 'python']
[0.648s] Level 1:colcon.colcon_core.package_identification:_identify(src) by extension 'cmake'
[0.648s] Level 1:colcon.colcon_core.package_identification:_identify(src) by extension 'python'
[0.648s] Level 1:colcon.colcon_core.package_identification:_identify(src) by extensions ['python_setup_py']
[0.648s] Level 1:colcon.colcon_core.package_identification:_identify(src) by extension 'python_setup_py'
[0.648s] Level 1:colcon.colcon_core.package_identification:_identify(src/_decision) by extensions ['ignore', 'ignore_ament_install']
[0.648s] Level 1:colcon.colcon_core.package_identification:_identify(src/_decision) by extension 'ignore'
[0.648s] Level 1:colcon.colcon_core.package_identification:_identify(src/_decision) by extension 'ignore_ament_install'
[0.648s] Level 1:colcon.colcon_core.package_identification:_identify(src/_decision) by extensions ['colcon_pkg']
[0.648s] Level 1:colcon.colcon_core.package_identification:_identify(src/_decision) by extension 'colcon_pkg'
[0.648s] Level 1:colcon.colcon_core.package_identification:_identify(src/_decision) by extensions ['colcon_meta']
[0.649s] Level 1:colcon.colcon_core.package_identification:_identify(src/_decision) by extension 'colcon_meta'
[0.649s] Level 1:colcon.colcon_core.package_identification:_identify(src/_decision) by extensions ['ros']
[0.649s] Level 1:colcon.colcon_core.package_identification:_identify(src/_decision) by extension 'ros'
[0.649s] Level 1:colcon.colcon_core.package_identification:_identify(src/_decision) by extensions ['cmake', 'python']
[0.649s] Level 1:colcon.colcon_core.package_identification:_identify(src/_decision) by extension 'cmake'
[0.649s] Level 1:colcon.colcon_core.package_identification:_identify(src/_decision) by extension 'python'
[0.649s] Level 1:colcon.colcon_core.package_identification:_identify(src/_decision) by extensions ['python_setup_py']
[0.649s] Level 1:colcon.colcon_core.package_identification:_identify(src/_decision) by extension 'python_setup_py'
[0.649s] Level 1:colcon.colcon_core.package_identification:_identify(src/_decision/rl_agent) by extensions ['ignore', 'ignore_ament_install']
[0.649s] Level 1:colcon.colcon_core.package_identification:_identify(src/_decision/rl_agent) by extension 'ignore'
[0.649s] Level 1:colcon.colcon_core.package_identification:_identify(src/_decision/rl_agent) by extension 'ignore_ament_install'
[0.649s] Level 1:colcon.colcon_core.package_identification:_identify(src/_decision/rl_agent) by extensions ['colcon_pkg']
[0.649s] Level 1:colcon.colcon_core.package_identification:_identify(src/_decision/rl_agent) by extension 'colcon_pkg'
[0.649s] Level 1:colcon.colcon_core.package_identification:_identify(src/_decision/rl_agent) by extensions ['colcon_meta']
[0.649s] Level 1:colcon.colcon_core.package_identification:_identify(src/_decision/rl_agent) by extension 'colcon_meta'
[0.649s] Level 1:colcon.colcon_core.package_identification:_identify(src/_decision/rl_agent) by extensions ['ros']
[0.649s] Level 1:colcon.colcon_core.package_identification:_identify(src/_decision/rl_agent) by extension 'ros'
[0.653s] DEBUG:colcon.colcon_core.package_identification:Package 'src/_decision/rl_agent' with type 'ros.ament_python' and name 'rl_agent'
[0.653s] Level 1:colcon.colcon_core.package_identification:_identify(src/_perception) by extensions ['ignore', 'ignore_ament_install']
[0.653s] Level 1:colcon.colcon_core.package_identification:_identify(src/_perception) by extension 'ignore'
[0.653s] Level 1:colcon.colcon_core.package_identification:_identify(src/_perception) by extension 'ignore_ament_install'
[0.653s] Level 1:colcon.colcon_core.package_identification:_identify(src/_perception) by extensions ['colcon_pkg']
[0.653s] Level 1:colcon.colcon_core.package_identification:_identify(src/_perception) by extension 'colcon_pkg'
[0.653s] Level 1:colcon.colcon_core.package_identification:_identify(src/_perception) by extensions ['colcon_meta']
[0.653s] Level 1:colcon.colcon_core.package_identification:_identify(src/_perception) by extension 'colcon_meta'
[0.653s] Level 1:colcon.colcon_core.package_identification:_identify(src/_perception) by extensions ['ros']
[0.653s] Level 1:colcon.colcon_core.package_identification:_identify(src/_perception) by extension 'ros'
[0.654s] Level 1:colcon.colcon_core.package_identification:_identify(src/_perception) by extensions ['cmake', 'python']
[0.654s] Level 1:colcon.colcon_core.package_identification:_identify(src/_perception) by extension 'cmake'
[0.654s] Level 1:colcon.colcon_core.package_identification:_identify(src/_perception) by extension 'python'
[0.654s] Level 1:colcon.colcon_core.package_identification:_identify(src/_perception) by extensions ['python_setup_py']
[0.654s] Level 1:colcon.colcon_core.package_identification:_identify(src/_perception) by extension 'python_setup_py'
[0.654s] Level 1:colcon.colcon_core.package_identification:_identify(src/core) by extensions ['ignore', 'ignore_ament_install']
[0.654s] Level 1:colcon.colcon_core.package_identification:_identify(src/core) by extension 'ignore'
[0.654s] Level 1:colcon.colcon_core.package_identification:_identify(src/core) by extension 'ignore_ament_install'
[0.654s] Level 1:colcon.colcon_core.package_identification:_identify(src/core) by extensions ['colcon_pkg']
[0.654s] Level 1:colcon.colcon_core.package_identification:_identify(src/core) by extension 'colcon_pkg'
[0.654s] Level 1:colcon.colcon_core.package_identification:_identify(src/core) by extensions ['colcon_meta']
[0.654s] Level 1:colcon.colcon_core.package_identification:_identify(src/core) by extension 'colcon_meta'
[0.654s] Level 1:colcon.colcon_core.package_identification:_identify(src/core) by extensions ['ros']
[0.654s] Level 1:colcon.colcon_core.package_identification:_identify(src/core) by extension 'ros'
[0.655s] DEBUG:colcon.colcon_core.package_identification:Package 'src/core' with type 'ros.ament_python' and name 'core'
[0.655s] Level 1:colcon.colcon_core.package_identification:_identify(src/decision) by extensions ['ignore', 'ignore_ament_install']
[0.655s] Level 1:colcon.colcon_core.package_identification:_identify(src/decision) by extension 'ignore'
[0.655s] Level 1:colcon.colcon_core.package_identification:_identify(src/decision) by extension 'ignore_ament_install'
[0.655s] Level 1:colcon.colcon_core.package_identification:_identify(src/decision) by extensions ['colcon_pkg']
[0.655s] Level 1:colcon.colcon_core.package_identification:_identify(src/decision) by extension 'colcon_pkg'
[0.656s] Level 1:colcon.colcon_core.package_identification:_identify(src/decision) by extensions ['colcon_meta']
[0.656s] Level 1:colcon.colcon_core.package_identification:_identify(src/decision) by extension 'colcon_meta'
[0.656s] Level 1:colcon.colcon_core.package_identification:_identify(src/decision) by extensions ['ros']
[0.656s] Level 1:colcon.colcon_core.package_identification:_identify(src/decision) by extension 'ros'
[0.656s] DEBUG:colcon.colcon_core.package_identification:Package 'src/decision' with type 'ros.ament_python' and name 'decision'
[0.656s] Level 1:colcon.colcon_core.package_identification:_identify(src/execution) by extensions ['ignore', 'ignore_ament_install']
[0.656s] Level 1:colcon.colcon_core.package_identification:_identify(src/execution) by extension 'ignore'
[0.657s] Level 1:colcon.colcon_core.package_identification:_identify(src/execution) by extension 'ignore_ament_install'
[0.657s] Level 1:colcon.colcon_core.package_identification:_identify(src/execution) by extensions ['colcon_pkg']
[0.657s] Level 1:colcon.colcon_core.package_identification:_identify(src/execution) by extension 'colcon_pkg'
[0.657s] Level 1:colcon.colcon_core.package_identification:_identify(src/execution) by extensions ['colcon_meta']
[0.657s] Level 1:colcon.colcon_core.package_identification:_identify(src/execution) by extension 'colcon_meta'
[0.657s] Level 1:colcon.colcon_core.package_identification:_identify(src/execution) by extensions ['ros']
[0.657s] Level 1:colcon.colcon_core.package_identification:_identify(src/execution) by extension 'ros'
[0.658s] DEBUG:colcon.colcon_core.package_identification:Package 'src/execution' with type 'ros.ament_python' and name 'execution'
[0.658s] Level 1:colcon.colcon_core.package_identification:_identify(src/perception) by extensions ['ignore', 'ignore_ament_install']
[0.658s] Level 1:colcon.colcon_core.package_identification:_identify(src/perception) by extension 'ignore'
[0.658s] Level 1:colcon.colcon_core.package_identification:_identify(src/perception) by extension 'ignore_ament_install'
[0.658s] Level 1:colcon.colcon_core.package_identification:_identify(src/perception) by extensions ['colcon_pkg']
[0.658s] Level 1:colcon.colcon_core.package_identification:_identify(src/perception) by extension 'colcon_pkg'
[0.658s] Level 1:colcon.colcon_core.package_identification:_identify(src/perception) by extensions ['colcon_meta']
[0.658s] Level 1:colcon.colcon_core.package_identification:_identify(src/perception) by extension 'colcon_meta'
[0.658s] Level 1:colcon.colcon_core.package_identification:_identify(src/perception) by extensions ['ros']
[0.658s] Level 1:colcon.colcon_core.package_identification:_identify(src/perception) by extension 'ros'
[0.659s] DEBUG:colcon.colcon_core.package_identification:Package 'src/perception' with type 'ros.ament_python' and name 'perception'
[0.659s] Level 1:colcon.colcon_core.package_identification:_identify(src/planning) by extensions ['ignore', 'ignore_ament_install']
[0.659s] Level 1:colcon.colcon_core.package_identification:_identify(src/planning) by extension 'ignore'
[0.659s] Level 1:colcon.colcon_core.package_identification:_identify(src/planning) by extension 'ignore_ament_install'
[0.659s] Level 1:colcon.colcon_core.package_identification:_identify(src/planning) by extensions ['colcon_pkg']
[0.659s] Level 1:colcon.colcon_core.package_identification:_identify(src/planning) by extension 'colcon_pkg'
[0.659s] Level 1:colcon.colcon_core.package_identification:_identify(src/planning) by extensions ['colcon_meta']
[0.659s] Level 1:colcon.colcon_core.package_identification:_identify(src/planning) by extension 'colcon_meta'
[0.659s] Level 1:colcon.colcon_core.package_identification:_identify(src/planning) by extensions ['ros']
[0.659s] Level 1:colcon.colcon_core.package_identification:_identify(src/planning) by extension 'ros'
[0.660s] DEBUG:colcon.colcon_core.package_identification:Package 'src/planning' with type 'ros.ament_python' and name 'planning'
[0.660s] Level 1:colcon.colcon_core.package_identification:_identify(src/simulation) by extensions ['ignore', 'ignore_ament_install']
[0.660s] Level 1:colcon.colcon_core.package_identification:_identify(src/simulation) by extension 'ignore'
[0.660s] Level 1:colcon.colcon_core.package_identification:_identify(src/simulation) by extension 'ignore_ament_install'
[0.661s] Level 1:colcon.colcon_core.package_identification:_identify(src/simulation) by extensions ['colcon_pkg']
[0.661s] Level 1:colcon.colcon_core.package_identification:_identify(src/simulation) by extension 'colcon_pkg'
[0.661s] Level 1:colcon.colcon_core.package_identification:_identify(src/simulation) by extensions ['colcon_meta']
[0.661s] Level 1:colcon.colcon_core.package_identification:_identify(src/simulation) by extension 'colcon_meta'
[0.661s] Level 1:colcon.colcon_core.package_identification:_identify(src/simulation) by extensions ['ros']
[0.661s] Level 1:colcon.colcon_core.package_identification:_identify(src/simulation) by extension 'ros'
[0.661s] Level 1:colcon.colcon_core.package_identification:_identify(src/simulation) by extensions ['cmake', 'python']
[0.661s] Level 1:colcon.colcon_core.package_identification:_identify(src/simulation) by extension 'cmake'
[0.661s] Level 1:colcon.colcon_core.package_identification:_identify(src/simulation) by extension 'python'
[0.661s] Level 1:colcon.colcon_core.package_identification:_identify(src/simulation) by extensions ['python_setup_py']
[0.661s] Level 1:colcon.colcon_core.package_identification:_identify(src/simulation) by extension 'python_setup_py'
[0.661s] Level 1:colcon.colcon_core.package_identification:_identify(src/simulation/robot_world) by extensions ['ignore', 'ignore_ament_install']
[0.661s] Level 1:colcon.colcon_core.package_identification:_identify(src/simulation/robot_world) by extension 'ignore'
[0.661s] Level 1:colcon.colcon_core.package_identification:_identify(src/simulation/robot_world) by extension 'ignore_ament_install'
[0.661s] Level 1:colcon.colcon_core.package_identification:_identify(src/simulation/robot_world) by extensions ['colcon_pkg']
[0.661s] Level 1:colcon.colcon_core.package_identification:_identify(src/simulation/robot_world) by extension 'colcon_pkg'
[0.661s] Level 1:colcon.colcon_core.package_identification:_identify(src/simulation/robot_world) by extensions ['colcon_meta']
[0.661s] Level 1:colcon.colcon_core.package_identification:_identify(src/simulation/robot_world) by extension 'colcon_meta'
[0.661s] Level 1:colcon.colcon_core.package_identification:_identify(src/simulation/robot_world) by extensions ['ros']
[0.661s] Level 1:colcon.colcon_core.package_identification:_identify(src/simulation/robot_world) by extension 'ros'
[0.663s] DEBUG:colcon.colcon_core.package_identification:Package 'src/simulation/robot_world' with type 'ros.ament_cmake' and name 'robot_world'
[0.663s] Level 1:colcon.colcon_core.package_discovery:discover_packages(recursive) using defaults
[0.663s] Level 1:colcon.colcon_core.package_discovery:discover_packages(ignore) discover
[0.663s] Level 1:colcon.colcon_core.package_discovery:discover_packages(ignore) using defaults
[0.663s] Level 1:colcon.colcon_core.package_discovery:discover_packages(path) discover
[0.663s] Level 1:colcon.colcon_core.package_discovery:discover_packages(path) using defaults
[0.691s] Level 1:colcon.colcon_core.package_discovery:discover_packages(prefix_path) check parameters
[0.691s] Level 1:colcon.colcon_core.package_discovery:discover_packages(prefix_path) discover
[0.695s] DEBUG:colcon.colcon_installed_package_information.package_discovery:Found 337 installed packages in /opt/ros/humble
[0.696s] Level 1:colcon.colcon_core.package_discovery:discover_packages(prefix_path) using defaults
[0.772s] Level 5:colcon.colcon_core.verb:set package 'core' build argument 'cmake_args' from command line to 'None'
[0.772s] Level 5:colcon.colcon_core.verb:set package 'core' build argument 'cmake_target' from command line to 'None'
[0.772s] Level 5:colcon.colcon_core.verb:set package 'core' build argument 'cmake_target_skip_unavailable' from command line to 'False'
[0.772s] Level 5:colcon.colcon_core.verb:set package 'core' build argument 'cmake_clean_cache' from command line to 'False'
[0.772s] Level 5:colcon.colcon_core.verb:set package 'core' build argument 'cmake_clean_first' from command line to 'False'
[0.772s] Level 5:colcon.colcon_core.verb:set package 'core' build argument 'cmake_force_configure' from command line to 'False'
[0.772s] Level 5:colcon.colcon_core.verb:set package 'core' build argument 'ament_cmake_args' from command line to 'None'
[0.772s] Level 5:colcon.colcon_core.verb:set package 'core' build argument 'catkin_cmake_args' from command line to 'None'
[0.772s] Level 5:colcon.colcon_core.verb:set package 'core' build argument 'catkin_skip_building_tests' from command line to 'False'
[0.772s] DEBUG:colcon.colcon_core.verb:Building package 'core' with the following arguments: {'ament_cmake_args': None, 'build_base': '/home/chendawww/workspace/rl-navibot/build/core', 'catkin_cmake_args': None, 'catkin_skip_building_tests': False, 'cmake_args': None, 'cmake_clean_cache': False, 'cmake_clean_first': False, 'cmake_force_configure': False, 'cmake_target': None, 'cmake_target_skip_unavailable': False, 'install_base': '/home/chendawww/workspace/rl-navibot/install/core', 'merge_install': False, 'path': '/home/chendawww/workspace/rl-navibot/src/core', 'symlink_install': False, 'test_result_base': None}
[0.772s] Level 5:colcon.colcon_core.verb:set package 'decision' build argument 'cmake_args' from command line to 'None'
[0.773s] Level 5:colcon.colcon_core.verb:set package 'decision' build argument 'cmake_target' from command line to 'None'
[0.773s] Level 5:colcon.colcon_core.verb:set package 'decision' build argument 'cmake_target_skip_unavailable' from command line to 'False'
[0.773s] Level 5:colcon.colcon_core.verb:set package 'decision' build argument 'cmake_clean_cache' from command line to 'False'
[0.773s] Level 5:colcon.colcon_core.verb:set package 'decision' build argument 'cmake_clean_first' from command line to 'False'
[0.773s] Level 5:colcon.colcon_core.verb:set package 'decision' build argument 'cmake_force_configure' from command line to 'False'
[0.773s] Level 5:colcon.colcon_core.verb:set package 'decision' build argument 'ament_cmake_args' from command line to 'None'
[0.773s] Level 5:colcon.colcon_core.verb:set package 'decision' build argument 'catkin_cmake_args' from command line to 'None'
[0.773s] Level 5:colcon.colcon_core.verb:set package 'decision' build argument 'catkin_skip_building_tests' from command line to 'False'
[0.773s] DEBUG:colcon.colcon_core.verb:Building package 'decision' with the following arguments: {'ament_cmake_args': None, 'build_base': '/home/chendawww/workspace/rl-navibot/build/decision', 'catkin_cmake_args': None, 'catkin_skip_building_tests': False, 'cmake_args': None, 'cmake_clean_cache': False, 'cmake_clean_first': False, 'cmake_force_configure': False, 'cmake_target': None, 'cmake_target_skip_unavailable': False, 'install_base': '/home/chendawww/workspace/rl-navibot/install/decision', 'merge_install': False, 'path': '/home/chendawww/workspace/rl-navibot/src/decision', 'symlink_install': False, 'test_result_base': None}
[0.773s] Level 5:colcon.colcon_core.verb:set package 'execution' build argument 'cmake_args' from command line to 'None'
[0.773s] Level 5:colcon.colcon_core.verb:set package 'execution' build argument 'cmake_target' from command line to 'None'
[0.773s] Level 5:colcon.colcon_core.verb:set package 'execution' build argument 'cmake_target_skip_unavailable' from command line to 'False'
[0.773s] Level 5:colcon.colcon_core.verb:set package 'execution' build argument 'cmake_clean_cache' from command line to 'False'
[0.773s] Level 5:colcon.colcon_core.verb:set package 'execution' build argument 'cmake_clean_first' from command line to 'False'
[0.773s] Level 5:colcon.colcon_core.verb:set package 'execution' build argument 'cmake_force_configure' from command line to 'False'
[0.773s] Level 5:colcon.colcon_core.verb:set package 'execution' build argument 'ament_cmake_args' from command line to 'None'
[0.773s] Level 5:colcon.colcon_core.verb:set package 'execution' build argument 'catkin_cmake_args' from command line to 'None'
[0.773s] Level 5:colcon.colcon_core.verb:set package 'execution' build argument 'catkin_skip_building_tests' from command line to 'False'
[0.773s] DEBUG:colcon.colcon_core.verb:Building package 'execution' with the following arguments: {'ament_cmake_args': None, 'build_base': '/home/chendawww/workspace/rl-navibot/build/execution', 'catkin_cmake_args': None, 'catkin_skip_building_tests': False, 'cmake_args': None, 'cmake_clean_cache': False, 'cmake_clean_first': False, 'cmake_force_configure': False, 'cmake_target': None, 'cmake_target_skip_unavailable': False, 'install_base': '/home/chendawww/workspace/rl-navibot/install/execution', 'merge_install': False, 'path': '/home/chendawww/workspace/rl-navibot/src/execution', 'symlink_install': False, 'test_result_base': None}
[0.773s] Level 5:colcon.colcon_core.verb:set package 'perception' build argument 'cmake_args' from command line to 'None'
[0.773s] Level 5:colcon.colcon_core.verb:set package 'perception' build argument 'cmake_target' from command line to 'None'
[0.773s] Level 5:colcon.colcon_core.verb:set package 'perception' build argument 'cmake_target_skip_unavailable' from command line to 'False'
[0.773s] Level 5:colcon.colcon_core.verb:set package 'perception' build argument 'cmake_clean_cache' from command line to 'False'
[0.773s] Level 5:colcon.colcon_core.verb:set package 'perception' build argument 'cmake_clean_first' from command line to 'False'
[0.773s] Level 5:colcon.colcon_core.verb:set package 'perception' build argument 'cmake_force_configure' from command line to 'False'
[0.773s] Level 5:colcon.colcon_core.verb:set package 'perception' build argument 'ament_cmake_args' from command line to 'None'
[0.773s] Level 5:colcon.colcon_core.verb:set package 'perception' build argument 'catkin_cmake_args' from command line to 'None'
[0.773s] Level 5:colcon.colcon_core.verb:set package 'perception' build argument 'catkin_skip_building_tests' from command line to 'False'
[0.773s] DEBUG:colcon.colcon_core.verb:Building package 'perception' with the following arguments: {'ament_cmake_args': None, 'build_base': '/home/chendawww/workspace/rl-navibot/build/perception', 'catkin_cmake_args': None, 'catkin_skip_building_tests': False, 'cmake_args': None, 'cmake_clean_cache': False, 'cmake_clean_first': False, 'cmake_force_configure': False, 'cmake_target': None, 'cmake_target_skip_unavailable': False, 'install_base': '/home/chendawww/workspace/rl-navibot/install/perception', 'merge_install': False, 'path': '/home/chendawww/workspace/rl-navibot/src/perception', 'symlink_install': False, 'test_result_base': None}
[0.774s] Level 5:colcon.colcon_core.verb:set package 'planning' build argument 'cmake_args' from command line to 'None'
[0.774s] Level 5:colcon.colcon_core.verb:set package 'planning' build argument 'cmake_target' from command line to 'None'
[0.774s] Level 5:colcon.colcon_core.verb:set package 'planning' build argument 'cmake_target_skip_unavailable' from command line to 'False'
[0.774s] Level 5:colcon.colcon_core.verb:set package 'planning' build argument 'cmake_clean_cache' from command line to 'False'
[0.774s] Level 5:colcon.colcon_core.verb:set package 'planning' build argument 'cmake_clean_first' from command line to 'False'
[0.774s] Level 5:colcon.colcon_core.verb:set package 'planning' build argument 'cmake_force_configure' from command line to 'False'
[0.774s] Level 5:colcon.colcon_core.verb:set package 'planning' build argument 'ament_cmake_args' from command line to 'None'
[0.774s] Level 5:colcon.colcon_core.verb:set package 'planning' build argument 'catkin_cmake_args' from command line to 'None'
[0.774s] Level 5:colcon.colcon_core.verb:set package 'planning' build argument 'catkin_skip_building_tests' from command line to 'False'
[0.774s] DEBUG:colcon.colcon_core.verb:Building package 'planning' with the following arguments: {'ament_cmake_args': None, 'build_base': '/home/chendawww/workspace/rl-navibot/build/planning', 'catkin_cmake_args': None, 'catkin_skip_building_tests': False, 'cmake_args': None, 'cmake_clean_cache': False, 'cmake_clean_first': False, 'cmake_force_configure': False, 'cmake_target': None, 'cmake_target_skip_unavailable': False, 'install_base': '/home/chendawww/workspace/rl-navibot/install/planning', 'merge_install': False, 'path': '/home/chendawww/workspace/rl-navibot/src/planning', 'symlink_install': False, 'test_result_base': None}
[0.774s] Level 5:colcon.colcon_core.verb:set package 'rl_agent' build argument 'cmake_args' from command line to 'None'
[0.774s] Level 5:colcon.colcon_core.verb:set package 'rl_agent' build argument 'cmake_target' from command line to 'None'
[0.774s] Level 5:colcon.colcon_core.verb:set package 'rl_agent' build argument 'cmake_target_skip_unavailable' from command line to 'False'
[0.774s] Level 5:colcon.colcon_core.verb:set package 'rl_agent' build argument 'cmake_clean_cache' from command line to 'False'
[0.774s] Level 5:colcon.colcon_core.verb:set package 'rl_agent' build argument 'cmake_clean_first' from command line to 'False'
[0.774s] Level 5:colcon.colcon_core.verb:set package 'rl_agent' build argument 'cmake_force_configure' from command line to 'False'
[0.774s] Level 5:colcon.colcon_core.verb:set package 'rl_agent' build argument 'ament_cmake_args' from command line to 'None'
[0.774s] Level 5:colcon.colcon_core.verb:set package 'rl_agent' build argument 'catkin_cmake_args' from command line to 'None'
[0.774s] Level 5:colcon.colcon_core.verb:set package 'rl_agent' build argument 'catkin_skip_building_tests' from command line to 'False'
[0.774s] DEBUG:colcon.colcon_core.verb:Building package 'rl_agent' with the following arguments: {'ament_cmake_args': None, 'build_base': '/home/chendawww/workspace/rl-navibot/build/rl_agent', 'catkin_cmake_args': None, 'catkin_skip_building_tests': False, 'cmake_args': None, 'cmake_clean_cache': False, 'cmake_clean_first': False, 'cmake_force_configure': False, 'cmake_target': None, 'cmake_target_skip_unavailable': False, 'install_base': '/home/chendawww/workspace/rl-navibot/install/rl_agent', 'merge_install': False, 'path': '/home/chendawww/workspace/rl-navibot/src/_decision/rl_agent', 'symlink_install': False, 'test_result_base': None}
[0.774s] Level 5:colcon.colcon_core.verb:set package 'robot_world' build argument 'cmake_args' from command line to 'None'
[0.774s] Level 5:colcon.colcon_core.verb:set package 'robot_world' build argument 'cmake_target' from command line to 'None'
[0.774s] Level 5:colcon.colcon_core.verb:set package 'robot_world' build argument 'cmake_target_skip_unavailable' from command line to 'False'
[0.774s] Level 5:colcon.colcon_core.verb:set package 'robot_world' build argument 'cmake_clean_cache' from command line to 'False'
[0.774s] Level 5:colcon.colcon_core.verb:set package 'robot_world' build argument 'cmake_clean_first' from command line to 'False'
[0.774s] Level 5:colcon.colcon_core.verb:set package 'robot_world' build argument 'cmake_force_configure' from command line to 'False'
[0.774s] Level 5:colcon.colcon_core.verb:set package 'robot_world' build argument 'ament_cmake_args' from command line to 'None'
[0.774s] Level 5:colcon.colcon_core.verb:set package 'robot_world' build argument 'catkin_cmake_args' from command line to 'None'
[0.775s] Level 5:colcon.colcon_core.verb:set package 'robot_world' build argument 'catkin_skip_building_tests' from command line to 'False'
[0.775s] DEBUG:colcon.colcon_core.verb:Building package 'robot_world' with the following arguments: {'ament_cmake_args': None, 'build_base': '/home/chendawww/workspace/rl-navibot/build/robot_world', 'catkin_cmake_args': None, 'catkin_skip_building_tests': False, 'cmake_args': None, 'cmake_clean_cache': False, 'cmake_clean_first': False, 'cmake_force_configure': False, 'cmake_target': None, 'cmake_target_skip_unavailable': False, 'install_base': '/home/chendawww/workspace/rl-navibot/install/robot_world', 'merge_install': False, 'path': '/home/chendawww/workspace/rl-navibot/src/simulation/robot_world', 'symlink_install': False, 'test_result_base': None}
[0.775s] INFO:colcon.colcon_core.executor:Executing jobs using 'parallel' executor
[0.775s] DEBUG:colcon.colcon_parallel_executor.executor.parallel:run_until_complete
[0.776s] INFO:colcon.colcon_ros.task.ament_python.build:Building ROS package in '/home/chendawww/workspace/rl-navibot/src/core' with build type 'ament_python'
[0.776s] Level 1:colcon.colcon_core.shell:create_environment_hook('core', 'ament_prefix_path')
[0.782s] INFO:colcon.colcon_core.plugin_system:Skipping extension 'colcon_core.shell.bat': Not used on non-Windows systems
[0.782s] INFO:colcon.colcon_core.shell:Creating environment hook '/home/chendawww/workspace/rl-navibot/install/core/share/core/hook/ament_prefix_path.ps1'
[0.783s] INFO:colcon.colcon_core.shell:Creating environment descriptor '/home/chendawww/workspace/rl-navibot/install/core/share/core/hook/ament_prefix_path.dsv'
[0.784s] INFO:colcon.colcon_core.shell:Creating environment hook '/home/chendawww/workspace/rl-navibot/install/core/share/core/hook/ament_prefix_path.sh'
[0.785s] INFO:colcon.colcon_core.shell:Skip shell extension 'powershell' for command environment: Not usable outside of PowerShell
[0.785s] DEBUG:colcon.colcon_core.shell:Skip shell extension 'dsv' for command environment
[0.787s] INFO:colcon.colcon_ros.task.ament_python.build:Building ROS package in '/home/chendawww/workspace/rl-navibot/src/decision' with build type 'ament_python'
[0.787s] Level 1:colcon.colcon_core.shell:create_environment_hook('decision', 'ament_prefix_path')
[0.787s] INFO:colcon.colcon_core.shell:Creating environment hook '/home/chendawww/workspace/rl-navibot/install/decision/share/decision/hook/ament_prefix_path.ps1'
[0.788s] INFO:colcon.colcon_core.shell:Creating environment descriptor '/home/chendawww/workspace/rl-navibot/install/decision/share/decision/hook/ament_prefix_path.dsv'
[0.788s] INFO:colcon.colcon_core.shell:Creating environment hook '/home/chendawww/workspace/rl-navibot/install/decision/share/decision/hook/ament_prefix_path.sh'
[0.788s] INFO:colcon.colcon_core.shell:Skip shell extension 'powershell' for command environment: Not usable outside of PowerShell
[0.789s] DEBUG:colcon.colcon_core.shell:Skip shell extension 'dsv' for command environment
[0.790s] INFO:colcon.colcon_ros.task.ament_python.build:Building ROS package in '/home/chendawww/workspace/rl-navibot/src/execution' with build type 'ament_python'
[0.790s] Level 1:colcon.colcon_core.shell:create_environment_hook('execution', 'ament_prefix_path')
[0.791s] INFO:colcon.colcon_core.shell:Creating environment hook '/home/chendawww/workspace/rl-navibot/install/execution/share/execution/hook/ament_prefix_path.ps1'
[0.791s] INFO:colcon.colcon_core.shell:Creating environment descriptor '/home/chendawww/workspace/rl-navibot/install/execution/share/execution/hook/ament_prefix_path.dsv'
[0.791s] INFO:colcon.colcon_core.shell:Creating environment hook '/home/chendawww/workspace/rl-navibot/install/execution/share/execution/hook/ament_prefix_path.sh'
[0.792s] INFO:colcon.colcon_core.shell:Skip shell extension 'powershell' for command environment: Not usable outside of PowerShell
[0.792s] DEBUG:colcon.colcon_core.shell:Skip shell extension 'dsv' for command environment
[0.793s] INFO:colcon.colcon_ros.task.ament_python.build:Building ROS package in '/home/chendawww/workspace/rl-navibot/src/perception' with build type 'ament_python'
[0.794s] Level 1:colcon.colcon_core.shell:create_environment_hook('perception', 'ament_prefix_path')
[0.794s] INFO:colcon.colcon_core.shell:Creating environment hook '/home/chendawww/workspace/rl-navibot/install/perception/share/perception/hook/ament_prefix_path.ps1'
[0.795s] INFO:colcon.colcon_core.shell:Creating environment descriptor '/home/chendawww/workspace/rl-navibot/install/perception/share/perception/hook/ament_prefix_path.dsv'
[0.795s] INFO:colcon.colcon_core.shell:Creating environment hook '/home/chendawww/workspace/rl-navibot/install/perception/share/perception/hook/ament_prefix_path.sh'
[0.796s] INFO:colcon.colcon_core.shell:Skip shell extension 'powershell' for command environment: Not usable outside of PowerShell
[0.796s] DEBUG:colcon.colcon_core.shell:Skip shell extension 'dsv' for command environment
[0.797s] INFO:colcon.colcon_ros.task.ament_python.build:Building ROS package in '/home/chendawww/workspace/rl-navibot/src/planning' with build type 'ament_python'
[0.797s] Level 1:colcon.colcon_core.shell:create_environment_hook('planning', 'ament_prefix_path')
[0.798s] INFO:colcon.colcon_core.shell:Creating environment hook '/home/chendawww/workspace/rl-navibot/install/planning/share/planning/hook/ament_prefix_path.ps1'
[0.798s] INFO:colcon.colcon_core.shell:Creating environment descriptor '/home/chendawww/workspace/rl-navibot/install/planning/share/planning/hook/ament_prefix_path.dsv'
[0.798s] INFO:colcon.colcon_core.shell:Creating environment hook '/home/chendawww/workspace/rl-navibot/install/planning/share/planning/hook/ament_prefix_path.sh'
[0.799s] INFO:colcon.colcon_core.shell:Skip shell extension 'powershell' for command environment: Not usable outside of PowerShell
[0.799s] DEBUG:colcon.colcon_core.shell:Skip shell extension 'dsv' for command environment
[0.802s] INFO:colcon.colcon_ros.task.ament_python.build:Building ROS package in '/home/chendawww/workspace/rl-navibot/src/_decision/rl_agent' with build type 'ament_python'
[0.802s] Level 1:colcon.colcon_core.shell:create_environment_hook('rl_agent', 'ament_prefix_path')
[0.802s] INFO:colcon.colcon_core.shell:Creating environment hook '/home/chendawww/workspace/rl-navibot/install/rl_agent/share/rl_agent/hook/ament_prefix_path.ps1'
[0.803s] INFO:colcon.colcon_core.shell:Creating environment descriptor '/home/chendawww/workspace/rl-navibot/install/rl_agent/share/rl_agent/hook/ament_prefix_path.dsv'
[0.803s] INFO:colcon.colcon_core.shell:Creating environment hook '/home/chendawww/workspace/rl-navibot/install/rl_agent/share/rl_agent/hook/ament_prefix_path.sh'
[0.803s] INFO:colcon.colcon_core.shell:Skip shell extension 'powershell' for command environment: Not usable outside of PowerShell
[0.803s] DEBUG:colcon.colcon_core.shell:Skip shell extension 'dsv' for command environment
[0.806s] INFO:colcon.colcon_ros.task.ament_cmake.build:Building ROS package in '/home/chendawww/workspace/rl-navibot/src/simulation/robot_world' with build type 'ament_cmake'
[0.806s] INFO:colcon.colcon_cmake.task.cmake.build:Building CMake package in '/home/chendawww/workspace/rl-navibot/src/simulation/robot_world'
[0.806s] INFO:colcon.colcon_core.shell:Skip shell extension 'powershell' for command environment: Not usable outside of PowerShell
[0.806s] DEBUG:colcon.colcon_core.shell:Skip shell extension 'dsv' for command environment
[0.988s] INFO:colcon.colcon_core.task.python.build:Building Python package in '/home/chendawww/workspace/rl-navibot/src/core'
[0.988s] INFO:colcon.colcon_core.shell:Skip shell extension 'powershell' for command environment: Not usable outside of PowerShell
[0.988s] DEBUG:colcon.colcon_core.shell:Skip shell extension 'dsv' for command environment
[1.151s] INFO:colcon.colcon_core.task.python.build:Building Python package in '/home/chendawww/workspace/rl-navibot/src/decision'
[1.151s] INFO:colcon.colcon_core.shell:Skip shell extension 'powershell' for command environment: Not usable outside of PowerShell
[1.151s] DEBUG:colcon.colcon_core.shell:Skip shell extension 'dsv' for command environment
[1.320s] INFO:colcon.colcon_core.task.python.build:Building Python package in '/home/chendawww/workspace/rl-navibot/src/execution'
[1.320s] INFO:colcon.colcon_core.shell:Skip shell extension 'powershell' for command environment: Not usable outside of PowerShell
[1.321s] DEBUG:colcon.colcon_core.shell:Skip shell extension 'dsv' for command environment
[1.493s] INFO:colcon.colcon_core.task.python.build:Building Python package in '/home/chendawww/workspace/rl-navibot/src/perception'
[1.493s] INFO:colcon.colcon_core.shell:Skip shell extension 'powershell' for command environment: Not usable outside of PowerShell
[1.493s] DEBUG:colcon.colcon_core.shell:Skip shell extension 'dsv' for command environment
[1.658s] INFO:colcon.colcon_core.task.python.build:Building Python package in '/home/chendawww/workspace/rl-navibot/src/planning'
[1.658s] INFO:colcon.colcon_core.shell:Skip shell extension 'powershell' for command environment: Not usable outside of PowerShell
[1.659s] DEBUG:colcon.colcon_core.shell:Skip shell extension 'dsv' for command environment
