[0.259s] DEBUG:colcon:Command line arguments: ['/usr/bin/colcon', 'build', '--symlink-install', '--packages-skip', 'robot_world']
[0.259s] DEBUG:colcon:Parsed command line arguments: Namespace(log_base=None, log_level=None, verb_name='build', build_base='build', install_base='install', merge_install=False, symlink_install=True, test_result_base=None, continue_on_error=False, executor='parallel', parallel_workers=16, event_handlers=None, ignore_user_meta=False, metas=['./colcon.meta'], base_paths=['.'], packages_ignore=None, packages_ignore_regex=None, paths=None, packages_up_to=None, packages_up_to_regex=None, packages_above=None, packages_above_and_dependencies=None, packages_above_depth=None, packages_select_by_dep=None, packages_skip_by_dep=None, packages_skip_up_to=None, packages_select_build_failed=False, packages_skip_build_finished=False, packages_select_test_failures=False, packages_skip_test_passed=False, packages_select=None, packages_skip=['robot_world'], packages_select_regex=None, packages_skip_regex=None, packages_start=None, packages_end=None, allow_overriding=[], cmake_args=None, cmake_target=None, cmake_target_skip_unavailable=False, cmake_clean_cache=False, cmake_clean_first=False, cmake_force_configure=False, ament_cmake_args=None, catkin_cmake_args=None, catkin_skip_building_tests=False, mixin_files=None, mixin=None, verb_parser=<colcon_mixin.mixin.mixin_argument.MixinArgumentDecorator object at 0x7a8f291989d0>, verb_extension=<colcon_core.verb.build.BuildVerb object at 0x7a8f29116380>, main=<bound method BuildVerb.main of <colcon_core.verb.build.BuildVerb object at 0x7a8f29116380>>, mixin_verb=('build',))
[0.365s] Level 1:colcon.colcon_core.package_discovery:discover_packages(colcon_meta) check parameters
[0.365s] Level 1:colcon.colcon_core.package_discovery:discover_packages(recursive) check parameters
[0.365s] Level 1:colcon.colcon_core.package_discovery:discover_packages(ignore) check parameters
[0.365s] Level 1:colcon.colcon_core.package_discovery:discover_packages(path) check parameters
[0.365s] Level 1:colcon.colcon_core.package_discovery:discover_packages(colcon_meta) discover
[0.365s] Level 1:colcon.colcon_core.package_discovery:discover_packages(recursive) discover
[0.365s] INFO:colcon.colcon_core.package_discovery:Crawling recursively for packages in '/home/chendawww/workspace/rl-navibot'
[0.365s] Level 1:colcon.colcon_core.package_identification:_identify(.) by extensions ['ignore', 'ignore_ament_install']
[0.365s] Level 1:colcon.colcon_core.package_identification:_identify(.) by extension 'ignore'
[0.365s] Level 1:colcon.colcon_core.package_identification:_identify(.) by extension 'ignore_ament_install'
[0.365s] Level 1:colcon.colcon_core.package_identification:_identify(.) by extensions ['colcon_pkg']
[0.365s] Level 1:colcon.colcon_core.package_identification:_identify(.) by extension 'colcon_pkg'
[0.365s] Level 1:colcon.colcon_core.package_identification:_identify(.) by extensions ['colcon_meta']
[0.365s] Level 1:colcon.colcon_core.package_identification:_identify(.) by extension 'colcon_meta'
[0.365s] Level 1:colcon.colcon_core.package_identification:_identify(.) by extensions ['ros']
[0.365s] Level 1:colcon.colcon_core.package_identification:_identify(.) by extension 'ros'
[0.379s] Level 1:colcon.colcon_core.package_identification:_identify(.) by extensions ['cmake', 'python']
[0.379s] Level 1:colcon.colcon_core.package_identification:_identify(.) by extension 'cmake'
[0.379s] Level 1:colcon.colcon_core.package_identification:_identify(.) by extension 'python'
[0.379s] Level 1:colcon.colcon_core.package_identification:_identify(.) by extensions ['python_setup_py']
[0.379s] Level 1:colcon.colcon_core.package_identification:_identify(.) by extension 'python_setup_py'
[0.379s] Level 1:colcon.colcon_core.package_identification:_identify(A_tries) by extensions ['ignore', 'ignore_ament_install']
[0.379s] Level 1:colcon.colcon_core.package_identification:_identify(A_tries) by extension 'ignore'
[0.379s] Level 1:colcon.colcon_core.package_identification:_identify(A_tries) by extension 'ignore_ament_install'
[0.379s] Level 1:colcon.colcon_core.package_identification:_identify(A_tries) by extensions ['colcon_pkg']
[0.379s] Level 1:colcon.colcon_core.package_identification:_identify(A_tries) by extension 'colcon_pkg'
[0.379s] Level 1:colcon.colcon_core.package_identification:_identify(A_tries) by extensions ['colcon_meta']
[0.379s] Level 1:colcon.colcon_core.package_identification:_identify(A_tries) by extension 'colcon_meta'
[0.379s] Level 1:colcon.colcon_core.package_identification:_identify(A_tries) by extensions ['ros']
[0.379s] Level 1:colcon.colcon_core.package_identification:_identify(A_tries) by extension 'ros'
[0.380s] Level 1:colcon.colcon_core.package_identification:_identify(A_tries) by extensions ['cmake', 'python']
[0.380s] Level 1:colcon.colcon_core.package_identification:_identify(A_tries) by extension 'cmake'
[0.380s] Level 1:colcon.colcon_core.package_identification:_identify(A_tries) by extension 'python'
[0.380s] Level 1:colcon.colcon_core.package_identification:_identify(A_tries) by extensions ['python_setup_py']
[0.380s] Level 1:colcon.colcon_core.package_identification:_identify(A_tries) by extension 'python_setup_py'
[0.380s] Level 1:colcon.colcon_core.package_identification:_identify(A_tries/burger_navi_in_house) by extensions ['ignore', 'ignore_ament_install']
[0.380s] Level 1:colcon.colcon_core.package_identification:_identify(A_tries/burger_navi_in_house) by extension 'ignore'
[0.380s] Level 1:colcon.colcon_core.package_identification:_identify(A_tries/burger_navi_in_house) by extension 'ignore_ament_install'
[0.380s] Level 1:colcon.colcon_core.package_identification:_identify(A_tries/burger_navi_in_house) by extensions ['colcon_pkg']
[0.380s] Level 1:colcon.colcon_core.package_identification:_identify(A_tries/burger_navi_in_house) by extension 'colcon_pkg'
[0.380s] Level 1:colcon.colcon_core.package_identification:_identify(A_tries/burger_navi_in_house) by extensions ['colcon_meta']
[0.380s] Level 1:colcon.colcon_core.package_identification:_identify(A_tries/burger_navi_in_house) by extension 'colcon_meta'
[0.380s] Level 1:colcon.colcon_core.package_identification:_identify(A_tries/burger_navi_in_house) by extensions ['ros']
[0.380s] Level 1:colcon.colcon_core.package_identification:_identify(A_tries/burger_navi_in_house) by extension 'ros'
[0.380s] Level 1:colcon.colcon_core.package_identification:_identify(A_tries/burger_navi_in_house) by extensions ['cmake', 'python']
[0.380s] Level 1:colcon.colcon_core.package_identification:_identify(A_tries/burger_navi_in_house) by extension 'cmake'
[0.380s] Level 1:colcon.colcon_core.package_identification:_identify(A_tries/burger_navi_in_house) by extension 'python'
[0.380s] Level 1:colcon.colcon_core.package_identification:_identify(A_tries/burger_navi_in_house) by extensions ['python_setup_py']
[0.380s] Level 1:colcon.colcon_core.package_identification:_identify(A_tries/burger_navi_in_house) by extension 'python_setup_py'
[0.380s] Level 1:colcon.colcon_core.package_identification:_identify(A_tries/burger_navi_in_house/config) by extensions ['ignore', 'ignore_ament_install']
[0.380s] Level 1:colcon.colcon_core.package_identification:_identify(A_tries/burger_navi_in_house/config) by extension 'ignore'
[0.380s] Level 1:colcon.colcon_core.package_identification:_identify(A_tries/burger_navi_in_house/config) by extension 'ignore_ament_install'
[0.380s] Level 1:colcon.colcon_core.package_identification:_identify(A_tries/burger_navi_in_house/config) by extensions ['colcon_pkg']
[0.380s] Level 1:colcon.colcon_core.package_identification:_identify(A_tries/burger_navi_in_house/config) by extension 'colcon_pkg'
[0.380s] Level 1:colcon.colcon_core.package_identification:_identify(A_tries/burger_navi_in_house/config) by extensions ['colcon_meta']
[0.380s] Level 1:colcon.colcon_core.package_identification:_identify(A_tries/burger_navi_in_house/config) by extension 'colcon_meta'
[0.380s] Level 1:colcon.colcon_core.package_identification:_identify(A_tries/burger_navi_in_house/config) by extensions ['ros']
[0.381s] Level 1:colcon.colcon_core.package_identification:_identify(A_tries/burger_navi_in_house/config) by extension 'ros'
[0.381s] Level 1:colcon.colcon_core.package_identification:_identify(A_tries/burger_navi_in_house/config) by extensions ['cmake', 'python']
[0.381s] Level 1:colcon.colcon_core.package_identification:_identify(A_tries/burger_navi_in_house/config) by extension 'cmake'
[0.381s] Level 1:colcon.colcon_core.package_identification:_identify(A_tries/burger_navi_in_house/config) by extension 'python'
[0.381s] Level 1:colcon.colcon_core.package_identification:_identify(A_tries/burger_navi_in_house/config) by extensions ['python_setup_py']
[0.381s] Level 1:colcon.colcon_core.package_identification:_identify(A_tries/burger_navi_in_house/config) by extension 'python_setup_py'
[0.381s] Level 1:colcon.colcon_core.package_identification:_identify(A_tries/burger_navi_in_house/plots) by extensions ['ignore', 'ignore_ament_install']
[0.381s] Level 1:colcon.colcon_core.package_identification:_identify(A_tries/burger_navi_in_house/plots) by extension 'ignore'
[0.381s] Level 1:colcon.colcon_core.package_identification:_identify(A_tries/burger_navi_in_house/plots) by extension 'ignore_ament_install'
[0.381s] Level 1:colcon.colcon_core.package_identification:_identify(A_tries/burger_navi_in_house/plots) by extensions ['colcon_pkg']
[0.381s] Level 1:colcon.colcon_core.package_identification:_identify(A_tries/burger_navi_in_house/plots) by extension 'colcon_pkg'
[0.381s] Level 1:colcon.colcon_core.package_identification:_identify(A_tries/burger_navi_in_house/plots) by extensions ['colcon_meta']
[0.381s] Level 1:colcon.colcon_core.package_identification:_identify(A_tries/burger_navi_in_house/plots) by extension 'colcon_meta'
[0.381s] Level 1:colcon.colcon_core.package_identification:_identify(A_tries/burger_navi_in_house/plots) by extensions ['ros']
[0.381s] Level 1:colcon.colcon_core.package_identification:_identify(A_tries/burger_navi_in_house/plots) by extension 'ros'
[0.381s] Level 1:colcon.colcon_core.package_identification:_identify(A_tries/burger_navi_in_house/plots) by extensions ['cmake', 'python']
[0.381s] Level 1:colcon.colcon_core.package_identification:_identify(A_tries/burger_navi_in_house/plots) by extension 'cmake'
[0.381s] Level 1:colcon.colcon_core.package_identification:_identify(A_tries/burger_navi_in_house/plots) by extension 'python'
[0.381s] Level 1:colcon.colcon_core.package_identification:_identify(A_tries/burger_navi_in_house/plots) by extensions ['python_setup_py']
[0.381s] Level 1:colcon.colcon_core.package_identification:_identify(A_tries/burger_navi_in_house/plots) by extension 'python_setup_py'
[0.381s] Level 1:colcon.colcon_core.package_identification:_identify(A_tries/burger_navi_in_house/plots/best_ttb3_world_SAC_for_ttb3_house) by extensions ['ignore', 'ignore_ament_install']
[0.381s] Level 1:colcon.colcon_core.package_identification:_identify(A_tries/burger_navi_in_house/plots/best_ttb3_world_SAC_for_ttb3_house) by extension 'ignore'
[0.381s] Level 1:colcon.colcon_core.package_identification:_identify(A_tries/burger_navi_in_house/plots/best_ttb3_world_SAC_for_ttb3_house) by extension 'ignore_ament_install'
[0.381s] Level 1:colcon.colcon_core.package_identification:_identify(A_tries/burger_navi_in_house/plots/best_ttb3_world_SAC_for_ttb3_house) by extensions ['colcon_pkg']
[0.381s] Level 1:colcon.colcon_core.package_identification:_identify(A_tries/burger_navi_in_house/plots/best_ttb3_world_SAC_for_ttb3_house) by extension 'colcon_pkg'
[0.381s] Level 1:colcon.colcon_core.package_identification:_identify(A_tries/burger_navi_in_house/plots/best_ttb3_world_SAC_for_ttb3_house) by extensions ['colcon_meta']
[0.381s] Level 1:colcon.colcon_core.package_identification:_identify(A_tries/burger_navi_in_house/plots/best_ttb3_world_SAC_for_ttb3_house) by extension 'colcon_meta'
[0.381s] Level 1:colcon.colcon_core.package_identification:_identify(A_tries/burger_navi_in_house/plots/best_ttb3_world_SAC_for_ttb3_house) by extensions ['ros']
[0.382s] Level 1:colcon.colcon_core.package_identification:_identify(A_tries/burger_navi_in_house/plots/best_ttb3_world_SAC_for_ttb3_house) by extension 'ros'
[0.382s] Level 1:colcon.colcon_core.package_identification:_identify(A_tries/burger_navi_in_house/plots/best_ttb3_world_SAC_for_ttb3_house) by extensions ['cmake', 'python']
[0.382s] Level 1:colcon.colcon_core.package_identification:_identify(A_tries/burger_navi_in_house/plots/best_ttb3_world_SAC_for_ttb3_house) by extension 'cmake'
[0.382s] Level 1:colcon.colcon_core.package_identification:_identify(A_tries/burger_navi_in_house/plots/best_ttb3_world_SAC_for_ttb3_house) by extension 'python'
[0.382s] Level 1:colcon.colcon_core.package_identification:_identify(A_tries/burger_navi_in_house/plots/best_ttb3_world_SAC_for_ttb3_house) by extensions ['python_setup_py']
[0.382s] Level 1:colcon.colcon_core.package_identification:_identify(A_tries/burger_navi_in_house/plots/best_ttb3_world_SAC_for_ttb3_house) by extension 'python_setup_py'
[0.382s] Level 1:colcon.colcon_core.package_identification:_identify(A_tries/burger_navi_in_house/saved_models) by extensions ['ignore', 'ignore_ament_install']
[0.382s] Level 1:colcon.colcon_core.package_identification:_identify(A_tries/burger_navi_in_house/saved_models) by extension 'ignore'
[0.382s] Level 1:colcon.colcon_core.package_identification:_identify(A_tries/burger_navi_in_house/saved_models) by extension 'ignore_ament_install'
[0.382s] Level 1:colcon.colcon_core.package_identification:_identify(A_tries/burger_navi_in_house/saved_models) by extensions ['colcon_pkg']
[0.382s] Level 1:colcon.colcon_core.package_identification:_identify(A_tries/burger_navi_in_house/saved_models) by extension 'colcon_pkg'
[0.382s] Level 1:colcon.colcon_core.package_identification:_identify(A_tries/burger_navi_in_house/saved_models) by extensions ['colcon_meta']
[0.382s] Level 1:colcon.colcon_core.package_identification:_identify(A_tries/burger_navi_in_house/saved_models) by extension 'colcon_meta'
[0.382s] Level 1:colcon.colcon_core.package_identification:_identify(A_tries/burger_navi_in_house/saved_models) by extensions ['ros']
[0.382s] Level 1:colcon.colcon_core.package_identification:_identify(A_tries/burger_navi_in_house/saved_models) by extension 'ros'
[0.382s] Level 1:colcon.colcon_core.package_identification:_identify(A_tries/burger_navi_in_house/saved_models) by extensions ['cmake', 'python']
[0.382s] Level 1:colcon.colcon_core.package_identification:_identify(A_tries/burger_navi_in_house/saved_models) by extension 'cmake'
[0.382s] Level 1:colcon.colcon_core.package_identification:_identify(A_tries/burger_navi_in_house/saved_models) by extension 'python'
[0.382s] Level 1:colcon.colcon_core.package_identification:_identify(A_tries/burger_navi_in_house/saved_models) by extensions ['python_setup_py']
[0.382s] Level 1:colcon.colcon_core.package_identification:_identify(A_tries/burger_navi_in_house/saved_models) by extension 'python_setup_py'
[0.382s] Level 1:colcon.colcon_core.package_identification:_identify(A_tries/burger_navi_in_house/saved_models/SAC_world2house) by extensions ['ignore', 'ignore_ament_install']
[0.382s] Level 1:colcon.colcon_core.package_identification:_identify(A_tries/burger_navi_in_house/saved_models/SAC_world2house) by extension 'ignore'
[0.382s] Level 1:colcon.colcon_core.package_identification:_identify(A_tries/burger_navi_in_house/saved_models/SAC_world2house) by extension 'ignore_ament_install'
[0.382s] Level 1:colcon.colcon_core.package_identification:_identify(A_tries/burger_navi_in_house/saved_models/SAC_world2house) by extensions ['colcon_pkg']
[0.382s] Level 1:colcon.colcon_core.package_identification:_identify(A_tries/burger_navi_in_house/saved_models/SAC_world2house) by extension 'colcon_pkg'
[0.382s] Level 1:colcon.colcon_core.package_identification:_identify(A_tries/burger_navi_in_house/saved_models/SAC_world2house) by extensions ['colcon_meta']
[0.382s] Level 1:colcon.colcon_core.package_identification:_identify(A_tries/burger_navi_in_house/saved_models/SAC_world2house) by extension 'colcon_meta'
[0.382s] Level 1:colcon.colcon_core.package_identification:_identify(A_tries/burger_navi_in_house/saved_models/SAC_world2house) by extensions ['ros']
[0.383s] Level 1:colcon.colcon_core.package_identification:_identify(A_tries/burger_navi_in_house/saved_models/SAC_world2house) by extension 'ros'
[0.383s] Level 1:colcon.colcon_core.package_identification:_identify(A_tries/burger_navi_in_house/saved_models/SAC_world2house) by extensions ['cmake', 'python']
[0.383s] Level 1:colcon.colcon_core.package_identification:_identify(A_tries/burger_navi_in_house/saved_models/SAC_world2house) by extension 'cmake'
[0.383s] Level 1:colcon.colcon_core.package_identification:_identify(A_tries/burger_navi_in_house/saved_models/SAC_world2house) by extension 'python'
[0.383s] Level 1:colcon.colcon_core.package_identification:_identify(A_tries/burger_navi_in_house/saved_models/SAC_world2house) by extensions ['python_setup_py']
[0.383s] Level 1:colcon.colcon_core.package_identification:_identify(A_tries/burger_navi_in_house/saved_models/SAC_world2house) by extension 'python_setup_py'
[0.383s] Level 1:colcon.colcon_core.package_identification:_identify(A_tries/burger_navi_in_house/saved_models/SAC_world2house/log) by extensions ['ignore', 'ignore_ament_install']
[0.383s] Level 1:colcon.colcon_core.package_identification:_identify(A_tries/burger_navi_in_house/saved_models/SAC_world2house/log) by extension 'ignore'
[0.383s] Level 1:colcon.colcon_core.package_identification:_identify(A_tries/burger_navi_in_house/saved_models/SAC_world2house/log) by extension 'ignore_ament_install'
[0.383s] Level 1:colcon.colcon_core.package_identification:_identify(A_tries/burger_navi_in_house/saved_models/SAC_world2house/log) by extensions ['colcon_pkg']
[0.383s] Level 1:colcon.colcon_core.package_identification:_identify(A_tries/burger_navi_in_house/saved_models/SAC_world2house/log) by extension 'colcon_pkg'
[0.383s] Level 1:colcon.colcon_core.package_identification:_identify(A_tries/burger_navi_in_house/saved_models/SAC_world2house/log) by extensions ['colcon_meta']
[0.383s] Level 1:colcon.colcon_core.package_identification:_identify(A_tries/burger_navi_in_house/saved_models/SAC_world2house/log) by extension 'colcon_meta'
[0.383s] Level 1:colcon.colcon_core.package_identification:_identify(A_tries/burger_navi_in_house/saved_models/SAC_world2house/log) by extensions ['ros']
[0.383s] Level 1:colcon.colcon_core.package_identification:_identify(A_tries/burger_navi_in_house/saved_models/SAC_world2house/log) by extension 'ros'
[0.383s] Level 1:colcon.colcon_core.package_identification:_identify(A_tries/burger_navi_in_house/saved_models/SAC_world2house/log) by extensions ['cmake', 'python']
[0.383s] Level 1:colcon.colcon_core.package_identification:_identify(A_tries/burger_navi_in_house/saved_models/SAC_world2house/log) by extension 'cmake'
[0.383s] Level 1:colcon.colcon_core.package_identification:_identify(A_tries/burger_navi_in_house/saved_models/SAC_world2house/log) by extension 'python'
[0.383s] Level 1:colcon.colcon_core.package_identification:_identify(A_tries/burger_navi_in_house/saved_models/SAC_world2house/log) by extensions ['python_setup_py']
[0.383s] Level 1:colcon.colcon_core.package_identification:_identify(A_tries/burger_navi_in_house/saved_models/SAC_world2house/log) by extension 'python_setup_py'
[0.383s] Level 1:colcon.colcon_core.package_identification:_identify(A_tries/burger_navi_in_house/saved_models/SAC_world2house/log/SAC_0) by extensions ['ignore', 'ignore_ament_install']
[0.383s] Level 1:colcon.colcon_core.package_identification:_identify(A_tries/burger_navi_in_house/saved_models/SAC_world2house/log/SAC_0) by extension 'ignore'
[0.383s] Level 1:colcon.colcon_core.package_identification:_identify(A_tries/burger_navi_in_house/saved_models/SAC_world2house/log/SAC_0) by extension 'ignore_ament_install'
[0.383s] Level 1:colcon.colcon_core.package_identification:_identify(A_tries/burger_navi_in_house/saved_models/SAC_world2house/log/SAC_0) by extensions ['colcon_pkg']
[0.383s] Level 1:colcon.colcon_core.package_identification:_identify(A_tries/burger_navi_in_house/saved_models/SAC_world2house/log/SAC_0) by extension 'colcon_pkg'
[0.383s] Level 1:colcon.colcon_core.package_identification:_identify(A_tries/burger_navi_in_house/saved_models/SAC_world2house/log/SAC_0) by extensions ['colcon_meta']
[0.383s] Level 1:colcon.colcon_core.package_identification:_identify(A_tries/burger_navi_in_house/saved_models/SAC_world2house/log/SAC_0) by extension 'colcon_meta'
[0.384s] Level 1:colcon.colcon_core.package_identification:_identify(A_tries/burger_navi_in_house/saved_models/SAC_world2house/log/SAC_0) by extensions ['ros']
[0.384s] Level 1:colcon.colcon_core.package_identification:_identify(A_tries/burger_navi_in_house/saved_models/SAC_world2house/log/SAC_0) by extension 'ros'
[0.384s] Level 1:colcon.colcon_core.package_identification:_identify(A_tries/burger_navi_in_house/saved_models/SAC_world2house/log/SAC_0) by extensions ['cmake', 'python']
[0.384s] Level 1:colcon.colcon_core.package_identification:_identify(A_tries/burger_navi_in_house/saved_models/SAC_world2house/log/SAC_0) by extension 'cmake'
[0.384s] Level 1:colcon.colcon_core.package_identification:_identify(A_tries/burger_navi_in_house/saved_models/SAC_world2house/log/SAC_0) by extension 'python'
[0.384s] Level 1:colcon.colcon_core.package_identification:_identify(A_tries/burger_navi_in_house/saved_models/SAC_world2house/log/SAC_0) by extensions ['python_setup_py']
[0.384s] Level 1:colcon.colcon_core.package_identification:_identify(A_tries/burger_navi_in_house/saved_models/SAC_world2house/log/SAC_0) by extension 'python_setup_py'
[0.384s] Level 1:colcon.colcon_core.package_identification:_identify(A_tries/burger_navi_in_house/saved_models/SAC_world2house/old_reward) by extensions ['ignore', 'ignore_ament_install']
[0.384s] Level 1:colcon.colcon_core.package_identification:_identify(A_tries/burger_navi_in_house/saved_models/SAC_world2house/old_reward) by extension 'ignore'
[0.384s] Level 1:colcon.colcon_core.package_identification:_identify(A_tries/burger_navi_in_house/saved_models/SAC_world2house/old_reward) by extension 'ignore_ament_install'
[0.384s] Level 1:colcon.colcon_core.package_identification:_identify(A_tries/burger_navi_in_house/saved_models/SAC_world2house/old_reward) by extensions ['colcon_pkg']
[0.384s] Level 1:colcon.colcon_core.package_identification:_identify(A_tries/burger_navi_in_house/saved_models/SAC_world2house/old_reward) by extension 'colcon_pkg'
[0.384s] Level 1:colcon.colcon_core.package_identification:_identify(A_tries/burger_navi_in_house/saved_models/SAC_world2house/old_reward) by extensions ['colcon_meta']
[0.384s] Level 1:colcon.colcon_core.package_identification:_identify(A_tries/burger_navi_in_house/saved_models/SAC_world2house/old_reward) by extension 'colcon_meta'
[0.384s] Level 1:colcon.colcon_core.package_identification:_identify(A_tries/burger_navi_in_house/saved_models/SAC_world2house/old_reward) by extensions ['ros']
[0.384s] Level 1:colcon.colcon_core.package_identification:_identify(A_tries/burger_navi_in_house/saved_models/SAC_world2house/old_reward) by extension 'ros'
[0.384s] Level 1:colcon.colcon_core.package_identification:_identify(A_tries/burger_navi_in_house/saved_models/SAC_world2house/old_reward) by extensions ['cmake', 'python']
[0.384s] Level 1:colcon.colcon_core.package_identification:_identify(A_tries/burger_navi_in_house/saved_models/SAC_world2house/old_reward) by extension 'cmake'
[0.384s] Level 1:colcon.colcon_core.package_identification:_identify(A_tries/burger_navi_in_house/saved_models/SAC_world2house/old_reward) by extension 'python'
[0.384s] Level 1:colcon.colcon_core.package_identification:_identify(A_tries/burger_navi_in_house/saved_models/SAC_world2house/old_reward) by extensions ['python_setup_py']
[0.384s] Level 1:colcon.colcon_core.package_identification:_identify(A_tries/burger_navi_in_house/saved_models/SAC_world2house/old_reward) by extension 'python_setup_py'
[0.384s] Level 1:colcon.colcon_core.package_identification:_identify(A_tries/burger_navi_in_house/scripts) by extensions ['ignore', 'ignore_ament_install']
[0.384s] Level 1:colcon.colcon_core.package_identification:_identify(A_tries/burger_navi_in_house/scripts) by extension 'ignore'
[0.384s] Level 1:colcon.colcon_core.package_identification:_identify(A_tries/burger_navi_in_house/scripts) by extension 'ignore_ament_install'
[0.385s] Level 1:colcon.colcon_core.package_identification:_identify(A_tries/burger_navi_in_house/scripts) by extensions ['colcon_pkg']
[0.385s] Level 1:colcon.colcon_core.package_identification:_identify(A_tries/burger_navi_in_house/scripts) by extension 'colcon_pkg'
[0.385s] Level 1:colcon.colcon_core.package_identification:_identify(A_tries/burger_navi_in_house/scripts) by extensions ['colcon_meta']
[0.385s] Level 1:colcon.colcon_core.package_identification:_identify(A_tries/burger_navi_in_house/scripts) by extension 'colcon_meta'
[0.385s] Level 1:colcon.colcon_core.package_identification:_identify(A_tries/burger_navi_in_house/scripts) by extensions ['ros']
[0.385s] Level 1:colcon.colcon_core.package_identification:_identify(A_tries/burger_navi_in_house/scripts) by extension 'ros'
[0.385s] Level 1:colcon.colcon_core.package_identification:_identify(A_tries/burger_navi_in_house/scripts) by extensions ['cmake', 'python']
[0.385s] Level 1:colcon.colcon_core.package_identification:_identify(A_tries/burger_navi_in_house/scripts) by extension 'cmake'
[0.385s] Level 1:colcon.colcon_core.package_identification:_identify(A_tries/burger_navi_in_house/scripts) by extension 'python'
[0.385s] Level 1:colcon.colcon_core.package_identification:_identify(A_tries/burger_navi_in_house/scripts) by extensions ['python_setup_py']
[0.385s] Level 1:colcon.colcon_core.package_identification:_identify(A_tries/burger_navi_in_house/scripts) by extension 'python_setup_py'
[0.385s] Level 1:colcon.colcon_core.package_identification:_identify(A_tries/burger_navi_in_world) by extensions ['ignore', 'ignore_ament_install']
[0.385s] Level 1:colcon.colcon_core.package_identification:_identify(A_tries/burger_navi_in_world) by extension 'ignore'
[0.385s] Level 1:colcon.colcon_core.package_identification:_identify(A_tries/burger_navi_in_world) by extension 'ignore_ament_install'
[0.385s] Level 1:colcon.colcon_core.package_identification:_identify(A_tries/burger_navi_in_world) by extensions ['colcon_pkg']
[0.385s] Level 1:colcon.colcon_core.package_identification:_identify(A_tries/burger_navi_in_world) by extension 'colcon_pkg'
[0.385s] Level 1:colcon.colcon_core.package_identification:_identify(A_tries/burger_navi_in_world) by extensions ['colcon_meta']
[0.385s] Level 1:colcon.colcon_core.package_identification:_identify(A_tries/burger_navi_in_world) by extension 'colcon_meta'
[0.385s] Level 1:colcon.colcon_core.package_identification:_identify(A_tries/burger_navi_in_world) by extensions ['ros']
[0.385s] Level 1:colcon.colcon_core.package_identification:_identify(A_tries/burger_navi_in_world) by extension 'ros'
[0.385s] Level 1:colcon.colcon_core.package_identification:_identify(A_tries/burger_navi_in_world) by extensions ['cmake', 'python']
[0.385s] Level 1:colcon.colcon_core.package_identification:_identify(A_tries/burger_navi_in_world) by extension 'cmake'
[0.385s] Level 1:colcon.colcon_core.package_identification:_identify(A_tries/burger_navi_in_world) by extension 'python'
[0.385s] Level 1:colcon.colcon_core.package_identification:_identify(A_tries/burger_navi_in_world) by extensions ['python_setup_py']
[0.385s] Level 1:colcon.colcon_core.package_identification:_identify(A_tries/burger_navi_in_world) by extension 'python_setup_py'
[0.385s] Level 1:colcon.colcon_core.package_identification:_identify(A_tries/burger_navi_in_world/configs) by extensions ['ignore', 'ignore_ament_install']
[0.386s] Level 1:colcon.colcon_core.package_identification:_identify(A_tries/burger_navi_in_world/configs) by extension 'ignore'
[0.386s] Level 1:colcon.colcon_core.package_identification:_identify(A_tries/burger_navi_in_world/configs) by extension 'ignore_ament_install'
[0.386s] Level 1:colcon.colcon_core.package_identification:_identify(A_tries/burger_navi_in_world/configs) by extensions ['colcon_pkg']
[0.386s] Level 1:colcon.colcon_core.package_identification:_identify(A_tries/burger_navi_in_world/configs) by extension 'colcon_pkg'
[0.386s] Level 1:colcon.colcon_core.package_identification:_identify(A_tries/burger_navi_in_world/configs) by extensions ['colcon_meta']
[0.386s] Level 1:colcon.colcon_core.package_identification:_identify(A_tries/burger_navi_in_world/configs) by extension 'colcon_meta'
[0.386s] Level 1:colcon.colcon_core.package_identification:_identify(A_tries/burger_navi_in_world/configs) by extensions ['ros']
[0.386s] Level 1:colcon.colcon_core.package_identification:_identify(A_tries/burger_navi_in_world/configs) by extension 'ros'
[0.386s] Level 1:colcon.colcon_core.package_identification:_identify(A_tries/burger_navi_in_world/configs) by extensions ['cmake', 'python']
[0.386s] Level 1:colcon.colcon_core.package_identification:_identify(A_tries/burger_navi_in_world/configs) by extension 'cmake'
[0.386s] Level 1:colcon.colcon_core.package_identification:_identify(A_tries/burger_navi_in_world/configs) by extension 'python'
[0.386s] Level 1:colcon.colcon_core.package_identification:_identify(A_tries/burger_navi_in_world/configs) by extensions ['python_setup_py']
[0.386s] Level 1:colcon.colcon_core.package_identification:_identify(A_tries/burger_navi_in_world/configs) by extension 'python_setup_py'
[0.386s] Level 1:colcon.colcon_core.package_identification:_identify(A_tries/burger_navi_in_world/saved_models) by extensions ['ignore', 'ignore_ament_install']
[0.386s] Level 1:colcon.colcon_core.package_identification:_identify(A_tries/burger_navi_in_world/saved_models) by extension 'ignore'
[0.386s] Level 1:colcon.colcon_core.package_identification:_identify(A_tries/burger_navi_in_world/saved_models) by extension 'ignore_ament_install'
[0.386s] Level 1:colcon.colcon_core.package_identification:_identify(A_tries/burger_navi_in_world/saved_models) by extensions ['colcon_pkg']
[0.386s] Level 1:colcon.colcon_core.package_identification:_identify(A_tries/burger_navi_in_world/saved_models) by extension 'colcon_pkg'
[0.386s] Level 1:colcon.colcon_core.package_identification:_identify(A_tries/burger_navi_in_world/saved_models) by extensions ['colcon_meta']
[0.386s] Level 1:colcon.colcon_core.package_identification:_identify(A_tries/burger_navi_in_world/saved_models) by extension 'colcon_meta'
[0.386s] Level 1:colcon.colcon_core.package_identification:_identify(A_tries/burger_navi_in_world/saved_models) by extensions ['ros']
[0.386s] Level 1:colcon.colcon_core.package_identification:_identify(A_tries/burger_navi_in_world/saved_models) by extension 'ros'
[0.386s] Level 1:colcon.colcon_core.package_identification:_identify(A_tries/burger_navi_in_world/saved_models) by extensions ['cmake', 'python']
[0.386s] Level 1:colcon.colcon_core.package_identification:_identify(A_tries/burger_navi_in_world/saved_models) by extension 'cmake'
[0.386s] Level 1:colcon.colcon_core.package_identification:_identify(A_tries/burger_navi_in_world/saved_models) by extension 'python'
[0.386s] Level 1:colcon.colcon_core.package_identification:_identify(A_tries/burger_navi_in_world/saved_models) by extensions ['python_setup_py']
[0.386s] Level 1:colcon.colcon_core.package_identification:_identify(A_tries/burger_navi_in_world/saved_models) by extension 'python_setup_py'
[0.387s] Level 1:colcon.colcon_core.package_identification:_identify(A_tries/burger_navi_in_world/saved_models/PPO) by extensions ['ignore', 'ignore_ament_install']
[0.387s] Level 1:colcon.colcon_core.package_identification:_identify(A_tries/burger_navi_in_world/saved_models/PPO) by extension 'ignore'
[0.387s] Level 1:colcon.colcon_core.package_identification:_identify(A_tries/burger_navi_in_world/saved_models/PPO) by extension 'ignore_ament_install'
[0.387s] Level 1:colcon.colcon_core.package_identification:_identify(A_tries/burger_navi_in_world/saved_models/PPO) by extensions ['colcon_pkg']
[0.387s] Level 1:colcon.colcon_core.package_identification:_identify(A_tries/burger_navi_in_world/saved_models/PPO) by extension 'colcon_pkg'
[0.387s] Level 1:colcon.colcon_core.package_identification:_identify(A_tries/burger_navi_in_world/saved_models/PPO) by extensions ['colcon_meta']
[0.387s] Level 1:colcon.colcon_core.package_identification:_identify(A_tries/burger_navi_in_world/saved_models/PPO) by extension 'colcon_meta'
[0.387s] Level 1:colcon.colcon_core.package_identification:_identify(A_tries/burger_navi_in_world/saved_models/PPO) by extensions ['ros']
[0.387s] Level 1:colcon.colcon_core.package_identification:_identify(A_tries/burger_navi_in_world/saved_models/PPO) by extension 'ros'
[0.387s] Level 1:colcon.colcon_core.package_identification:_identify(A_tries/burger_navi_in_world/saved_models/PPO) by extensions ['cmake', 'python']
[0.387s] Level 1:colcon.colcon_core.package_identification:_identify(A_tries/burger_navi_in_world/saved_models/PPO) by extension 'cmake'
[0.387s] Level 1:colcon.colcon_core.package_identification:_identify(A_tries/burger_navi_in_world/saved_models/PPO) by extension 'python'
[0.387s] Level 1:colcon.colcon_core.package_identification:_identify(A_tries/burger_navi_in_world/saved_models/PPO) by extensions ['python_setup_py']
[0.387s] Level 1:colcon.colcon_core.package_identification:_identify(A_tries/burger_navi_in_world/saved_models/PPO) by extension 'python_setup_py'
[0.387s] Level 1:colcon.colcon_core.package_identification:_identify(A_tries/burger_navi_in_world/saved_models/PPO/log) by extensions ['ignore', 'ignore_ament_install']
[0.387s] Level 1:colcon.colcon_core.package_identification:_identify(A_tries/burger_navi_in_world/saved_models/PPO/log) by extension 'ignore'
[0.387s] Level 1:colcon.colcon_core.package_identification:_identify(A_tries/burger_navi_in_world/saved_models/PPO/log) by extension 'ignore_ament_install'
[0.387s] Level 1:colcon.colcon_core.package_identification:_identify(A_tries/burger_navi_in_world/saved_models/PPO/log) by extensions ['colcon_pkg']
[0.387s] Level 1:colcon.colcon_core.package_identification:_identify(A_tries/burger_navi_in_world/saved_models/PPO/log) by extension 'colcon_pkg'
[0.387s] Level 1:colcon.colcon_core.package_identification:_identify(A_tries/burger_navi_in_world/saved_models/PPO/log) by extensions ['colcon_meta']
[0.387s] Level 1:colcon.colcon_core.package_identification:_identify(A_tries/burger_navi_in_world/saved_models/PPO/log) by extension 'colcon_meta'
[0.387s] Level 1:colcon.colcon_core.package_identification:_identify(A_tries/burger_navi_in_world/saved_models/PPO/log) by extensions ['ros']
[0.387s] Level 1:colcon.colcon_core.package_identification:_identify(A_tries/burger_navi_in_world/saved_models/PPO/log) by extension 'ros'
[0.387s] Level 1:colcon.colcon_core.package_identification:_identify(A_tries/burger_navi_in_world/saved_models/PPO/log) by extensions ['cmake', 'python']
[0.387s] Level 1:colcon.colcon_core.package_identification:_identify(A_tries/burger_navi_in_world/saved_models/PPO/log) by extension 'cmake'
[0.387s] Level 1:colcon.colcon_core.package_identification:_identify(A_tries/burger_navi_in_world/saved_models/PPO/log) by extension 'python'
[0.388s] Level 1:colcon.colcon_core.package_identification:_identify(A_tries/burger_navi_in_world/saved_models/PPO/log) by extensions ['python_setup_py']
[0.388s] Level 1:colcon.colcon_core.package_identification:_identify(A_tries/burger_navi_in_world/saved_models/PPO/log) by extension 'python_setup_py'
[0.388s] Level 1:colcon.colcon_core.package_identification:_identify(A_tries/burger_navi_in_world/saved_models/PPO/log/PPO_1) by extensions ['ignore', 'ignore_ament_install']
[0.388s] Level 1:colcon.colcon_core.package_identification:_identify(A_tries/burger_navi_in_world/saved_models/PPO/log/PPO_1) by extension 'ignore'
[0.388s] Level 1:colcon.colcon_core.package_identification:_identify(A_tries/burger_navi_in_world/saved_models/PPO/log/PPO_1) by extension 'ignore_ament_install'
[0.388s] Level 1:colcon.colcon_core.package_identification:_identify(A_tries/burger_navi_in_world/saved_models/PPO/log/PPO_1) by extensions ['colcon_pkg']
[0.388s] Level 1:colcon.colcon_core.package_identification:_identify(A_tries/burger_navi_in_world/saved_models/PPO/log/PPO_1) by extension 'colcon_pkg'
[0.388s] Level 1:colcon.colcon_core.package_identification:_identify(A_tries/burger_navi_in_world/saved_models/PPO/log/PPO_1) by extensions ['colcon_meta']
[0.388s] Level 1:colcon.colcon_core.package_identification:_identify(A_tries/burger_navi_in_world/saved_models/PPO/log/PPO_1) by extension 'colcon_meta'
[0.388s] Level 1:colcon.colcon_core.package_identification:_identify(A_tries/burger_navi_in_world/saved_models/PPO/log/PPO_1) by extensions ['ros']
[0.388s] Level 1:colcon.colcon_core.package_identification:_identify(A_tries/burger_navi_in_world/saved_models/PPO/log/PPO_1) by extension 'ros'
[0.388s] Level 1:colcon.colcon_core.package_identification:_identify(A_tries/burger_navi_in_world/saved_models/PPO/log/PPO_1) by extensions ['cmake', 'python']
[0.388s] Level 1:colcon.colcon_core.package_identification:_identify(A_tries/burger_navi_in_world/saved_models/PPO/log/PPO_1) by extension 'cmake'
[0.388s] Level 1:colcon.colcon_core.package_identification:_identify(A_tries/burger_navi_in_world/saved_models/PPO/log/PPO_1) by extension 'python'
[0.388s] Level 1:colcon.colcon_core.package_identification:_identify(A_tries/burger_navi_in_world/saved_models/PPO/log/PPO_1) by extensions ['python_setup_py']
[0.388s] Level 1:colcon.colcon_core.package_identification:_identify(A_tries/burger_navi_in_world/saved_models/PPO/log/PPO_1) by extension 'python_setup_py'
[0.388s] Level 1:colcon.colcon_core.package_identification:_identify(A_tries/burger_navi_in_world/saved_models/PPO/log/PPO_2) by extensions ['ignore', 'ignore_ament_install']
[0.388s] Level 1:colcon.colcon_core.package_identification:_identify(A_tries/burger_navi_in_world/saved_models/PPO/log/PPO_2) by extension 'ignore'
[0.388s] Level 1:colcon.colcon_core.package_identification:_identify(A_tries/burger_navi_in_world/saved_models/PPO/log/PPO_2) by extension 'ignore_ament_install'
[0.388s] Level 1:colcon.colcon_core.package_identification:_identify(A_tries/burger_navi_in_world/saved_models/PPO/log/PPO_2) by extensions ['colcon_pkg']
[0.388s] Level 1:colcon.colcon_core.package_identification:_identify(A_tries/burger_navi_in_world/saved_models/PPO/log/PPO_2) by extension 'colcon_pkg'
[0.388s] Level 1:colcon.colcon_core.package_identification:_identify(A_tries/burger_navi_in_world/saved_models/PPO/log/PPO_2) by extensions ['colcon_meta']
[0.388s] Level 1:colcon.colcon_core.package_identification:_identify(A_tries/burger_navi_in_world/saved_models/PPO/log/PPO_2) by extension 'colcon_meta'
[0.388s] Level 1:colcon.colcon_core.package_identification:_identify(A_tries/burger_navi_in_world/saved_models/PPO/log/PPO_2) by extensions ['ros']
[0.388s] Level 1:colcon.colcon_core.package_identification:_identify(A_tries/burger_navi_in_world/saved_models/PPO/log/PPO_2) by extension 'ros'
[0.388s] Level 1:colcon.colcon_core.package_identification:_identify(A_tries/burger_navi_in_world/saved_models/PPO/log/PPO_2) by extensions ['cmake', 'python']
[0.388s] Level 1:colcon.colcon_core.package_identification:_identify(A_tries/burger_navi_in_world/saved_models/PPO/log/PPO_2) by extension 'cmake'
[0.388s] Level 1:colcon.colcon_core.package_identification:_identify(A_tries/burger_navi_in_world/saved_models/PPO/log/PPO_2) by extension 'python'
[0.389s] Level 1:colcon.colcon_core.package_identification:_identify(A_tries/burger_navi_in_world/saved_models/PPO/log/PPO_2) by extensions ['python_setup_py']
[0.389s] Level 1:colcon.colcon_core.package_identification:_identify(A_tries/burger_navi_in_world/saved_models/PPO/log/PPO_2) by extension 'python_setup_py'
[0.389s] Level 1:colcon.colcon_core.package_identification:_identify(A_tries/burger_navi_in_world/saved_models/PPO/log/PPO_3) by extensions ['ignore', 'ignore_ament_install']
[0.389s] Level 1:colcon.colcon_core.package_identification:_identify(A_tries/burger_navi_in_world/saved_models/PPO/log/PPO_3) by extension 'ignore'
[0.389s] Level 1:colcon.colcon_core.package_identification:_identify(A_tries/burger_navi_in_world/saved_models/PPO/log/PPO_3) by extension 'ignore_ament_install'
[0.389s] Level 1:colcon.colcon_core.package_identification:_identify(A_tries/burger_navi_in_world/saved_models/PPO/log/PPO_3) by extensions ['colcon_pkg']
[0.389s] Level 1:colcon.colcon_core.package_identification:_identify(A_tries/burger_navi_in_world/saved_models/PPO/log/PPO_3) by extension 'colcon_pkg'
[0.389s] Level 1:colcon.colcon_core.package_identification:_identify(A_tries/burger_navi_in_world/saved_models/PPO/log/PPO_3) by extensions ['colcon_meta']
[0.389s] Level 1:colcon.colcon_core.package_identification:_identify(A_tries/burger_navi_in_world/saved_models/PPO/log/PPO_3) by extension 'colcon_meta'
[0.389s] Level 1:colcon.colcon_core.package_identification:_identify(A_tries/burger_navi_in_world/saved_models/PPO/log/PPO_3) by extensions ['ros']
[0.389s] Level 1:colcon.colcon_core.package_identification:_identify(A_tries/burger_navi_in_world/saved_models/PPO/log/PPO_3) by extension 'ros'
[0.389s] Level 1:colcon.colcon_core.package_identification:_identify(A_tries/burger_navi_in_world/saved_models/PPO/log/PPO_3) by extensions ['cmake', 'python']
[0.389s] Level 1:colcon.colcon_core.package_identification:_identify(A_tries/burger_navi_in_world/saved_models/PPO/log/PPO_3) by extension 'cmake'
[0.389s] Level 1:colcon.colcon_core.package_identification:_identify(A_tries/burger_navi_in_world/saved_models/PPO/log/PPO_3) by extension 'python'
[0.389s] Level 1:colcon.colcon_core.package_identification:_identify(A_tries/burger_navi_in_world/saved_models/PPO/log/PPO_3) by extensions ['python_setup_py']
[0.389s] Level 1:colcon.colcon_core.package_identification:_identify(A_tries/burger_navi_in_world/saved_models/PPO/log/PPO_3) by extension 'python_setup_py'
[0.389s] Level 1:colcon.colcon_core.package_identification:_identify(A_tries/burger_navi_in_world/saved_models/SAC) by extensions ['ignore', 'ignore_ament_install']
[0.389s] Level 1:colcon.colcon_core.package_identification:_identify(A_tries/burger_navi_in_world/saved_models/SAC) by extension 'ignore'
[0.389s] Level 1:colcon.colcon_core.package_identification:_identify(A_tries/burger_navi_in_world/saved_models/SAC) by extension 'ignore_ament_install'
[0.389s] Level 1:colcon.colcon_core.package_identification:_identify(A_tries/burger_navi_in_world/saved_models/SAC) by extensions ['colcon_pkg']
[0.389s] Level 1:colcon.colcon_core.package_identification:_identify(A_tries/burger_navi_in_world/saved_models/SAC) by extension 'colcon_pkg'
[0.389s] Level 1:colcon.colcon_core.package_identification:_identify(A_tries/burger_navi_in_world/saved_models/SAC) by extensions ['colcon_meta']
[0.389s] Level 1:colcon.colcon_core.package_identification:_identify(A_tries/burger_navi_in_world/saved_models/SAC) by extension 'colcon_meta'
[0.389s] Level 1:colcon.colcon_core.package_identification:_identify(A_tries/burger_navi_in_world/saved_models/SAC) by extensions ['ros']
[0.389s] Level 1:colcon.colcon_core.package_identification:_identify(A_tries/burger_navi_in_world/saved_models/SAC) by extension 'ros'
[0.389s] Level 1:colcon.colcon_core.package_identification:_identify(A_tries/burger_navi_in_world/saved_models/SAC) by extensions ['cmake', 'python']
[0.389s] Level 1:colcon.colcon_core.package_identification:_identify(A_tries/burger_navi_in_world/saved_models/SAC) by extension 'cmake'
[0.390s] Level 1:colcon.colcon_core.package_identification:_identify(A_tries/burger_navi_in_world/saved_models/SAC) by extension 'python'
[0.390s] Level 1:colcon.colcon_core.package_identification:_identify(A_tries/burger_navi_in_world/saved_models/SAC) by extensions ['python_setup_py']
[0.390s] Level 1:colcon.colcon_core.package_identification:_identify(A_tries/burger_navi_in_world/saved_models/SAC) by extension 'python_setup_py'
[0.390s] Level 1:colcon.colcon_core.package_identification:_identify(A_tries/burger_navi_in_world/saved_models/SAC/log) by extensions ['ignore', 'ignore_ament_install']
[0.390s] Level 1:colcon.colcon_core.package_identification:_identify(A_tries/burger_navi_in_world/saved_models/SAC/log) by extension 'ignore'
[0.390s] Level 1:colcon.colcon_core.package_identification:_identify(A_tries/burger_navi_in_world/saved_models/SAC/log) by extension 'ignore_ament_install'
[0.390s] Level 1:colcon.colcon_core.package_identification:_identify(A_tries/burger_navi_in_world/saved_models/SAC/log) by extensions ['colcon_pkg']
[0.390s] Level 1:colcon.colcon_core.package_identification:_identify(A_tries/burger_navi_in_world/saved_models/SAC/log) by extension 'colcon_pkg'
[0.390s] Level 1:colcon.colcon_core.package_identification:_identify(A_tries/burger_navi_in_world/saved_models/SAC/log) by extensions ['colcon_meta']
[0.390s] Level 1:colcon.colcon_core.package_identification:_identify(A_tries/burger_navi_in_world/saved_models/SAC/log) by extension 'colcon_meta'
[0.390s] Level 1:colcon.colcon_core.package_identification:_identify(A_tries/burger_navi_in_world/saved_models/SAC/log) by extensions ['ros']
[0.390s] Level 1:colcon.colcon_core.package_identification:_identify(A_tries/burger_navi_in_world/saved_models/SAC/log) by extension 'ros'
[0.390s] Level 1:colcon.colcon_core.package_identification:_identify(A_tries/burger_navi_in_world/saved_models/SAC/log) by extensions ['cmake', 'python']
[0.390s] Level 1:colcon.colcon_core.package_identification:_identify(A_tries/burger_navi_in_world/saved_models/SAC/log) by extension 'cmake'
[0.390s] Level 1:colcon.colcon_core.package_identification:_identify(A_tries/burger_navi_in_world/saved_models/SAC/log) by extension 'python'
[0.390s] Level 1:colcon.colcon_core.package_identification:_identify(A_tries/burger_navi_in_world/saved_models/SAC/log) by extensions ['python_setup_py']
[0.390s] Level 1:colcon.colcon_core.package_identification:_identify(A_tries/burger_navi_in_world/saved_models/SAC/log) by extension 'python_setup_py'
[0.390s] Level 1:colcon.colcon_core.package_identification:_identify(A_tries/burger_navi_in_world/saved_models/SAC/log/SAC_1) by extensions ['ignore', 'ignore_ament_install']
[0.390s] Level 1:colcon.colcon_core.package_identification:_identify(A_tries/burger_navi_in_world/saved_models/SAC/log/SAC_1) by extension 'ignore'
[0.390s] Level 1:colcon.colcon_core.package_identification:_identify(A_tries/burger_navi_in_world/saved_models/SAC/log/SAC_1) by extension 'ignore_ament_install'
[0.390s] Level 1:colcon.colcon_core.package_identification:_identify(A_tries/burger_navi_in_world/saved_models/SAC/log/SAC_1) by extensions ['colcon_pkg']
[0.390s] Level 1:colcon.colcon_core.package_identification:_identify(A_tries/burger_navi_in_world/saved_models/SAC/log/SAC_1) by extension 'colcon_pkg'
[0.390s] Level 1:colcon.colcon_core.package_identification:_identify(A_tries/burger_navi_in_world/saved_models/SAC/log/SAC_1) by extensions ['colcon_meta']
[0.390s] Level 1:colcon.colcon_core.package_identification:_identify(A_tries/burger_navi_in_world/saved_models/SAC/log/SAC_1) by extension 'colcon_meta'
[0.390s] Level 1:colcon.colcon_core.package_identification:_identify(A_tries/burger_navi_in_world/saved_models/SAC/log/SAC_1) by extensions ['ros']
[0.390s] Level 1:colcon.colcon_core.package_identification:_identify(A_tries/burger_navi_in_world/saved_models/SAC/log/SAC_1) by extension 'ros'
[0.390s] Level 1:colcon.colcon_core.package_identification:_identify(A_tries/burger_navi_in_world/saved_models/SAC/log/SAC_1) by extensions ['cmake', 'python']
[0.390s] Level 1:colcon.colcon_core.package_identification:_identify(A_tries/burger_navi_in_world/saved_models/SAC/log/SAC_1) by extension 'cmake'
[0.391s] Level 1:colcon.colcon_core.package_identification:_identify(A_tries/burger_navi_in_world/saved_models/SAC/log/SAC_1) by extension 'python'
[0.391s] Level 1:colcon.colcon_core.package_identification:_identify(A_tries/burger_navi_in_world/saved_models/SAC/log/SAC_1) by extensions ['python_setup_py']
[0.391s] Level 1:colcon.colcon_core.package_identification:_identify(A_tries/burger_navi_in_world/saved_models/SAC/log/SAC_1) by extension 'python_setup_py'
[0.391s] Level 1:colcon.colcon_core.package_identification:_identify(A_tries/burger_navi_in_world/saved_models/SAC/log/SAC_2) by extensions ['ignore', 'ignore_ament_install']
[0.391s] Level 1:colcon.colcon_core.package_identification:_identify(A_tries/burger_navi_in_world/saved_models/SAC/log/SAC_2) by extension 'ignore'
[0.391s] Level 1:colcon.colcon_core.package_identification:_identify(A_tries/burger_navi_in_world/saved_models/SAC/log/SAC_2) by extension 'ignore_ament_install'
[0.391s] Level 1:colcon.colcon_core.package_identification:_identify(A_tries/burger_navi_in_world/saved_models/SAC/log/SAC_2) by extensions ['colcon_pkg']
[0.391s] Level 1:colcon.colcon_core.package_identification:_identify(A_tries/burger_navi_in_world/saved_models/SAC/log/SAC_2) by extension 'colcon_pkg'
[0.391s] Level 1:colcon.colcon_core.package_identification:_identify(A_tries/burger_navi_in_world/saved_models/SAC/log/SAC_2) by extensions ['colcon_meta']
[0.391s] Level 1:colcon.colcon_core.package_identification:_identify(A_tries/burger_navi_in_world/saved_models/SAC/log/SAC_2) by extension 'colcon_meta'
[0.391s] Level 1:colcon.colcon_core.package_identification:_identify(A_tries/burger_navi_in_world/saved_models/SAC/log/SAC_2) by extensions ['ros']
[0.391s] Level 1:colcon.colcon_core.package_identification:_identify(A_tries/burger_navi_in_world/saved_models/SAC/log/SAC_2) by extension 'ros'
[0.391s] Level 1:colcon.colcon_core.package_identification:_identify(A_tries/burger_navi_in_world/saved_models/SAC/log/SAC_2) by extensions ['cmake', 'python']
[0.391s] Level 1:colcon.colcon_core.package_identification:_identify(A_tries/burger_navi_in_world/saved_models/SAC/log/SAC_2) by extension 'cmake'
[0.391s] Level 1:colcon.colcon_core.package_identification:_identify(A_tries/burger_navi_in_world/saved_models/SAC/log/SAC_2) by extension 'python'
[0.391s] Level 1:colcon.colcon_core.package_identification:_identify(A_tries/burger_navi_in_world/saved_models/SAC/log/SAC_2) by extensions ['python_setup_py']
[0.391s] Level 1:colcon.colcon_core.package_identification:_identify(A_tries/burger_navi_in_world/saved_models/SAC/log/SAC_2) by extension 'python_setup_py'
[0.391s] Level 1:colcon.colcon_core.package_identification:_identify(A_tries/burger_navi_in_world/saved_models/SAC/log/SAC_3) by extensions ['ignore', 'ignore_ament_install']
[0.391s] Level 1:colcon.colcon_core.package_identification:_identify(A_tries/burger_navi_in_world/saved_models/SAC/log/SAC_3) by extension 'ignore'
[0.391s] Level 1:colcon.colcon_core.package_identification:_identify(A_tries/burger_navi_in_world/saved_models/SAC/log/SAC_3) by extension 'ignore_ament_install'
[0.391s] Level 1:colcon.colcon_core.package_identification:_identify(A_tries/burger_navi_in_world/saved_models/SAC/log/SAC_3) by extensions ['colcon_pkg']
[0.391s] Level 1:colcon.colcon_core.package_identification:_identify(A_tries/burger_navi_in_world/saved_models/SAC/log/SAC_3) by extension 'colcon_pkg'
[0.391s] Level 1:colcon.colcon_core.package_identification:_identify(A_tries/burger_navi_in_world/saved_models/SAC/log/SAC_3) by extensions ['colcon_meta']
[0.391s] Level 1:colcon.colcon_core.package_identification:_identify(A_tries/burger_navi_in_world/saved_models/SAC/log/SAC_3) by extension 'colcon_meta'
[0.391s] Level 1:colcon.colcon_core.package_identification:_identify(A_tries/burger_navi_in_world/saved_models/SAC/log/SAC_3) by extensions ['ros']
[0.391s] Level 1:colcon.colcon_core.package_identification:_identify(A_tries/burger_navi_in_world/saved_models/SAC/log/SAC_3) by extension 'ros'
[0.391s] Level 1:colcon.colcon_core.package_identification:_identify(A_tries/burger_navi_in_world/saved_models/SAC/log/SAC_3) by extensions ['cmake', 'python']
[0.392s] Level 1:colcon.colcon_core.package_identification:_identify(A_tries/burger_navi_in_world/saved_models/SAC/log/SAC_3) by extension 'cmake'
[0.392s] Level 1:colcon.colcon_core.package_identification:_identify(A_tries/burger_navi_in_world/saved_models/SAC/log/SAC_3) by extension 'python'
[0.392s] Level 1:colcon.colcon_core.package_identification:_identify(A_tries/burger_navi_in_world/saved_models/SAC/log/SAC_3) by extensions ['python_setup_py']
[0.392s] Level 1:colcon.colcon_core.package_identification:_identify(A_tries/burger_navi_in_world/saved_models/SAC/log/SAC_3) by extension 'python_setup_py'
[0.392s] Level 1:colcon.colcon_core.package_identification:_identify(A_tries/burger_navi_in_world/saved_models/SAC/plots) by extensions ['ignore', 'ignore_ament_install']
[0.392s] Level 1:colcon.colcon_core.package_identification:_identify(A_tries/burger_navi_in_world/saved_models/SAC/plots) by extension 'ignore'
[0.392s] Level 1:colcon.colcon_core.package_identification:_identify(A_tries/burger_navi_in_world/saved_models/SAC/plots) by extension 'ignore_ament_install'
[0.392s] Level 1:colcon.colcon_core.package_identification:_identify(A_tries/burger_navi_in_world/saved_models/SAC/plots) by extensions ['colcon_pkg']
[0.392s] Level 1:colcon.colcon_core.package_identification:_identify(A_tries/burger_navi_in_world/saved_models/SAC/plots) by extension 'colcon_pkg'
[0.392s] Level 1:colcon.colcon_core.package_identification:_identify(A_tries/burger_navi_in_world/saved_models/SAC/plots) by extensions ['colcon_meta']
[0.392s] Level 1:colcon.colcon_core.package_identification:_identify(A_tries/burger_navi_in_world/saved_models/SAC/plots) by extension 'colcon_meta'
[0.392s] Level 1:colcon.colcon_core.package_identification:_identify(A_tries/burger_navi_in_world/saved_models/SAC/plots) by extensions ['ros']
[0.392s] Level 1:colcon.colcon_core.package_identification:_identify(A_tries/burger_navi_in_world/saved_models/SAC/plots) by extension 'ros'
[0.392s] Level 1:colcon.colcon_core.package_identification:_identify(A_tries/burger_navi_in_world/saved_models/SAC/plots) by extensions ['cmake', 'python']
[0.392s] Level 1:colcon.colcon_core.package_identification:_identify(A_tries/burger_navi_in_world/saved_models/SAC/plots) by extension 'cmake'
[0.392s] Level 1:colcon.colcon_core.package_identification:_identify(A_tries/burger_navi_in_world/saved_models/SAC/plots) by extension 'python'
[0.392s] Level 1:colcon.colcon_core.package_identification:_identify(A_tries/burger_navi_in_world/saved_models/SAC/plots) by extensions ['python_setup_py']
[0.392s] Level 1:colcon.colcon_core.package_identification:_identify(A_tries/burger_navi_in_world/saved_models/SAC/plots) by extension 'python_setup_py'
[0.392s] Level 1:colcon.colcon_core.package_identification:_identify(A_tries/burger_navi_in_world/scripts) by extensions ['ignore', 'ignore_ament_install']
[0.392s] Level 1:colcon.colcon_core.package_identification:_identify(A_tries/burger_navi_in_world/scripts) by extension 'ignore'
[0.392s] Level 1:colcon.colcon_core.package_identification:_identify(A_tries/burger_navi_in_world/scripts) by extension 'ignore_ament_install'
[0.392s] Level 1:colcon.colcon_core.package_identification:_identify(A_tries/burger_navi_in_world/scripts) by extensions ['colcon_pkg']
[0.392s] Level 1:colcon.colcon_core.package_identification:_identify(A_tries/burger_navi_in_world/scripts) by extension 'colcon_pkg'
[0.392s] Level 1:colcon.colcon_core.package_identification:_identify(A_tries/burger_navi_in_world/scripts) by extensions ['colcon_meta']
[0.392s] Level 1:colcon.colcon_core.package_identification:_identify(A_tries/burger_navi_in_world/scripts) by extension 'colcon_meta'
[0.392s] Level 1:colcon.colcon_core.package_identification:_identify(A_tries/burger_navi_in_world/scripts) by extensions ['ros']
[0.392s] Level 1:colcon.colcon_core.package_identification:_identify(A_tries/burger_navi_in_world/scripts) by extension 'ros'
[0.392s] Level 1:colcon.colcon_core.package_identification:_identify(A_tries/burger_navi_in_world/scripts) by extensions ['cmake', 'python']
[0.393s] Level 1:colcon.colcon_core.package_identification:_identify(A_tries/burger_navi_in_world/scripts) by extension 'cmake'
[0.393s] Level 1:colcon.colcon_core.package_identification:_identify(A_tries/burger_navi_in_world/scripts) by extension 'python'
[0.393s] Level 1:colcon.colcon_core.package_identification:_identify(A_tries/burger_navi_in_world/scripts) by extensions ['python_setup_py']
[0.393s] Level 1:colcon.colcon_core.package_identification:_identify(A_tries/burger_navi_in_world/scripts) by extension 'python_setup_py'
[0.393s] Level 1:colcon.colcon_core.package_identification:_identify(A_tries/waffle_L_navi_in_house) by extensions ['ignore', 'ignore_ament_install']
[0.393s] Level 1:colcon.colcon_core.package_identification:_identify(A_tries/waffle_L_navi_in_house) by extension 'ignore'
[0.393s] Level 1:colcon.colcon_core.package_identification:_identify(A_tries/waffle_L_navi_in_house) by extension 'ignore_ament_install'
[0.393s] Level 1:colcon.colcon_core.package_identification:_identify(A_tries/waffle_L_navi_in_house) by extensions ['colcon_pkg']
[0.393s] Level 1:colcon.colcon_core.package_identification:_identify(A_tries/waffle_L_navi_in_house) by extension 'colcon_pkg'
[0.393s] Level 1:colcon.colcon_core.package_identification:_identify(A_tries/waffle_L_navi_in_house) by extensions ['colcon_meta']
[0.393s] Level 1:colcon.colcon_core.package_identification:_identify(A_tries/waffle_L_navi_in_house) by extension 'colcon_meta'
[0.393s] Level 1:colcon.colcon_core.package_identification:_identify(A_tries/waffle_L_navi_in_house) by extensions ['ros']
[0.393s] Level 1:colcon.colcon_core.package_identification:_identify(A_tries/waffle_L_navi_in_house) by extension 'ros'
[0.393s] Level 1:colcon.colcon_core.package_identification:_identify(A_tries/waffle_L_navi_in_house) by extensions ['cmake', 'python']
[0.393s] Level 1:colcon.colcon_core.package_identification:_identify(A_tries/waffle_L_navi_in_house) by extension 'cmake'
[0.393s] Level 1:colcon.colcon_core.package_identification:_identify(A_tries/waffle_L_navi_in_house) by extension 'python'
[0.393s] Level 1:colcon.colcon_core.package_identification:_identify(A_tries/waffle_L_navi_in_house) by extensions ['python_setup_py']
[0.393s] Level 1:colcon.colcon_core.package_identification:_identify(A_tries/waffle_L_navi_in_house) by extension 'python_setup_py'
[0.393s] Level 1:colcon.colcon_core.package_identification:_identify(A_tries/waffle_L_navi_in_house/configs) by extensions ['ignore', 'ignore_ament_install']
[0.393s] Level 1:colcon.colcon_core.package_identification:_identify(A_tries/waffle_L_navi_in_house/configs) by extension 'ignore'
[0.393s] Level 1:colcon.colcon_core.package_identification:_identify(A_tries/waffle_L_navi_in_house/configs) by extension 'ignore_ament_install'
[0.393s] Level 1:colcon.colcon_core.package_identification:_identify(A_tries/waffle_L_navi_in_house/configs) by extensions ['colcon_pkg']
[0.393s] Level 1:colcon.colcon_core.package_identification:_identify(A_tries/waffle_L_navi_in_house/configs) by extension 'colcon_pkg'
[0.393s] Level 1:colcon.colcon_core.package_identification:_identify(A_tries/waffle_L_navi_in_house/configs) by extensions ['colcon_meta']
[0.393s] Level 1:colcon.colcon_core.package_identification:_identify(A_tries/waffle_L_navi_in_house/configs) by extension 'colcon_meta'
[0.393s] Level 1:colcon.colcon_core.package_identification:_identify(A_tries/waffle_L_navi_in_house/configs) by extensions ['ros']
[0.393s] Level 1:colcon.colcon_core.package_identification:_identify(A_tries/waffle_L_navi_in_house/configs) by extension 'ros'
[0.393s] Level 1:colcon.colcon_core.package_identification:_identify(A_tries/waffle_L_navi_in_house/configs) by extensions ['cmake', 'python']
[0.393s] Level 1:colcon.colcon_core.package_identification:_identify(A_tries/waffle_L_navi_in_house/configs) by extension 'cmake'
[0.394s] Level 1:colcon.colcon_core.package_identification:_identify(A_tries/waffle_L_navi_in_house/configs) by extension 'python'
[0.394s] Level 1:colcon.colcon_core.package_identification:_identify(A_tries/waffle_L_navi_in_house/configs) by extensions ['python_setup_py']
[0.394s] Level 1:colcon.colcon_core.package_identification:_identify(A_tries/waffle_L_navi_in_house/configs) by extension 'python_setup_py'
[0.394s] Level 1:colcon.colcon_core.package_identification:_identify(A_tries/waffle_L_navi_in_house/environment) by extensions ['ignore', 'ignore_ament_install']
[0.394s] Level 1:colcon.colcon_core.package_identification:_identify(A_tries/waffle_L_navi_in_house/environment) by extension 'ignore'
[0.394s] Level 1:colcon.colcon_core.package_identification:_identify(A_tries/waffle_L_navi_in_house/environment) by extension 'ignore_ament_install'
[0.394s] Level 1:colcon.colcon_core.package_identification:_identify(A_tries/waffle_L_navi_in_house/environment) by extensions ['colcon_pkg']
[0.394s] Level 1:colcon.colcon_core.package_identification:_identify(A_tries/waffle_L_navi_in_house/environment) by extension 'colcon_pkg'
[0.394s] Level 1:colcon.colcon_core.package_identification:_identify(A_tries/waffle_L_navi_in_house/environment) by extensions ['colcon_meta']
[0.394s] Level 1:colcon.colcon_core.package_identification:_identify(A_tries/waffle_L_navi_in_house/environment) by extension 'colcon_meta'
[0.394s] Level 1:colcon.colcon_core.package_identification:_identify(A_tries/waffle_L_navi_in_house/environment) by extensions ['ros']
[0.394s] Level 1:colcon.colcon_core.package_identification:_identify(A_tries/waffle_L_navi_in_house/environment) by extension 'ros'
[0.394s] Level 1:colcon.colcon_core.package_identification:_identify(A_tries/waffle_L_navi_in_house/environment) by extensions ['cmake', 'python']
[0.394s] Level 1:colcon.colcon_core.package_identification:_identify(A_tries/waffle_L_navi_in_house/environment) by extension 'cmake'
[0.394s] Level 1:colcon.colcon_core.package_identification:_identify(A_tries/waffle_L_navi_in_house/environment) by extension 'python'
[0.394s] Level 1:colcon.colcon_core.package_identification:_identify(A_tries/waffle_L_navi_in_house/environment) by extensions ['python_setup_py']
[0.394s] Level 1:colcon.colcon_core.package_identification:_identify(A_tries/waffle_L_navi_in_house/environment) by extension 'python_setup_py'
[0.394s] Level 1:colcon.colcon_core.package_identification:_identify(A_tries/waffle_L_navi_in_house/saved_models) by extensions ['ignore', 'ignore_ament_install']
[0.394s] Level 1:colcon.colcon_core.package_identification:_identify(A_tries/waffle_L_navi_in_house/saved_models) by extension 'ignore'
[0.394s] Level 1:colcon.colcon_core.package_identification:_identify(A_tries/waffle_L_navi_in_house/saved_models) by extension 'ignore_ament_install'
[0.394s] Level 1:colcon.colcon_core.package_identification:_identify(A_tries/waffle_L_navi_in_house/saved_models) by extensions ['colcon_pkg']
[0.394s] Level 1:colcon.colcon_core.package_identification:_identify(A_tries/waffle_L_navi_in_house/saved_models) by extension 'colcon_pkg'
[0.394s] Level 1:colcon.colcon_core.package_identification:_identify(A_tries/waffle_L_navi_in_house/saved_models) by extensions ['colcon_meta']
[0.394s] Level 1:colcon.colcon_core.package_identification:_identify(A_tries/waffle_L_navi_in_house/saved_models) by extension 'colcon_meta'
[0.394s] Level 1:colcon.colcon_core.package_identification:_identify(A_tries/waffle_L_navi_in_house/saved_models) by extensions ['ros']
[0.394s] Level 1:colcon.colcon_core.package_identification:_identify(A_tries/waffle_L_navi_in_house/saved_models) by extension 'ros'
[0.394s] Level 1:colcon.colcon_core.package_identification:_identify(A_tries/waffle_L_navi_in_house/saved_models) by extensions ['cmake', 'python']
[0.394s] Level 1:colcon.colcon_core.package_identification:_identify(A_tries/waffle_L_navi_in_house/saved_models) by extension 'cmake'
[0.394s] Level 1:colcon.colcon_core.package_identification:_identify(A_tries/waffle_L_navi_in_house/saved_models) by extension 'python'
[0.394s] Level 1:colcon.colcon_core.package_identification:_identify(A_tries/waffle_L_navi_in_house/saved_models) by extensions ['python_setup_py']
[0.395s] Level 1:colcon.colcon_core.package_identification:_identify(A_tries/waffle_L_navi_in_house/saved_models) by extension 'python_setup_py'
[0.395s] Level 1:colcon.colcon_core.package_identification:_identify(A_tries/waffle_L_navi_in_house/scripts) by extensions ['ignore', 'ignore_ament_install']
[0.395s] Level 1:colcon.colcon_core.package_identification:_identify(A_tries/waffle_L_navi_in_house/scripts) by extension 'ignore'
[0.395s] Level 1:colcon.colcon_core.package_identification:_identify(A_tries/waffle_L_navi_in_house/scripts) by extension 'ignore_ament_install'
[0.395s] Level 1:colcon.colcon_core.package_identification:_identify(A_tries/waffle_L_navi_in_house/scripts) by extensions ['colcon_pkg']
[0.395s] Level 1:colcon.colcon_core.package_identification:_identify(A_tries/waffle_L_navi_in_house/scripts) by extension 'colcon_pkg'
[0.395s] Level 1:colcon.colcon_core.package_identification:_identify(A_tries/waffle_L_navi_in_house/scripts) by extensions ['colcon_meta']
[0.395s] Level 1:colcon.colcon_core.package_identification:_identify(A_tries/waffle_L_navi_in_house/scripts) by extension 'colcon_meta'
[0.395s] Level 1:colcon.colcon_core.package_identification:_identify(A_tries/waffle_L_navi_in_house/scripts) by extensions ['ros']
[0.395s] Level 1:colcon.colcon_core.package_identification:_identify(A_tries/waffle_L_navi_in_house/scripts) by extension 'ros'
[0.395s] Level 1:colcon.colcon_core.package_identification:_identify(A_tries/waffle_L_navi_in_house/scripts) by extensions ['cmake', 'python']
[0.395s] Level 1:colcon.colcon_core.package_identification:_identify(A_tries/waffle_L_navi_in_house/scripts) by extension 'cmake'
[0.395s] Level 1:colcon.colcon_core.package_identification:_identify(A_tries/waffle_L_navi_in_house/scripts) by extension 'python'
[0.395s] Level 1:colcon.colcon_core.package_identification:_identify(A_tries/waffle_L_navi_in_house/scripts) by extensions ['python_setup_py']
[0.395s] Level 1:colcon.colcon_core.package_identification:_identify(A_tries/waffle_L_navi_in_house/scripts) by extension 'python_setup_py'
[0.395s] Level 1:colcon.colcon_core.package_identification:_identify(app) by extensions ['ignore', 'ignore_ament_install']
[0.395s] Level 1:colcon.colcon_core.package_identification:_identify(app) by extension 'ignore'
[0.395s] Level 1:colcon.colcon_core.package_identification:_identify(app) by extension 'ignore_ament_install'
[0.395s] Level 1:colcon.colcon_core.package_identification:_identify(app) by extensions ['colcon_pkg']
[0.395s] Level 1:colcon.colcon_core.package_identification:_identify(app) by extension 'colcon_pkg'
[0.395s] Level 1:colcon.colcon_core.package_identification:_identify(app) by extensions ['colcon_meta']
[0.395s] Level 1:colcon.colcon_core.package_identification:_identify(app) by extension 'colcon_meta'
[0.395s] Level 1:colcon.colcon_core.package_identification:_identify(app) by extensions ['ros']
[0.395s] Level 1:colcon.colcon_core.package_identification:_identify(app) by extension 'ros'
[0.395s] Level 1:colcon.colcon_core.package_identification:_identify(app) by extensions ['cmake', 'python']
[0.395s] Level 1:colcon.colcon_core.package_identification:_identify(app) by extension 'cmake'
[0.395s] Level 1:colcon.colcon_core.package_identification:_identify(app) by extension 'python'
[0.395s] Level 1:colcon.colcon_core.package_identification:_identify(app) by extensions ['python_setup_py']
[0.396s] Level 1:colcon.colcon_core.package_identification:_identify(app) by extension 'python_setup_py'
[0.396s] Level 1:colcon.colcon_core.package_identification:_identify(app/__pycache__) by extensions ['ignore', 'ignore_ament_install']
[0.396s] Level 1:colcon.colcon_core.package_identification:_identify(app/__pycache__) by extension 'ignore'
[0.396s] Level 1:colcon.colcon_core.package_identification:_identify(app/__pycache__) by extension 'ignore_ament_install'
[0.396s] Level 1:colcon.colcon_core.package_identification:_identify(app/__pycache__) by extensions ['colcon_pkg']
[0.396s] Level 1:colcon.colcon_core.package_identification:_identify(app/__pycache__) by extension 'colcon_pkg'
[0.396s] Level 1:colcon.colcon_core.package_identification:_identify(app/__pycache__) by extensions ['colcon_meta']
[0.396s] Level 1:colcon.colcon_core.package_identification:_identify(app/__pycache__) by extension 'colcon_meta'
[0.396s] Level 1:colcon.colcon_core.package_identification:_identify(app/__pycache__) by extensions ['ros']
[0.396s] Level 1:colcon.colcon_core.package_identification:_identify(app/__pycache__) by extension 'ros'
[0.396s] Level 1:colcon.colcon_core.package_identification:_identify(app/__pycache__) by extensions ['cmake', 'python']
[0.396s] Level 1:colcon.colcon_core.package_identification:_identify(app/__pycache__) by extension 'cmake'
[0.396s] Level 1:colcon.colcon_core.package_identification:_identify(app/__pycache__) by extension 'python'
[0.396s] Level 1:colcon.colcon_core.package_identification:_identify(app/__pycache__) by extensions ['python_setup_py']
[0.396s] Level 1:colcon.colcon_core.package_identification:_identify(app/__pycache__) by extension 'python_setup_py'
[0.396s] Level 1:colcon.colcon_core.package_identification:_identify(app/api) by extensions ['ignore', 'ignore_ament_install']
[0.396s] Level 1:colcon.colcon_core.package_identification:_identify(app/api) by extension 'ignore'
[0.396s] Level 1:colcon.colcon_core.package_identification:_identify(app/api) by extension 'ignore_ament_install'
[0.396s] Level 1:colcon.colcon_core.package_identification:_identify(app/api) by extensions ['colcon_pkg']
[0.396s] Level 1:colcon.colcon_core.package_identification:_identify(app/api) by extension 'colcon_pkg'
[0.396s] Level 1:colcon.colcon_core.package_identification:_identify(app/api) by extensions ['colcon_meta']
[0.396s] Level 1:colcon.colcon_core.package_identification:_identify(app/api) by extension 'colcon_meta'
[0.396s] Level 1:colcon.colcon_core.package_identification:_identify(app/api) by extensions ['ros']
[0.396s] Level 1:colcon.colcon_core.package_identification:_identify(app/api) by extension 'ros'
[0.396s] Level 1:colcon.colcon_core.package_identification:_identify(app/api) by extensions ['cmake', 'python']
[0.396s] Level 1:colcon.colcon_core.package_identification:_identify(app/api) by extension 'cmake'
[0.396s] Level 1:colcon.colcon_core.package_identification:_identify(app/api) by extension 'python'
[0.396s] Level 1:colcon.colcon_core.package_identification:_identify(app/api) by extensions ['python_setup_py']
[0.397s] Level 1:colcon.colcon_core.package_identification:_identify(app/api) by extension 'python_setup_py'
[0.397s] Level 1:colcon.colcon_core.package_identification:_identify(app/api/v1) by extensions ['ignore', 'ignore_ament_install']
[0.397s] Level 1:colcon.colcon_core.package_identification:_identify(app/api/v1) by extension 'ignore'
[0.397s] Level 1:colcon.colcon_core.package_identification:_identify(app/api/v1) by extension 'ignore_ament_install'
[0.397s] Level 1:colcon.colcon_core.package_identification:_identify(app/api/v1) by extensions ['colcon_pkg']
[0.397s] Level 1:colcon.colcon_core.package_identification:_identify(app/api/v1) by extension 'colcon_pkg'
[0.397s] Level 1:colcon.colcon_core.package_identification:_identify(app/api/v1) by extensions ['colcon_meta']
[0.397s] Level 1:colcon.colcon_core.package_identification:_identify(app/api/v1) by extension 'colcon_meta'
[0.397s] Level 1:colcon.colcon_core.package_identification:_identify(app/api/v1) by extensions ['ros']
[0.397s] Level 1:colcon.colcon_core.package_identification:_identify(app/api/v1) by extension 'ros'
[0.397s] Level 1:colcon.colcon_core.package_identification:_identify(app/api/v1) by extensions ['cmake', 'python']
[0.397s] Level 1:colcon.colcon_core.package_identification:_identify(app/api/v1) by extension 'cmake'
[0.397s] Level 1:colcon.colcon_core.package_identification:_identify(app/api/v1) by extension 'python'
[0.397s] Level 1:colcon.colcon_core.package_identification:_identify(app/api/v1) by extensions ['python_setup_py']
[0.397s] Level 1:colcon.colcon_core.package_identification:_identify(app/api/v1) by extension 'python_setup_py'
[0.397s] Level 1:colcon.colcon_core.package_identification:_identify(app/api/v1/__pycache__) by extensions ['ignore', 'ignore_ament_install']
[0.397s] Level 1:colcon.colcon_core.package_identification:_identify(app/api/v1/__pycache__) by extension 'ignore'
[0.397s] Level 1:colcon.colcon_core.package_identification:_identify(app/api/v1/__pycache__) by extension 'ignore_ament_install'
[0.397s] Level 1:colcon.colcon_core.package_identification:_identify(app/api/v1/__pycache__) by extensions ['colcon_pkg']
[0.397s] Level 1:colcon.colcon_core.package_identification:_identify(app/api/v1/__pycache__) by extension 'colcon_pkg'
[0.397s] Level 1:colcon.colcon_core.package_identification:_identify(app/api/v1/__pycache__) by extensions ['colcon_meta']
[0.397s] Level 1:colcon.colcon_core.package_identification:_identify(app/api/v1/__pycache__) by extension 'colcon_meta'
[0.397s] Level 1:colcon.colcon_core.package_identification:_identify(app/api/v1/__pycache__) by extensions ['ros']
[0.397s] Level 1:colcon.colcon_core.package_identification:_identify(app/api/v1/__pycache__) by extension 'ros'
[0.397s] Level 1:colcon.colcon_core.package_identification:_identify(app/api/v1/__pycache__) by extensions ['cmake', 'python']
[0.397s] Level 1:colcon.colcon_core.package_identification:_identify(app/api/v1/__pycache__) by extension 'cmake'
[0.397s] Level 1:colcon.colcon_core.package_identification:_identify(app/api/v1/__pycache__) by extension 'python'
[0.397s] Level 1:colcon.colcon_core.package_identification:_identify(app/api/v1/__pycache__) by extensions ['python_setup_py']
[0.397s] Level 1:colcon.colcon_core.package_identification:_identify(app/api/v1/__pycache__) by extension 'python_setup_py'
[0.397s] Level 1:colcon.colcon_core.package_identification:_identify(app/api/v1/routers) by extensions ['ignore', 'ignore_ament_install']
[0.398s] Level 1:colcon.colcon_core.package_identification:_identify(app/api/v1/routers) by extension 'ignore'
[0.398s] Level 1:colcon.colcon_core.package_identification:_identify(app/api/v1/routers) by extension 'ignore_ament_install'
[0.398s] Level 1:colcon.colcon_core.package_identification:_identify(app/api/v1/routers) by extensions ['colcon_pkg']
[0.398s] Level 1:colcon.colcon_core.package_identification:_identify(app/api/v1/routers) by extension 'colcon_pkg'
[0.398s] Level 1:colcon.colcon_core.package_identification:_identify(app/api/v1/routers) by extensions ['colcon_meta']
[0.398s] Level 1:colcon.colcon_core.package_identification:_identify(app/api/v1/routers) by extension 'colcon_meta'
[0.398s] Level 1:colcon.colcon_core.package_identification:_identify(app/api/v1/routers) by extensions ['ros']
[0.398s] Level 1:colcon.colcon_core.package_identification:_identify(app/api/v1/routers) by extension 'ros'
[0.398s] Level 1:colcon.colcon_core.package_identification:_identify(app/api/v1/routers) by extensions ['cmake', 'python']
[0.398s] Level 1:colcon.colcon_core.package_identification:_identify(app/api/v1/routers) by extension 'cmake'
[0.398s] Level 1:colcon.colcon_core.package_identification:_identify(app/api/v1/routers) by extension 'python'
[0.398s] Level 1:colcon.colcon_core.package_identification:_identify(app/api/v1/routers) by extensions ['python_setup_py']
[0.398s] Level 1:colcon.colcon_core.package_identification:_identify(app/api/v1/routers) by extension 'python_setup_py'
[0.398s] Level 1:colcon.colcon_core.package_identification:_identify(app/api/v1/routers/__pycache__) by extensions ['ignore', 'ignore_ament_install']
[0.398s] Level 1:colcon.colcon_core.package_identification:_identify(app/api/v1/routers/__pycache__) by extension 'ignore'
[0.398s] Level 1:colcon.colcon_core.package_identification:_identify(app/api/v1/routers/__pycache__) by extension 'ignore_ament_install'
[0.398s] Level 1:colcon.colcon_core.package_identification:_identify(app/api/v1/routers/__pycache__) by extensions ['colcon_pkg']
[0.398s] Level 1:colcon.colcon_core.package_identification:_identify(app/api/v1/routers/__pycache__) by extension 'colcon_pkg'
[0.398s] Level 1:colcon.colcon_core.package_identification:_identify(app/api/v1/routers/__pycache__) by extensions ['colcon_meta']
[0.398s] Level 1:colcon.colcon_core.package_identification:_identify(app/api/v1/routers/__pycache__) by extension 'colcon_meta'
[0.398s] Level 1:colcon.colcon_core.package_identification:_identify(app/api/v1/routers/__pycache__) by extensions ['ros']
[0.398s] Level 1:colcon.colcon_core.package_identification:_identify(app/api/v1/routers/__pycache__) by extension 'ros'
[0.398s] Level 1:colcon.colcon_core.package_identification:_identify(app/api/v1/routers/__pycache__) by extensions ['cmake', 'python']
[0.398s] Level 1:colcon.colcon_core.package_identification:_identify(app/api/v1/routers/__pycache__) by extension 'cmake'
[0.398s] Level 1:colcon.colcon_core.package_identification:_identify(app/api/v1/routers/__pycache__) by extension 'python'
[0.398s] Level 1:colcon.colcon_core.package_identification:_identify(app/api/v1/routers/__pycache__) by extensions ['python_setup_py']
[0.398s] Level 1:colcon.colcon_core.package_identification:_identify(app/api/v1/routers/__pycache__) by extension 'python_setup_py'
[0.398s] Level 1:colcon.colcon_core.package_identification:_identify(app/api/v1/websockets) by extensions ['ignore', 'ignore_ament_install']
[0.399s] Level 1:colcon.colcon_core.package_identification:_identify(app/api/v1/websockets) by extension 'ignore'
[0.399s] Level 1:colcon.colcon_core.package_identification:_identify(app/api/v1/websockets) by extension 'ignore_ament_install'
[0.399s] Level 1:colcon.colcon_core.package_identification:_identify(app/api/v1/websockets) by extensions ['colcon_pkg']
[0.399s] Level 1:colcon.colcon_core.package_identification:_identify(app/api/v1/websockets) by extension 'colcon_pkg'
[0.399s] Level 1:colcon.colcon_core.package_identification:_identify(app/api/v1/websockets) by extensions ['colcon_meta']
[0.399s] Level 1:colcon.colcon_core.package_identification:_identify(app/api/v1/websockets) by extension 'colcon_meta'
[0.399s] Level 1:colcon.colcon_core.package_identification:_identify(app/api/v1/websockets) by extensions ['ros']
[0.399s] Level 1:colcon.colcon_core.package_identification:_identify(app/api/v1/websockets) by extension 'ros'
[0.399s] Level 1:colcon.colcon_core.package_identification:_identify(app/api/v1/websockets) by extensions ['cmake', 'python']
[0.399s] Level 1:colcon.colcon_core.package_identification:_identify(app/api/v1/websockets) by extension 'cmake'
[0.399s] Level 1:colcon.colcon_core.package_identification:_identify(app/api/v1/websockets) by extension 'python'
[0.399s] Level 1:colcon.colcon_core.package_identification:_identify(app/api/v1/websockets) by extensions ['python_setup_py']
[0.399s] Level 1:colcon.colcon_core.package_identification:_identify(app/api/v1/websockets) by extension 'python_setup_py'
[0.399s] Level 1:colcon.colcon_core.package_identification:_identify(app/api/v1/websockets/__pycache__) by extensions ['ignore', 'ignore_ament_install']
[0.399s] Level 1:colcon.colcon_core.package_identification:_identify(app/api/v1/websockets/__pycache__) by extension 'ignore'
[0.399s] Level 1:colcon.colcon_core.package_identification:_identify(app/api/v1/websockets/__pycache__) by extension 'ignore_ament_install'
[0.399s] Level 1:colcon.colcon_core.package_identification:_identify(app/api/v1/websockets/__pycache__) by extensions ['colcon_pkg']
[0.399s] Level 1:colcon.colcon_core.package_identification:_identify(app/api/v1/websockets/__pycache__) by extension 'colcon_pkg'
[0.399s] Level 1:colcon.colcon_core.package_identification:_identify(app/api/v1/websockets/__pycache__) by extensions ['colcon_meta']
[0.399s] Level 1:colcon.colcon_core.package_identification:_identify(app/api/v1/websockets/__pycache__) by extension 'colcon_meta'
[0.399s] Level 1:colcon.colcon_core.package_identification:_identify(app/api/v1/websockets/__pycache__) by extensions ['ros']
[0.399s] Level 1:colcon.colcon_core.package_identification:_identify(app/api/v1/websockets/__pycache__) by extension 'ros'
[0.399s] Level 1:colcon.colcon_core.package_identification:_identify(app/api/v1/websockets/__pycache__) by extensions ['cmake', 'python']
[0.399s] Level 1:colcon.colcon_core.package_identification:_identify(app/api/v1/websockets/__pycache__) by extension 'cmake'
[0.399s] Level 1:colcon.colcon_core.package_identification:_identify(app/api/v1/websockets/__pycache__) by extension 'python'
[0.399s] Level 1:colcon.colcon_core.package_identification:_identify(app/api/v1/websockets/__pycache__) by extensions ['python_setup_py']
[0.399s] Level 1:colcon.colcon_core.package_identification:_identify(app/api/v1/websockets/__pycache__) by extension 'python_setup_py'
[0.399s] Level 1:colcon.colcon_core.package_identification:_identify(app/api/v1/websockets/ros2_channels) by extensions ['ignore', 'ignore_ament_install']
[0.400s] Level 1:colcon.colcon_core.package_identification:_identify(app/api/v1/websockets/ros2_channels) by extension 'ignore'
[0.400s] Level 1:colcon.colcon_core.package_identification:_identify(app/api/v1/websockets/ros2_channels) by extension 'ignore_ament_install'
[0.400s] Level 1:colcon.colcon_core.package_identification:_identify(app/api/v1/websockets/ros2_channels) by extensions ['colcon_pkg']
[0.400s] Level 1:colcon.colcon_core.package_identification:_identify(app/api/v1/websockets/ros2_channels) by extension 'colcon_pkg'
[0.400s] Level 1:colcon.colcon_core.package_identification:_identify(app/api/v1/websockets/ros2_channels) by extensions ['colcon_meta']
[0.400s] Level 1:colcon.colcon_core.package_identification:_identify(app/api/v1/websockets/ros2_channels) by extension 'colcon_meta'
[0.400s] Level 1:colcon.colcon_core.package_identification:_identify(app/api/v1/websockets/ros2_channels) by extensions ['ros']
[0.400s] Level 1:colcon.colcon_core.package_identification:_identify(app/api/v1/websockets/ros2_channels) by extension 'ros'
[0.400s] Level 1:colcon.colcon_core.package_identification:_identify(app/api/v1/websockets/ros2_channels) by extensions ['cmake', 'python']
[0.400s] Level 1:colcon.colcon_core.package_identification:_identify(app/api/v1/websockets/ros2_channels) by extension 'cmake'
[0.400s] Level 1:colcon.colcon_core.package_identification:_identify(app/api/v1/websockets/ros2_channels) by extension 'python'
[0.400s] Level 1:colcon.colcon_core.package_identification:_identify(app/api/v1/websockets/ros2_channels) by extensions ['python_setup_py']
[0.400s] Level 1:colcon.colcon_core.package_identification:_identify(app/api/v1/websockets/ros2_channels) by extension 'python_setup_py'
[0.400s] Level 1:colcon.colcon_core.package_identification:_identify(app/api/v1/websockets/ros2_channels/__pycache__) by extensions ['ignore', 'ignore_ament_install']
[0.400s] Level 1:colcon.colcon_core.package_identification:_identify(app/api/v1/websockets/ros2_channels/__pycache__) by extension 'ignore'
[0.400s] Level 1:colcon.colcon_core.package_identification:_identify(app/api/v1/websockets/ros2_channels/__pycache__) by extension 'ignore_ament_install'
[0.400s] Level 1:colcon.colcon_core.package_identification:_identify(app/api/v1/websockets/ros2_channels/__pycache__) by extensions ['colcon_pkg']
[0.400s] Level 1:colcon.colcon_core.package_identification:_identify(app/api/v1/websockets/ros2_channels/__pycache__) by extension 'colcon_pkg'
[0.400s] Level 1:colcon.colcon_core.package_identification:_identify(app/api/v1/websockets/ros2_channels/__pycache__) by extensions ['colcon_meta']
[0.400s] Level 1:colcon.colcon_core.package_identification:_identify(app/api/v1/websockets/ros2_channels/__pycache__) by extension 'colcon_meta'
[0.400s] Level 1:colcon.colcon_core.package_identification:_identify(app/api/v1/websockets/ros2_channels/__pycache__) by extensions ['ros']
[0.400s] Level 1:colcon.colcon_core.package_identification:_identify(app/api/v1/websockets/ros2_channels/__pycache__) by extension 'ros'
[0.401s] Level 1:colcon.colcon_core.package_identification:_identify(app/api/v1/websockets/ros2_channels/__pycache__) by extensions ['cmake', 'python']
[0.401s] Level 1:colcon.colcon_core.package_identification:_identify(app/api/v1/websockets/ros2_channels/__pycache__) by extension 'cmake'
[0.401s] Level 1:colcon.colcon_core.package_identification:_identify(app/api/v1/websockets/ros2_channels/__pycache__) by extension 'python'
[0.401s] Level 1:colcon.colcon_core.package_identification:_identify(app/api/v1/websockets/ros2_channels/__pycache__) by extensions ['python_setup_py']
[0.401s] Level 1:colcon.colcon_core.package_identification:_identify(app/api/v1/websockets/ros2_channels/__pycache__) by extension 'python_setup_py'
[0.401s] Level 1:colcon.colcon_core.package_identification:_identify(app/config) by extensions ['ignore', 'ignore_ament_install']
[0.401s] Level 1:colcon.colcon_core.package_identification:_identify(app/config) by extension 'ignore'
[0.401s] Level 1:colcon.colcon_core.package_identification:_identify(app/config) by extension 'ignore_ament_install'
[0.401s] Level 1:colcon.colcon_core.package_identification:_identify(app/config) by extensions ['colcon_pkg']
[0.401s] Level 1:colcon.colcon_core.package_identification:_identify(app/config) by extension 'colcon_pkg'
[0.401s] Level 1:colcon.colcon_core.package_identification:_identify(app/config) by extensions ['colcon_meta']
[0.401s] Level 1:colcon.colcon_core.package_identification:_identify(app/config) by extension 'colcon_meta'
[0.401s] Level 1:colcon.colcon_core.package_identification:_identify(app/config) by extensions ['ros']
[0.401s] Level 1:colcon.colcon_core.package_identification:_identify(app/config) by extension 'ros'
[0.401s] Level 1:colcon.colcon_core.package_identification:_identify(app/config) by extensions ['cmake', 'python']
[0.401s] Level 1:colcon.colcon_core.package_identification:_identify(app/config) by extension 'cmake'
[0.401s] Level 1:colcon.colcon_core.package_identification:_identify(app/config) by extension 'python'
[0.401s] Level 1:colcon.colcon_core.package_identification:_identify(app/config) by extensions ['python_setup_py']
[0.401s] Level 1:colcon.colcon_core.package_identification:_identify(app/config) by extension 'python_setup_py'
[0.401s] Level 1:colcon.colcon_core.package_identification:_identify(app/core) by extensions ['ignore', 'ignore_ament_install']
[0.401s] Level 1:colcon.colcon_core.package_identification:_identify(app/core) by extension 'ignore'
[0.401s] Level 1:colcon.colcon_core.package_identification:_identify(app/core) by extension 'ignore_ament_install'
[0.401s] Level 1:colcon.colcon_core.package_identification:_identify(app/core) by extensions ['colcon_pkg']
[0.401s] Level 1:colcon.colcon_core.package_identification:_identify(app/core) by extension 'colcon_pkg'
[0.402s] Level 1:colcon.colcon_core.package_identification:_identify(app/core) by extensions ['colcon_meta']
[0.402s] Level 1:colcon.colcon_core.package_identification:_identify(app/core) by extension 'colcon_meta'
[0.402s] Level 1:colcon.colcon_core.package_identification:_identify(app/core) by extensions ['ros']
[0.402s] Level 1:colcon.colcon_core.package_identification:_identify(app/core) by extension 'ros'
[0.402s] Level 1:colcon.colcon_core.package_identification:_identify(app/core) by extensions ['cmake', 'python']
[0.402s] Level 1:colcon.colcon_core.package_identification:_identify(app/core) by extension 'cmake'
[0.402s] Level 1:colcon.colcon_core.package_identification:_identify(app/core) by extension 'python'
[0.402s] Level 1:colcon.colcon_core.package_identification:_identify(app/core) by extensions ['python_setup_py']
[0.402s] Level 1:colcon.colcon_core.package_identification:_identify(app/core) by extension 'python_setup_py'
[0.402s] Level 1:colcon.colcon_core.package_identification:_identify(app/core/__pycache__) by extensions ['ignore', 'ignore_ament_install']
[0.402s] Level 1:colcon.colcon_core.package_identification:_identify(app/core/__pycache__) by extension 'ignore'
[0.402s] Level 1:colcon.colcon_core.package_identification:_identify(app/core/__pycache__) by extension 'ignore_ament_install'
[0.402s] Level 1:colcon.colcon_core.package_identification:_identify(app/core/__pycache__) by extensions ['colcon_pkg']
[0.402s] Level 1:colcon.colcon_core.package_identification:_identify(app/core/__pycache__) by extension 'colcon_pkg'
[0.402s] Level 1:colcon.colcon_core.package_identification:_identify(app/core/__pycache__) by extensions ['colcon_meta']
[0.402s] Level 1:colcon.colcon_core.package_identification:_identify(app/core/__pycache__) by extension 'colcon_meta'
[0.402s] Level 1:colcon.colcon_core.package_identification:_identify(app/core/__pycache__) by extensions ['ros']
[0.402s] Level 1:colcon.colcon_core.package_identification:_identify(app/core/__pycache__) by extension 'ros'
[0.402s] Level 1:colcon.colcon_core.package_identification:_identify(app/core/__pycache__) by extensions ['cmake', 'python']
[0.402s] Level 1:colcon.colcon_core.package_identification:_identify(app/core/__pycache__) by extension 'cmake'
[0.402s] Level 1:colcon.colcon_core.package_identification:_identify(app/core/__pycache__) by extension 'python'
[0.402s] Level 1:colcon.colcon_core.package_identification:_identify(app/core/__pycache__) by extensions ['python_setup_py']
[0.402s] Level 1:colcon.colcon_core.package_identification:_identify(app/core/__pycache__) by extension 'python_setup_py'
[0.402s] Level 1:colcon.colcon_core.package_identification:_identify(app/core/models) by extensions ['ignore', 'ignore_ament_install']
[0.402s] Level 1:colcon.colcon_core.package_identification:_identify(app/core/models) by extension 'ignore'
[0.402s] Level 1:colcon.colcon_core.package_identification:_identify(app/core/models) by extension 'ignore_ament_install'
[0.403s] Level 1:colcon.colcon_core.package_identification:_identify(app/core/models) by extensions ['colcon_pkg']
[0.403s] Level 1:colcon.colcon_core.package_identification:_identify(app/core/models) by extension 'colcon_pkg'
[0.403s] Level 1:colcon.colcon_core.package_identification:_identify(app/core/models) by extensions ['colcon_meta']
[0.403s] Level 1:colcon.colcon_core.package_identification:_identify(app/core/models) by extension 'colcon_meta'
[0.403s] Level 1:colcon.colcon_core.package_identification:_identify(app/core/models) by extensions ['ros']
[0.403s] Level 1:colcon.colcon_core.package_identification:_identify(app/core/models) by extension 'ros'
[0.403s] Level 1:colcon.colcon_core.package_identification:_identify(app/core/models) by extensions ['cmake', 'python']
[0.403s] Level 1:colcon.colcon_core.package_identification:_identify(app/core/models) by extension 'cmake'
[0.403s] Level 1:colcon.colcon_core.package_identification:_identify(app/core/models) by extension 'python'
[0.403s] Level 1:colcon.colcon_core.package_identification:_identify(app/core/models) by extensions ['python_setup_py']
[0.403s] Level 1:colcon.colcon_core.package_identification:_identify(app/core/models) by extension 'python_setup_py'
[0.403s] Level 1:colcon.colcon_core.package_identification:_identify(app/core/scripts) by extensions ['ignore', 'ignore_ament_install']
[0.403s] Level 1:colcon.colcon_core.package_identification:_identify(app/core/scripts) by extension 'ignore'
[0.403s] Level 1:colcon.colcon_core.package_identification:_identify(app/core/scripts) by extension 'ignore_ament_install'
[0.403s] Level 1:colcon.colcon_core.package_identification:_identify(app/core/scripts) by extensions ['colcon_pkg']
[0.403s] Level 1:colcon.colcon_core.package_identification:_identify(app/core/scripts) by extension 'colcon_pkg'
[0.403s] Level 1:colcon.colcon_core.package_identification:_identify(app/core/scripts) by extensions ['colcon_meta']
[0.403s] Level 1:colcon.colcon_core.package_identification:_identify(app/core/scripts) by extension 'colcon_meta'
[0.403s] Level 1:colcon.colcon_core.package_identification:_identify(app/core/scripts) by extensions ['ros']
[0.403s] Level 1:colcon.colcon_core.package_identification:_identify(app/core/scripts) by extension 'ros'
[0.403s] Level 1:colcon.colcon_core.package_identification:_identify(app/core/scripts) by extensions ['cmake', 'python']
[0.403s] Level 1:colcon.colcon_core.package_identification:_identify(app/core/scripts) by extension 'cmake'
[0.403s] Level 1:colcon.colcon_core.package_identification:_identify(app/core/scripts) by extension 'python'
[0.403s] Level 1:colcon.colcon_core.package_identification:_identify(app/core/scripts) by extensions ['python_setup_py']
[0.403s] Level 1:colcon.colcon_core.package_identification:_identify(app/core/scripts) by extension 'python_setup_py'
[0.403s] Level 1:colcon.colcon_core.package_identification:_identify(app/core/services) by extensions ['ignore', 'ignore_ament_install']
[0.403s] Level 1:colcon.colcon_core.package_identification:_identify(app/core/services) by extension 'ignore'
[0.404s] Level 1:colcon.colcon_core.package_identification:_identify(app/core/services) by extension 'ignore_ament_install'
[0.404s] Level 1:colcon.colcon_core.package_identification:_identify(app/core/services) by extensions ['colcon_pkg']
[0.404s] Level 1:colcon.colcon_core.package_identification:_identify(app/core/services) by extension 'colcon_pkg'
[0.404s] Level 1:colcon.colcon_core.package_identification:_identify(app/core/services) by extensions ['colcon_meta']
[0.404s] Level 1:colcon.colcon_core.package_identification:_identify(app/core/services) by extension 'colcon_meta'
[0.404s] Level 1:colcon.colcon_core.package_identification:_identify(app/core/services) by extensions ['ros']
[0.404s] Level 1:colcon.colcon_core.package_identification:_identify(app/core/services) by extension 'ros'
[0.404s] Level 1:colcon.colcon_core.package_identification:_identify(app/core/services) by extensions ['cmake', 'python']
[0.404s] Level 1:colcon.colcon_core.package_identification:_identify(app/core/services) by extension 'cmake'
[0.404s] Level 1:colcon.colcon_core.package_identification:_identify(app/core/services) by extension 'python'
[0.404s] Level 1:colcon.colcon_core.package_identification:_identify(app/core/services) by extensions ['python_setup_py']
[0.404s] Level 1:colcon.colcon_core.package_identification:_identify(app/core/services) by extension 'python_setup_py'
[0.404s] Level 1:colcon.colcon_core.package_identification:_identify(app/core/services/__pycache__) by extensions ['ignore', 'ignore_ament_install']
[0.404s] Level 1:colcon.colcon_core.package_identification:_identify(app/core/services/__pycache__) by extension 'ignore'
[0.404s] Level 1:colcon.colcon_core.package_identification:_identify(app/core/services/__pycache__) by extension 'ignore_ament_install'
[0.404s] Level 1:colcon.colcon_core.package_identification:_identify(app/core/services/__pycache__) by extensions ['colcon_pkg']
[0.404s] Level 1:colcon.colcon_core.package_identification:_identify(app/core/services/__pycache__) by extension 'colcon_pkg'
[0.404s] Level 1:colcon.colcon_core.package_identification:_identify(app/core/services/__pycache__) by extensions ['colcon_meta']
[0.404s] Level 1:colcon.colcon_core.package_identification:_identify(app/core/services/__pycache__) by extension 'colcon_meta'
[0.404s] Level 1:colcon.colcon_core.package_identification:_identify(app/core/services/__pycache__) by extensions ['ros']
[0.404s] Level 1:colcon.colcon_core.package_identification:_identify(app/core/services/__pycache__) by extension 'ros'
[0.404s] Level 1:colcon.colcon_core.package_identification:_identify(app/core/services/__pycache__) by extensions ['cmake', 'python']
[0.404s] Level 1:colcon.colcon_core.package_identification:_identify(app/core/services/__pycache__) by extension 'cmake'
[0.404s] Level 1:colcon.colcon_core.package_identification:_identify(app/core/services/__pycache__) by extension 'python'
[0.404s] Level 1:colcon.colcon_core.package_identification:_identify(app/core/services/__pycache__) by extensions ['python_setup_py']
[0.404s] Level 1:colcon.colcon_core.package_identification:_identify(app/core/services/__pycache__) by extension 'python_setup_py'
[0.404s] Level 1:colcon.colcon_core.package_identification:_identify(app/core/services/llm) by extensions ['ignore', 'ignore_ament_install']
[0.405s] Level 1:colcon.colcon_core.package_identification:_identify(app/core/services/llm) by extension 'ignore'
[0.405s] Level 1:colcon.colcon_core.package_identification:_identify(app/core/services/llm) by extension 'ignore_ament_install'
[0.405s] Level 1:colcon.colcon_core.package_identification:_identify(app/core/services/llm) by extensions ['colcon_pkg']
[0.405s] Level 1:colcon.colcon_core.package_identification:_identify(app/core/services/llm) by extension 'colcon_pkg'
[0.405s] Level 1:colcon.colcon_core.package_identification:_identify(app/core/services/llm) by extensions ['colcon_meta']
[0.405s] Level 1:colcon.colcon_core.package_identification:_identify(app/core/services/llm) by extension 'colcon_meta'
[0.405s] Level 1:colcon.colcon_core.package_identification:_identify(app/core/services/llm) by extensions ['ros']
[0.405s] Level 1:colcon.colcon_core.package_identification:_identify(app/core/services/llm) by extension 'ros'
[0.405s] Level 1:colcon.colcon_core.package_identification:_identify(app/core/services/llm) by extensions ['cmake', 'python']
[0.405s] Level 1:colcon.colcon_core.package_identification:_identify(app/core/services/llm) by extension 'cmake'
[0.405s] Level 1:colcon.colcon_core.package_identification:_identify(app/core/services/llm) by extension 'python'
[0.405s] Level 1:colcon.colcon_core.package_identification:_identify(app/core/services/llm) by extensions ['python_setup_py']
[0.405s] Level 1:colcon.colcon_core.package_identification:_identify(app/core/services/llm) by extension 'python_setup_py'
[0.405s] Level 1:colcon.colcon_core.package_identification:_identify(app/core/services/llm/__pycache__) by extensions ['ignore', 'ignore_ament_install']
[0.405s] Level 1:colcon.colcon_core.package_identification:_identify(app/core/services/llm/__pycache__) by extension 'ignore'
[0.405s] Level 1:colcon.colcon_core.package_identification:_identify(app/core/services/llm/__pycache__) by extension 'ignore_ament_install'
[0.405s] Level 1:colcon.colcon_core.package_identification:_identify(app/core/services/llm/__pycache__) by extensions ['colcon_pkg']
[0.405s] Level 1:colcon.colcon_core.package_identification:_identify(app/core/services/llm/__pycache__) by extension 'colcon_pkg'
[0.405s] Level 1:colcon.colcon_core.package_identification:_identify(app/core/services/llm/__pycache__) by extensions ['colcon_meta']
[0.405s] Level 1:colcon.colcon_core.package_identification:_identify(app/core/services/llm/__pycache__) by extension 'colcon_meta'
[0.405s] Level 1:colcon.colcon_core.package_identification:_identify(app/core/services/llm/__pycache__) by extensions ['ros']
[0.405s] Level 1:colcon.colcon_core.package_identification:_identify(app/core/services/llm/__pycache__) by extension 'ros'
[0.405s] Level 1:colcon.colcon_core.package_identification:_identify(app/core/services/llm/__pycache__) by extensions ['cmake', 'python']
[0.405s] Level 1:colcon.colcon_core.package_identification:_identify(app/core/services/llm/__pycache__) by extension 'cmake'
[0.405s] Level 1:colcon.colcon_core.package_identification:_identify(app/core/services/llm/__pycache__) by extension 'python'
[0.405s] Level 1:colcon.colcon_core.package_identification:_identify(app/core/services/llm/__pycache__) by extensions ['python_setup_py']
[0.405s] Level 1:colcon.colcon_core.package_identification:_identify(app/core/services/llm/__pycache__) by extension 'python_setup_py'
[0.406s] Level 1:colcon.colcon_core.package_identification:_identify(app/core/services/telemetry) by extensions ['ignore', 'ignore_ament_install']
[0.406s] Level 1:colcon.colcon_core.package_identification:_identify(app/core/services/telemetry) by extension 'ignore'
[0.406s] Level 1:colcon.colcon_core.package_identification:_identify(app/core/services/telemetry) by extension 'ignore_ament_install'
[0.406s] Level 1:colcon.colcon_core.package_identification:_identify(app/core/services/telemetry) by extensions ['colcon_pkg']
[0.406s] Level 1:colcon.colcon_core.package_identification:_identify(app/core/services/telemetry) by extension 'colcon_pkg'
[0.406s] Level 1:colcon.colcon_core.package_identification:_identify(app/core/services/telemetry) by extensions ['colcon_meta']
[0.406s] Level 1:colcon.colcon_core.package_identification:_identify(app/core/services/telemetry) by extension 'colcon_meta'
[0.406s] Level 1:colcon.colcon_core.package_identification:_identify(app/core/services/telemetry) by extensions ['ros']
[0.406s] Level 1:colcon.colcon_core.package_identification:_identify(app/core/services/telemetry) by extension 'ros'
[0.406s] Level 1:colcon.colcon_core.package_identification:_identify(app/core/services/telemetry) by extensions ['cmake', 'python']
[0.406s] Level 1:colcon.colcon_core.package_identification:_identify(app/core/services/telemetry) by extension 'cmake'
[0.406s] Level 1:colcon.colcon_core.package_identification:_identify(app/core/services/telemetry) by extension 'python'
[0.406s] Level 1:colcon.colcon_core.package_identification:_identify(app/core/services/telemetry) by extensions ['python_setup_py']
[0.406s] Level 1:colcon.colcon_core.package_identification:_identify(app/core/services/telemetry) by extension 'python_setup_py'
[0.406s] Level 1:colcon.colcon_core.package_identification:_identify(app/core/services/telemetry/__pycache__) by extensions ['ignore', 'ignore_ament_install']
[0.406s] Level 1:colcon.colcon_core.package_identification:_identify(app/core/services/telemetry/__pycache__) by extension 'ignore'
[0.406s] Level 1:colcon.colcon_core.package_identification:_identify(app/core/services/telemetry/__pycache__) by extension 'ignore_ament_install'
[0.406s] Level 1:colcon.colcon_core.package_identification:_identify(app/core/services/telemetry/__pycache__) by extensions ['colcon_pkg']
[0.406s] Level 1:colcon.colcon_core.package_identification:_identify(app/core/services/telemetry/__pycache__) by extension 'colcon_pkg'
[0.406s] Level 1:colcon.colcon_core.package_identification:_identify(app/core/services/telemetry/__pycache__) by extensions ['colcon_meta']
[0.406s] Level 1:colcon.colcon_core.package_identification:_identify(app/core/services/telemetry/__pycache__) by extension 'colcon_meta'
[0.406s] Level 1:colcon.colcon_core.package_identification:_identify(app/core/services/telemetry/__pycache__) by extensions ['ros']
[0.406s] Level 1:colcon.colcon_core.package_identification:_identify(app/core/services/telemetry/__pycache__) by extension 'ros'
[0.406s] Level 1:colcon.colcon_core.package_identification:_identify(app/core/services/telemetry/__pycache__) by extensions ['cmake', 'python']
[0.406s] Level 1:colcon.colcon_core.package_identification:_identify(app/core/services/telemetry/__pycache__) by extension 'cmake'
[0.406s] Level 1:colcon.colcon_core.package_identification:_identify(app/core/services/telemetry/__pycache__) by extension 'python'
[0.406s] Level 1:colcon.colcon_core.package_identification:_identify(app/core/services/telemetry/__pycache__) by extensions ['python_setup_py']
[0.406s] Level 1:colcon.colcon_core.package_identification:_identify(app/core/services/telemetry/__pycache__) by extension 'python_setup_py'
[0.407s] Level 1:colcon.colcon_core.package_identification:_identify(app/frontend) by extensions ['ignore', 'ignore_ament_install']
[0.407s] Level 1:colcon.colcon_core.package_identification:_identify(app/frontend) by extension 'ignore'
[0.407s] Level 1:colcon.colcon_core.package_identification:_identify(app/frontend) by extension 'ignore_ament_install'
[0.407s] Level 1:colcon.colcon_core.package_identification:_identify(app/frontend) by extensions ['colcon_pkg']
[0.407s] Level 1:colcon.colcon_core.package_identification:_identify(app/frontend) by extension 'colcon_pkg'
[0.407s] Level 1:colcon.colcon_core.package_identification:_identify(app/frontend) by extensions ['colcon_meta']
[0.407s] Level 1:colcon.colcon_core.package_identification:_identify(app/frontend) by extension 'colcon_meta'
[0.407s] Level 1:colcon.colcon_core.package_identification:_identify(app/frontend) by extensions ['ros']
[0.407s] Level 1:colcon.colcon_core.package_identification:_identify(app/frontend) by extension 'ros'
[0.407s] Level 1:colcon.colcon_core.package_identification:_identify(app/frontend) by extensions ['cmake', 'python']
[0.407s] Level 1:colcon.colcon_core.package_identification:_identify(app/frontend) by extension 'cmake'
[0.407s] Level 1:colcon.colcon_core.package_identification:_identify(app/frontend) by extension 'python'
[0.407s] Level 1:colcon.colcon_core.package_identification:_identify(app/frontend) by extensions ['python_setup_py']
[0.407s] Level 1:colcon.colcon_core.package_identification:_identify(app/frontend) by extension 'python_setup_py'
[0.407s] Level 1:colcon.colcon_core.package_identification:_identify(app/frontend/public) by extensions ['ignore', 'ignore_ament_install']
[0.407s] Level 1:colcon.colcon_core.package_identification:_identify(app/frontend/public) by extension 'ignore'
[0.407s] Level 1:colcon.colcon_core.package_identification:_identify(app/frontend/public) by extension 'ignore_ament_install'
[0.407s] Level 1:colcon.colcon_core.package_identification:_identify(app/frontend/public) by extensions ['colcon_pkg']
[0.407s] Level 1:colcon.colcon_core.package_identification:_identify(app/frontend/public) by extension 'colcon_pkg'
[0.407s] Level 1:colcon.colcon_core.package_identification:_identify(app/frontend/public) by extensions ['colcon_meta']
[0.407s] Level 1:colcon.colcon_core.package_identification:_identify(app/frontend/public) by extension 'colcon_meta'
[0.407s] Level 1:colcon.colcon_core.package_identification:_identify(app/frontend/public) by extensions ['ros']
[0.407s] Level 1:colcon.colcon_core.package_identification:_identify(app/frontend/public) by extension 'ros'
[0.407s] Level 1:colcon.colcon_core.package_identification:_identify(app/frontend/public) by extensions ['cmake', 'python']
[0.407s] Level 1:colcon.colcon_core.package_identification:_identify(app/frontend/public) by extension 'cmake'
[0.407s] Level 1:colcon.colcon_core.package_identification:_identify(app/frontend/public) by extension 'python'
[0.407s] Level 1:colcon.colcon_core.package_identification:_identify(app/frontend/public) by extensions ['python_setup_py']
[0.407s] Level 1:colcon.colcon_core.package_identification:_identify(app/frontend/public) by extension 'python_setup_py'
[0.408s] Level 1:colcon.colcon_core.package_identification:_identify(app/harness) by extensions ['ignore', 'ignore_ament_install']
[0.408s] Level 1:colcon.colcon_core.package_identification:_identify(app/harness) by extension 'ignore'
[0.408s] Level 1:colcon.colcon_core.package_identification:_identify(app/harness) by extension 'ignore_ament_install'
[0.408s] Level 1:colcon.colcon_core.package_identification:_identify(app/harness) by extensions ['colcon_pkg']
[0.408s] Level 1:colcon.colcon_core.package_identification:_identify(app/harness) by extension 'colcon_pkg'
[0.408s] Level 1:colcon.colcon_core.package_identification:_identify(app/harness) by extensions ['colcon_meta']
[0.408s] Level 1:colcon.colcon_core.package_identification:_identify(app/harness) by extension 'colcon_meta'
[0.408s] Level 1:colcon.colcon_core.package_identification:_identify(app/harness) by extensions ['ros']
[0.408s] Level 1:colcon.colcon_core.package_identification:_identify(app/harness) by extension 'ros'
[0.408s] Level 1:colcon.colcon_core.package_identification:_identify(app/harness) by extensions ['cmake', 'python']
[0.408s] Level 1:colcon.colcon_core.package_identification:_identify(app/harness) by extension 'cmake'
[0.408s] Level 1:colcon.colcon_core.package_identification:_identify(app/harness) by extension 'python'
[0.408s] Level 1:colcon.colcon_core.package_identification:_identify(app/harness) by extensions ['python_setup_py']
[0.408s] Level 1:colcon.colcon_core.package_identification:_identify(app/harness) by extension 'python_setup_py'
[0.408s] Level 1:colcon.colcon_core.package_identification:_identify(app/harness/__pycache__) by extensions ['ignore', 'ignore_ament_install']
[0.408s] Level 1:colcon.colcon_core.package_identification:_identify(app/harness/__pycache__) by extension 'ignore'
[0.408s] Level 1:colcon.colcon_core.package_identification:_identify(app/harness/__pycache__) by extension 'ignore_ament_install'
[0.408s] Level 1:colcon.colcon_core.package_identification:_identify(app/harness/__pycache__) by extensions ['colcon_pkg']
[0.408s] Level 1:colcon.colcon_core.package_identification:_identify(app/harness/__pycache__) by extension 'colcon_pkg'
[0.408s] Level 1:colcon.colcon_core.package_identification:_identify(app/harness/__pycache__) by extensions ['colcon_meta']
[0.408s] Level 1:colcon.colcon_core.package_identification:_identify(app/harness/__pycache__) by extension 'colcon_meta'
[0.408s] Level 1:colcon.colcon_core.package_identification:_identify(app/harness/__pycache__) by extensions ['ros']
[0.408s] Level 1:colcon.colcon_core.package_identification:_identify(app/harness/__pycache__) by extension 'ros'
[0.408s] Level 1:colcon.colcon_core.package_identification:_identify(app/harness/__pycache__) by extensions ['cmake', 'python']
[0.408s] Level 1:colcon.colcon_core.package_identification:_identify(app/harness/__pycache__) by extension 'cmake'
[0.408s] Level 1:colcon.colcon_core.package_identification:_identify(app/harness/__pycache__) by extension 'python'
[0.408s] Level 1:colcon.colcon_core.package_identification:_identify(app/harness/__pycache__) by extensions ['python_setup_py']
[0.408s] Level 1:colcon.colcon_core.package_identification:_identify(app/harness/__pycache__) by extension 'python_setup_py'
[0.408s] Level 1:colcon.colcon_core.package_identification:_identify(app/harness/agent) by extensions ['ignore', 'ignore_ament_install']
[0.409s] Level 1:colcon.colcon_core.package_identification:_identify(app/harness/agent) by extension 'ignore'
[0.409s] Level 1:colcon.colcon_core.package_identification:_identify(app/harness/agent) by extension 'ignore_ament_install'
[0.409s] Level 1:colcon.colcon_core.package_identification:_identify(app/harness/agent) by extensions ['colcon_pkg']
[0.409s] Level 1:colcon.colcon_core.package_identification:_identify(app/harness/agent) by extension 'colcon_pkg'
[0.409s] Level 1:colcon.colcon_core.package_identification:_identify(app/harness/agent) by extensions ['colcon_meta']
[0.409s] Level 1:colcon.colcon_core.package_identification:_identify(app/harness/agent) by extension 'colcon_meta'
[0.409s] Level 1:colcon.colcon_core.package_identification:_identify(app/harness/agent) by extensions ['ros']
[0.409s] Level 1:colcon.colcon_core.package_identification:_identify(app/harness/agent) by extension 'ros'
[0.409s] Level 1:colcon.colcon_core.package_identification:_identify(app/harness/agent) by extensions ['cmake', 'python']
[0.409s] Level 1:colcon.colcon_core.package_identification:_identify(app/harness/agent) by extension 'cmake'
[0.409s] Level 1:colcon.colcon_core.package_identification:_identify(app/harness/agent) by extension 'python'
[0.409s] Level 1:colcon.colcon_core.package_identification:_identify(app/harness/agent) by extensions ['python_setup_py']
[0.409s] Level 1:colcon.colcon_core.package_identification:_identify(app/harness/agent) by extension 'python_setup_py'
[0.409s] Level 1:colcon.colcon_core.package_identification:_identify(app/harness/clients) by extensions ['ignore', 'ignore_ament_install']
[0.409s] Level 1:colcon.colcon_core.package_identification:_identify(app/harness/clients) by extension 'ignore'
[0.409s] Level 1:colcon.colcon_core.package_identification:_identify(app/harness/clients) by extension 'ignore_ament_install'
[0.409s] Level 1:colcon.colcon_core.package_identification:_identify(app/harness/clients) by extensions ['colcon_pkg']
[0.409s] Level 1:colcon.colcon_core.package_identification:_identify(app/harness/clients) by extension 'colcon_pkg'
[0.409s] Level 1:colcon.colcon_core.package_identification:_identify(app/harness/clients) by extensions ['colcon_meta']
[0.409s] Level 1:colcon.colcon_core.package_identification:_identify(app/harness/clients) by extension 'colcon_meta'
[0.409s] Level 1:colcon.colcon_core.package_identification:_identify(app/harness/clients) by extensions ['ros']
[0.409s] Level 1:colcon.colcon_core.package_identification:_identify(app/harness/clients) by extension 'ros'
[0.409s] Level 1:colcon.colcon_core.package_identification:_identify(app/harness/clients) by extensions ['cmake', 'python']
[0.409s] Level 1:colcon.colcon_core.package_identification:_identify(app/harness/clients) by extension 'cmake'
[0.409s] Level 1:colcon.colcon_core.package_identification:_identify(app/harness/clients) by extension 'python'
[0.409s] Level 1:colcon.colcon_core.package_identification:_identify(app/harness/clients) by extensions ['python_setup_py']
[0.409s] Level 1:colcon.colcon_core.package_identification:_identify(app/harness/clients) by extension 'python_setup_py'
[0.409s] Level 1:colcon.colcon_core.package_identification:_identify(app/harness/clients/__pycache__) by extensions ['ignore', 'ignore_ament_install']
[0.409s] Level 1:colcon.colcon_core.package_identification:_identify(app/harness/clients/__pycache__) by extension 'ignore'
[0.410s] Level 1:colcon.colcon_core.package_identification:_identify(app/harness/clients/__pycache__) by extension 'ignore_ament_install'
[0.410s] Level 1:colcon.colcon_core.package_identification:_identify(app/harness/clients/__pycache__) by extensions ['colcon_pkg']
[0.410s] Level 1:colcon.colcon_core.package_identification:_identify(app/harness/clients/__pycache__) by extension 'colcon_pkg'
[0.410s] Level 1:colcon.colcon_core.package_identification:_identify(app/harness/clients/__pycache__) by extensions ['colcon_meta']
[0.410s] Level 1:colcon.colcon_core.package_identification:_identify(app/harness/clients/__pycache__) by extension 'colcon_meta'
[0.410s] Level 1:colcon.colcon_core.package_identification:_identify(app/harness/clients/__pycache__) by extensions ['ros']
[0.410s] Level 1:colcon.colcon_core.package_identification:_identify(app/harness/clients/__pycache__) by extension 'ros'
[0.410s] Level 1:colcon.colcon_core.package_identification:_identify(app/harness/clients/__pycache__) by extensions ['cmake', 'python']
[0.410s] Level 1:colcon.colcon_core.package_identification:_identify(app/harness/clients/__pycache__) by extension 'cmake'
[0.410s] Level 1:colcon.colcon_core.package_identification:_identify(app/harness/clients/__pycache__) by extension 'python'
[0.410s] Level 1:colcon.colcon_core.package_identification:_identify(app/harness/clients/__pycache__) by extensions ['python_setup_py']
[0.410s] Level 1:colcon.colcon_core.package_identification:_identify(app/harness/clients/__pycache__) by extension 'python_setup_py'
[0.410s] Level 1:colcon.colcon_core.package_identification:_identify(app/harness/config) by extensions ['ignore', 'ignore_ament_install']
[0.410s] Level 1:colcon.colcon_core.package_identification:_identify(app/harness/config) by extension 'ignore'
[0.410s] Level 1:colcon.colcon_core.package_identification:_identify(app/harness/config) by extension 'ignore_ament_install'
[0.410s] Level 1:colcon.colcon_core.package_identification:_identify(app/harness/config) by extensions ['colcon_pkg']
[0.410s] Level 1:colcon.colcon_core.package_identification:_identify(app/harness/config) by extension 'colcon_pkg'
[0.410s] Level 1:colcon.colcon_core.package_identification:_identify(app/harness/config) by extensions ['colcon_meta']
[0.410s] Level 1:colcon.colcon_core.package_identification:_identify(app/harness/config) by extension 'colcon_meta'
[0.410s] Level 1:colcon.colcon_core.package_identification:_identify(app/harness/config) by extensions ['ros']
[0.410s] Level 1:colcon.colcon_core.package_identification:_identify(app/harness/config) by extension 'ros'
[0.410s] Level 1:colcon.colcon_core.package_identification:_identify(app/harness/config) by extensions ['cmake', 'python']
[0.410s] Level 1:colcon.colcon_core.package_identification:_identify(app/harness/config) by extension 'cmake'
[0.410s] Level 1:colcon.colcon_core.package_identification:_identify(app/harness/config) by extension 'python'
[0.410s] Level 1:colcon.colcon_core.package_identification:_identify(app/harness/config) by extensions ['python_setup_py']
[0.410s] Level 1:colcon.colcon_core.package_identification:_identify(app/harness/config) by extension 'python_setup_py'
[0.410s] Level 1:colcon.colcon_core.package_identification:_identify(app/harness/config/prompts) by extensions ['ignore', 'ignore_ament_install']
[0.410s] Level 1:colcon.colcon_core.package_identification:_identify(app/harness/config/prompts) by extension 'ignore'
[0.411s] Level 1:colcon.colcon_core.package_identification:_identify(app/harness/config/prompts) by extension 'ignore_ament_install'
[0.411s] Level 1:colcon.colcon_core.package_identification:_identify(app/harness/config/prompts) by extensions ['colcon_pkg']
[0.411s] Level 1:colcon.colcon_core.package_identification:_identify(app/harness/config/prompts) by extension 'colcon_pkg'
[0.411s] Level 1:colcon.colcon_core.package_identification:_identify(app/harness/config/prompts) by extensions ['colcon_meta']
[0.411s] Level 1:colcon.colcon_core.package_identification:_identify(app/harness/config/prompts) by extension 'colcon_meta'
[0.411s] Level 1:colcon.colcon_core.package_identification:_identify(app/harness/config/prompts) by extensions ['ros']
[0.411s] Level 1:colcon.colcon_core.package_identification:_identify(app/harness/config/prompts) by extension 'ros'
[0.411s] Level 1:colcon.colcon_core.package_identification:_identify(app/harness/config/prompts) by extensions ['cmake', 'python']
[0.411s] Level 1:colcon.colcon_core.package_identification:_identify(app/harness/config/prompts) by extension 'cmake'
[0.411s] Level 1:colcon.colcon_core.package_identification:_identify(app/harness/config/prompts) by extension 'python'
[0.411s] Level 1:colcon.colcon_core.package_identification:_identify(app/harness/config/prompts) by extensions ['python_setup_py']
[0.411s] Level 1:colcon.colcon_core.package_identification:_identify(app/harness/config/prompts) by extension 'python_setup_py'
[0.411s] Level 1:colcon.colcon_core.package_identification:_identify(app/harness/domain) by extensions ['ignore', 'ignore_ament_install']
[0.411s] Level 1:colcon.colcon_core.package_identification:_identify(app/harness/domain) by extension 'ignore'
[0.411s] Level 1:colcon.colcon_core.package_identification:_identify(app/harness/domain) by extension 'ignore_ament_install'
[0.411s] Level 1:colcon.colcon_core.package_identification:_identify(app/harness/domain) by extensions ['colcon_pkg']
[0.411s] Level 1:colcon.colcon_core.package_identification:_identify(app/harness/domain) by extension 'colcon_pkg'
[0.411s] Level 1:colcon.colcon_core.package_identification:_identify(app/harness/domain) by extensions ['colcon_meta']
[0.411s] Level 1:colcon.colcon_core.package_identification:_identify(app/harness/domain) by extension 'colcon_meta'
[0.411s] Level 1:colcon.colcon_core.package_identification:_identify(app/harness/domain) by extensions ['ros']
[0.411s] Level 1:colcon.colcon_core.package_identification:_identify(app/harness/domain) by extension 'ros'
[0.411s] Level 1:colcon.colcon_core.package_identification:_identify(app/harness/domain) by extensions ['cmake', 'python']
[0.411s] Level 1:colcon.colcon_core.package_identification:_identify(app/harness/domain) by extension 'cmake'
[0.411s] Level 1:colcon.colcon_core.package_identification:_identify(app/harness/domain) by extension 'python'
[0.411s] Level 1:colcon.colcon_core.package_identification:_identify(app/harness/domain) by extensions ['python_setup_py']
[0.411s] Level 1:colcon.colcon_core.package_identification:_identify(app/harness/domain) by extension 'python_setup_py'
[0.411s] Level 1:colcon.colcon_core.package_identification:_identify(app/harness/entrypoints) by extensions ['ignore', 'ignore_ament_install']
[0.412s] Level 1:colcon.colcon_core.package_identification:_identify(app/harness/entrypoints) by extension 'ignore'
[0.412s] Level 1:colcon.colcon_core.package_identification:_identify(app/harness/entrypoints) by extension 'ignore_ament_install'
[0.412s] Level 1:colcon.colcon_core.package_identification:_identify(app/harness/entrypoints) by extensions ['colcon_pkg']
[0.412s] Level 1:colcon.colcon_core.package_identification:_identify(app/harness/entrypoints) by extension 'colcon_pkg'
[0.412s] Level 1:colcon.colcon_core.package_identification:_identify(app/harness/entrypoints) by extensions ['colcon_meta']
[0.412s] Level 1:colcon.colcon_core.package_identification:_identify(app/harness/entrypoints) by extension 'colcon_meta'
[0.412s] Level 1:colcon.colcon_core.package_identification:_identify(app/harness/entrypoints) by extensions ['ros']
[0.412s] Level 1:colcon.colcon_core.package_identification:_identify(app/harness/entrypoints) by extension 'ros'
[0.412s] Level 1:colcon.colcon_core.package_identification:_identify(app/harness/entrypoints) by extensions ['cmake', 'python']
[0.412s] Level 1:colcon.colcon_core.package_identification:_identify(app/harness/entrypoints) by extension 'cmake'
[0.412s] Level 1:colcon.colcon_core.package_identification:_identify(app/harness/entrypoints) by extension 'python'
[0.412s] Level 1:colcon.colcon_core.package_identification:_identify(app/harness/entrypoints) by extensions ['python_setup_py']
[0.412s] Level 1:colcon.colcon_core.package_identification:_identify(app/harness/entrypoints) by extension 'python_setup_py'
[0.412s] Level 1:colcon.colcon_core.package_identification:_identify(app/harness/graph) by extensions ['ignore', 'ignore_ament_install']
[0.412s] Level 1:colcon.colcon_core.package_identification:_identify(app/harness/graph) by extension 'ignore'
[0.412s] Level 1:colcon.colcon_core.package_identification:_identify(app/harness/graph) by extension 'ignore_ament_install'
[0.412s] Level 1:colcon.colcon_core.package_identification:_identify(app/harness/graph) by extensions ['colcon_pkg']
[0.412s] Level 1:colcon.colcon_core.package_identification:_identify(app/harness/graph) by extension 'colcon_pkg'
[0.412s] Level 1:colcon.colcon_core.package_identification:_identify(app/harness/graph) by extensions ['colcon_meta']
[0.412s] Level 1:colcon.colcon_core.package_identification:_identify(app/harness/graph) by extension 'colcon_meta'
[0.412s] Level 1:colcon.colcon_core.package_identification:_identify(app/harness/graph) by extensions ['ros']
[0.412s] Level 1:colcon.colcon_core.package_identification:_identify(app/harness/graph) by extension 'ros'
[0.412s] Level 1:colcon.colcon_core.package_identification:_identify(app/harness/graph) by extensions ['cmake', 'python']
[0.412s] Level 1:colcon.colcon_core.package_identification:_identify(app/harness/graph) by extension 'cmake'
[0.412s] Level 1:colcon.colcon_core.package_identification:_identify(app/harness/graph) by extension 'python'
[0.412s] Level 1:colcon.colcon_core.package_identification:_identify(app/harness/graph) by extensions ['python_setup_py']
[0.412s] Level 1:colcon.colcon_core.package_identification:_identify(app/harness/graph) by extension 'python_setup_py'
[0.413s] Level 1:colcon.colcon_core.package_identification:_identify(app/harness/graph/__pycache__) by extensions ['ignore', 'ignore_ament_install']
[0.413s] Level 1:colcon.colcon_core.package_identification:_identify(app/harness/graph/__pycache__) by extension 'ignore'
[0.413s] Level 1:colcon.colcon_core.package_identification:_identify(app/harness/graph/__pycache__) by extension 'ignore_ament_install'
[0.413s] Level 1:colcon.colcon_core.package_identification:_identify(app/harness/graph/__pycache__) by extensions ['colcon_pkg']
[0.413s] Level 1:colcon.colcon_core.package_identification:_identify(app/harness/graph/__pycache__) by extension 'colcon_pkg'
[0.413s] Level 1:colcon.colcon_core.package_identification:_identify(app/harness/graph/__pycache__) by extensions ['colcon_meta']
[0.413s] Level 1:colcon.colcon_core.package_identification:_identify(app/harness/graph/__pycache__) by extension 'colcon_meta'
[0.413s] Level 1:colcon.colcon_core.package_identification:_identify(app/harness/graph/__pycache__) by extensions ['ros']
[0.413s] Level 1:colcon.colcon_core.package_identification:_identify(app/harness/graph/__pycache__) by extension 'ros'
[0.413s] Level 1:colcon.colcon_core.package_identification:_identify(app/harness/graph/__pycache__) by extensions ['cmake', 'python']
[0.413s] Level 1:colcon.colcon_core.package_identification:_identify(app/harness/graph/__pycache__) by extension 'cmake'
[0.413s] Level 1:colcon.colcon_core.package_identification:_identify(app/harness/graph/__pycache__) by extension 'python'
[0.413s] Level 1:colcon.colcon_core.package_identification:_identify(app/harness/graph/__pycache__) by extensions ['python_setup_py']
[0.413s] Level 1:colcon.colcon_core.package_identification:_identify(app/harness/graph/__pycache__) by extension 'python_setup_py'
[0.413s] Level 1:colcon.colcon_core.package_identification:_identify(app/harness/nodes) by extensions ['ignore', 'ignore_ament_install']
[0.413s] Level 1:colcon.colcon_core.package_identification:_identify(app/harness/nodes) by extension 'ignore'
[0.413s] Level 1:colcon.colcon_core.package_identification:_identify(app/harness/nodes) by extension 'ignore_ament_install'
[0.413s] Level 1:colcon.colcon_core.package_identification:_identify(app/harness/nodes) by extensions ['colcon_pkg']
[0.413s] Level 1:colcon.colcon_core.package_identification:_identify(app/harness/nodes) by extension 'colcon_pkg'
[0.413s] Level 1:colcon.colcon_core.package_identification:_identify(app/harness/nodes) by extensions ['colcon_meta']
[0.413s] Level 1:colcon.colcon_core.package_identification:_identify(app/harness/nodes) by extension 'colcon_meta'
[0.413s] Level 1:colcon.colcon_core.package_identification:_identify(app/harness/nodes) by extensions ['ros']
[0.413s] Level 1:colcon.colcon_core.package_identification:_identify(app/harness/nodes) by extension 'ros'
[0.413s] Level 1:colcon.colcon_core.package_identification:_identify(app/harness/nodes) by extensions ['cmake', 'python']
[0.413s] Level 1:colcon.colcon_core.package_identification:_identify(app/harness/nodes) by extension 'cmake'
[0.413s] Level 1:colcon.colcon_core.package_identification:_identify(app/harness/nodes) by extension 'python'
[0.413s] Level 1:colcon.colcon_core.package_identification:_identify(app/harness/nodes) by extensions ['python_setup_py']
[0.413s] Level 1:colcon.colcon_core.package_identification:_identify(app/harness/nodes) by extension 'python_setup_py'
[0.414s] Level 1:colcon.colcon_core.package_identification:_identify(app/harness/nodes/__pycache__) by extensions ['ignore', 'ignore_ament_install']
[0.414s] Level 1:colcon.colcon_core.package_identification:_identify(app/harness/nodes/__pycache__) by extension 'ignore'
[0.414s] Level 1:colcon.colcon_core.package_identification:_identify(app/harness/nodes/__pycache__) by extension 'ignore_ament_install'
[0.414s] Level 1:colcon.colcon_core.package_identification:_identify(app/harness/nodes/__pycache__) by extensions ['colcon_pkg']
[0.414s] Level 1:colcon.colcon_core.package_identification:_identify(app/harness/nodes/__pycache__) by extension 'colcon_pkg'
[0.414s] Level 1:colcon.colcon_core.package_identification:_identify(app/harness/nodes/__pycache__) by extensions ['colcon_meta']
[0.414s] Level 1:colcon.colcon_core.package_identification:_identify(app/harness/nodes/__pycache__) by extension 'colcon_meta'
[0.414s] Level 1:colcon.colcon_core.package_identification:_identify(app/harness/nodes/__pycache__) by extensions ['ros']
[0.414s] Level 1:colcon.colcon_core.package_identification:_identify(app/harness/nodes/__pycache__) by extension 'ros'
[0.414s] Level 1:colcon.colcon_core.package_identification:_identify(app/harness/nodes/__pycache__) by extensions ['cmake', 'python']
[0.414s] Level 1:colcon.colcon_core.package_identification:_identify(app/harness/nodes/__pycache__) by extension 'cmake'
[0.414s] Level 1:colcon.colcon_core.package_identification:_identify(app/harness/nodes/__pycache__) by extension 'python'
[0.414s] Level 1:colcon.colcon_core.package_identification:_identify(app/harness/nodes/__pycache__) by extensions ['python_setup_py']
[0.414s] Level 1:colcon.colcon_core.package_identification:_identify(app/harness/nodes/__pycache__) by extension 'python_setup_py'
[0.414s] Level 1:colcon.colcon_core.package_identification:_identify(app/harness/observability) by extensions ['ignore', 'ignore_ament_install']
[0.414s] Level 1:colcon.colcon_core.package_identification:_identify(app/harness/observability) by extension 'ignore'
[0.414s] Level 1:colcon.colcon_core.package_identification:_identify(app/harness/observability) by extension 'ignore_ament_install'
[0.414s] Level 1:colcon.colcon_core.package_identification:_identify(app/harness/observability) by extensions ['colcon_pkg']
[0.414s] Level 1:colcon.colcon_core.package_identification:_identify(app/harness/observability) by extension 'colcon_pkg'
[0.414s] Level 1:colcon.colcon_core.package_identification:_identify(app/harness/observability) by extensions ['colcon_meta']
[0.414s] Level 1:colcon.colcon_core.package_identification:_identify(app/harness/observability) by extension 'colcon_meta'
[0.414s] Level 1:colcon.colcon_core.package_identification:_identify(app/harness/observability) by extensions ['ros']
[0.414s] Level 1:colcon.colcon_core.package_identification:_identify(app/harness/observability) by extension 'ros'
[0.415s] Level 1:colcon.colcon_core.package_identification:_identify(app/harness/observability) by extensions ['cmake', 'python']
[0.415s] Level 1:colcon.colcon_core.package_identification:_identify(app/harness/observability) by extension 'cmake'
[0.415s] Level 1:colcon.colcon_core.package_identification:_identify(app/harness/observability) by extension 'python'
[0.415s] Level 1:colcon.colcon_core.package_identification:_identify(app/harness/observability) by extensions ['python_setup_py']
[0.415s] Level 1:colcon.colcon_core.package_identification:_identify(app/harness/observability) by extension 'python_setup_py'
[0.415s] Level 1:colcon.colcon_core.package_identification:_identify(app/harness/prompts) by extensions ['ignore', 'ignore_ament_install']
[0.415s] Level 1:colcon.colcon_core.package_identification:_identify(app/harness/prompts) by extension 'ignore'
[0.415s] Level 1:colcon.colcon_core.package_identification:_identify(app/harness/prompts) by extension 'ignore_ament_install'
[0.415s] Level 1:colcon.colcon_core.package_identification:_identify(app/harness/prompts) by extensions ['colcon_pkg']
[0.415s] Level 1:colcon.colcon_core.package_identification:_identify(app/harness/prompts) by extension 'colcon_pkg'
[0.415s] Level 1:colcon.colcon_core.package_identification:_identify(app/harness/prompts) by extensions ['colcon_meta']
[0.415s] Level 1:colcon.colcon_core.package_identification:_identify(app/harness/prompts) by extension 'colcon_meta'
[0.415s] Level 1:colcon.colcon_core.package_identification:_identify(app/harness/prompts) by extensions ['ros']
[0.415s] Level 1:colcon.colcon_core.package_identification:_identify(app/harness/prompts) by extension 'ros'
[0.415s] Level 1:colcon.colcon_core.package_identification:_identify(app/harness/prompts) by extensions ['cmake', 'python']
[0.415s] Level 1:colcon.colcon_core.package_identification:_identify(app/harness/prompts) by extension 'cmake'
[0.415s] Level 1:colcon.colcon_core.package_identification:_identify(app/harness/prompts) by extension 'python'
[0.415s] Level 1:colcon.colcon_core.package_identification:_identify(app/harness/prompts) by extensions ['python_setup_py']
[0.415s] Level 1:colcon.colcon_core.package_identification:_identify(app/harness/prompts) by extension 'python_setup_py'
[0.415s] Level 1:colcon.colcon_core.package_identification:_identify(app/harness/prompts/__pycache__) by extensions ['ignore', 'ignore_ament_install']
[0.415s] Level 1:colcon.colcon_core.package_identification:_identify(app/harness/prompts/__pycache__) by extension 'ignore'
[0.415s] Level 1:colcon.colcon_core.package_identification:_identify(app/harness/prompts/__pycache__) by extension 'ignore_ament_install'
[0.415s] Level 1:colcon.colcon_core.package_identification:_identify(app/harness/prompts/__pycache__) by extensions ['colcon_pkg']
[0.415s] Level 1:colcon.colcon_core.package_identification:_identify(app/harness/prompts/__pycache__) by extension 'colcon_pkg'
[0.416s] Level 1:colcon.colcon_core.package_identification:_identify(app/harness/prompts/__pycache__) by extensions ['colcon_meta']
[0.416s] Level 1:colcon.colcon_core.package_identification:_identify(app/harness/prompts/__pycache__) by extension 'colcon_meta'
[0.416s] Level 1:colcon.colcon_core.package_identification:_identify(app/harness/prompts/__pycache__) by extensions ['ros']
[0.416s] Level 1:colcon.colcon_core.package_identification:_identify(app/harness/prompts/__pycache__) by extension 'ros'
[0.416s] Level 1:colcon.colcon_core.package_identification:_identify(app/harness/prompts/__pycache__) by extensions ['cmake', 'python']
[0.416s] Level 1:colcon.colcon_core.package_identification:_identify(app/harness/prompts/__pycache__) by extension 'cmake'
[0.416s] Level 1:colcon.colcon_core.package_identification:_identify(app/harness/prompts/__pycache__) by extension 'python'
[0.416s] Level 1:colcon.colcon_core.package_identification:_identify(app/harness/prompts/__pycache__) by extensions ['python_setup_py']
[0.416s] Level 1:colcon.colcon_core.package_identification:_identify(app/harness/prompts/__pycache__) by extension 'python_setup_py'
[0.416s] Level 1:colcon.colcon_core.package_identification:_identify(app/harness/schemas) by extensions ['ignore', 'ignore_ament_install']
[0.416s] Level 1:colcon.colcon_core.package_identification:_identify(app/harness/schemas) by extension 'ignore'
[0.416s] Level 1:colcon.colcon_core.package_identification:_identify(app/harness/schemas) by extension 'ignore_ament_install'
[0.416s] Level 1:colcon.colcon_core.package_identification:_identify(app/harness/schemas) by extensions ['colcon_pkg']
[0.416s] Level 1:colcon.colcon_core.package_identification:_identify(app/harness/schemas) by extension 'colcon_pkg'
[0.416s] Level 1:colcon.colcon_core.package_identification:_identify(app/harness/schemas) by extensions ['colcon_meta']
[0.416s] Level 1:colcon.colcon_core.package_identification:_identify(app/harness/schemas) by extension 'colcon_meta'
[0.416s] Level 1:colcon.colcon_core.package_identification:_identify(app/harness/schemas) by extensions ['ros']
[0.416s] Level 1:colcon.colcon_core.package_identification:_identify(app/harness/schemas) by extension 'ros'
[0.416s] Level 1:colcon.colcon_core.package_identification:_identify(app/harness/schemas) by extensions ['cmake', 'python']
[0.416s] Level 1:colcon.colcon_core.package_identification:_identify(app/harness/schemas) by extension 'cmake'
[0.416s] Level 1:colcon.colcon_core.package_identification:_identify(app/harness/schemas) by extension 'python'
[0.416s] Level 1:colcon.colcon_core.package_identification:_identify(app/harness/schemas) by extensions ['python_setup_py']
[0.416s] Level 1:colcon.colcon_core.package_identification:_identify(app/harness/schemas) by extension 'python_setup_py'
[0.416s] Level 1:colcon.colcon_core.package_identification:_identify(app/harness/schemas/__pycache__) by extensions ['ignore', 'ignore_ament_install']
[0.417s] Level 1:colcon.colcon_core.package_identification:_identify(app/harness/schemas/__pycache__) by extension 'ignore'
[0.417s] Level 1:colcon.colcon_core.package_identification:_identify(app/harness/schemas/__pycache__) by extension 'ignore_ament_install'
[0.417s] Level 1:colcon.colcon_core.package_identification:_identify(app/harness/schemas/__pycache__) by extensions ['colcon_pkg']
[0.417s] Level 1:colcon.colcon_core.package_identification:_identify(app/harness/schemas/__pycache__) by extension 'colcon_pkg'
[0.417s] Level 1:colcon.colcon_core.package_identification:_identify(app/harness/schemas/__pycache__) by extensions ['colcon_meta']
[0.417s] Level 1:colcon.colcon_core.package_identification:_identify(app/harness/schemas/__pycache__) by extension 'colcon_meta'
[0.417s] Level 1:colcon.colcon_core.package_identification:_identify(app/harness/schemas/__pycache__) by extensions ['ros']
[0.417s] Level 1:colcon.colcon_core.package_identification:_identify(app/harness/schemas/__pycache__) by extension 'ros'
[0.417s] Level 1:colcon.colcon_core.package_identification:_identify(app/harness/schemas/__pycache__) by extensions ['cmake', 'python']
[0.417s] Level 1:colcon.colcon_core.package_identification:_identify(app/harness/schemas/__pycache__) by extension 'cmake'
[0.417s] Level 1:colcon.colcon_core.package_identification:_identify(app/harness/schemas/__pycache__) by extension 'python'
[0.417s] Level 1:colcon.colcon_core.package_identification:_identify(app/harness/schemas/__pycache__) by extensions ['python_setup_py']
[0.417s] Level 1:colcon.colcon_core.package_identification:_identify(app/harness/schemas/__pycache__) by extension 'python_setup_py'
[0.417s] Level 1:colcon.colcon_core.package_identification:_identify(app/harness/subgraphs) by extensions ['ignore', 'ignore_ament_install']
[0.417s] Level 1:colcon.colcon_core.package_identification:_identify(app/harness/subgraphs) by extension 'ignore'
[0.417s] Level 1:colcon.colcon_core.package_identification:_identify(app/harness/subgraphs) by extension 'ignore_ament_install'
[0.417s] Level 1:colcon.colcon_core.package_identification:_identify(app/harness/subgraphs) by extensions ['colcon_pkg']
[0.417s] Level 1:colcon.colcon_core.package_identification:_identify(app/harness/subgraphs) by extension 'colcon_pkg'
[0.417s] Level 1:colcon.colcon_core.package_identification:_identify(app/harness/subgraphs) by extensions ['colcon_meta']
[0.417s] Level 1:colcon.colcon_core.package_identification:_identify(app/harness/subgraphs) by extension 'colcon_meta'
[0.417s] Level 1:colcon.colcon_core.package_identification:_identify(app/harness/subgraphs) by extensions ['ros']
[0.417s] Level 1:colcon.colcon_core.package_identification:_identify(app/harness/subgraphs) by extension 'ros'
[0.417s] Level 1:colcon.colcon_core.package_identification:_identify(app/harness/subgraphs) by extensions ['cmake', 'python']
[0.417s] Level 1:colcon.colcon_core.package_identification:_identify(app/harness/subgraphs) by extension 'cmake'
[0.417s] Level 1:colcon.colcon_core.package_identification:_identify(app/harness/subgraphs) by extension 'python'
[0.417s] Level 1:colcon.colcon_core.package_identification:_identify(app/harness/subgraphs) by extensions ['python_setup_py']
[0.417s] Level 1:colcon.colcon_core.package_identification:_identify(app/harness/subgraphs) by extension 'python_setup_py'
[0.418s] Level 1:colcon.colcon_core.package_identification:_identify(app/harness/subgraphs/__pycache__) by extensions ['ignore', 'ignore_ament_install']
[0.418s] Level 1:colcon.colcon_core.package_identification:_identify(app/harness/subgraphs/__pycache__) by extension 'ignore'
[0.418s] Level 1:colcon.colcon_core.package_identification:_identify(app/harness/subgraphs/__pycache__) by extension 'ignore_ament_install'
[0.418s] Level 1:colcon.colcon_core.package_identification:_identify(app/harness/subgraphs/__pycache__) by extensions ['colcon_pkg']
[0.418s] Level 1:colcon.colcon_core.package_identification:_identify(app/harness/subgraphs/__pycache__) by extension 'colcon_pkg'
[0.418s] Level 1:colcon.colcon_core.package_identification:_identify(app/harness/subgraphs/__pycache__) by extensions ['colcon_meta']
[0.418s] Level 1:colcon.colcon_core.package_identification:_identify(app/harness/subgraphs/__pycache__) by extension 'colcon_meta'
[0.418s] Level 1:colcon.colcon_core.package_identification:_identify(app/harness/subgraphs/__pycache__) by extensions ['ros']
[0.418s] Level 1:colcon.colcon_core.package_identification:_identify(app/harness/subgraphs/__pycache__) by extension 'ros'
[0.418s] Level 1:colcon.colcon_core.package_identification:_identify(app/harness/subgraphs/__pycache__) by extensions ['cmake', 'python']
[0.418s] Level 1:colcon.colcon_core.package_identification:_identify(app/harness/subgraphs/__pycache__) by extension 'cmake'
[0.418s] Level 1:colcon.colcon_core.package_identification:_identify(app/harness/subgraphs/__pycache__) by extension 'python'
[0.418s] Level 1:colcon.colcon_core.package_identification:_identify(app/harness/subgraphs/__pycache__) by extensions ['python_setup_py']
[0.418s] Level 1:colcon.colcon_core.package_identification:_identify(app/harness/subgraphs/__pycache__) by extension 'python_setup_py'
[0.418s] Level 1:colcon.colcon_core.package_identification:_identify(app/harness/test) by extensions ['ignore', 'ignore_ament_install']
[0.418s] Level 1:colcon.colcon_core.package_identification:_identify(app/harness/test) by extension 'ignore'
[0.418s] Level 1:colcon.colcon_core.package_identification:_identify(app/harness/test) by extension 'ignore_ament_install'
[0.418s] Level 1:colcon.colcon_core.package_identification:_identify(app/harness/test) by extensions ['colcon_pkg']
[0.418s] Level 1:colcon.colcon_core.package_identification:_identify(app/harness/test) by extension 'colcon_pkg'
[0.418s] Level 1:colcon.colcon_core.package_identification:_identify(app/harness/test) by extensions ['colcon_meta']
[0.418s] Level 1:colcon.colcon_core.package_identification:_identify(app/harness/test) by extension 'colcon_meta'
[0.418s] Level 1:colcon.colcon_core.package_identification:_identify(app/harness/test) by extensions ['ros']
[0.418s] Level 1:colcon.colcon_core.package_identification:_identify(app/harness/test) by extension 'ros'
[0.418s] Level 1:colcon.colcon_core.package_identification:_identify(app/harness/test) by extensions ['cmake', 'python']
[0.418s] Level 1:colcon.colcon_core.package_identification:_identify(app/harness/test) by extension 'cmake'
[0.418s] Level 1:colcon.colcon_core.package_identification:_identify(app/harness/test) by extension 'python'
[0.419s] Level 1:colcon.colcon_core.package_identification:_identify(app/harness/test) by extensions ['python_setup_py']
[0.419s] Level 1:colcon.colcon_core.package_identification:_identify(app/harness/test) by extension 'python_setup_py'
[0.419s] Level 1:colcon.colcon_core.package_identification:_identify(app/harness/test/images) by extensions ['ignore', 'ignore_ament_install']
[0.419s] Level 1:colcon.colcon_core.package_identification:_identify(app/harness/test/images) by extension 'ignore'
[0.419s] Level 1:colcon.colcon_core.package_identification:_identify(app/harness/test/images) by extension 'ignore_ament_install'
[0.419s] Level 1:colcon.colcon_core.package_identification:_identify(app/harness/test/images) by extensions ['colcon_pkg']
[0.419s] Level 1:colcon.colcon_core.package_identification:_identify(app/harness/test/images) by extension 'colcon_pkg'
[0.419s] Level 1:colcon.colcon_core.package_identification:_identify(app/harness/test/images) by extensions ['colcon_meta']
[0.419s] Level 1:colcon.colcon_core.package_identification:_identify(app/harness/test/images) by extension 'colcon_meta'
[0.419s] Level 1:colcon.colcon_core.package_identification:_identify(app/harness/test/images) by extensions ['ros']
[0.419s] Level 1:colcon.colcon_core.package_identification:_identify(app/harness/test/images) by extension 'ros'
[0.419s] Level 1:colcon.colcon_core.package_identification:_identify(app/harness/test/images) by extensions ['cmake', 'python']
[0.419s] Level 1:colcon.colcon_core.package_identification:_identify(app/harness/test/images) by extension 'cmake'
[0.419s] Level 1:colcon.colcon_core.package_identification:_identify(app/harness/test/images) by extension 'python'
[0.419s] Level 1:colcon.colcon_core.package_identification:_identify(app/harness/test/images) by extensions ['python_setup_py']
[0.419s] Level 1:colcon.colcon_core.package_identification:_identify(app/harness/test/images) by extension 'python_setup_py'
[0.419s] Level 1:colcon.colcon_core.package_identification:_identify(app/harness/tools) by extensions ['ignore', 'ignore_ament_install']
[0.419s] Level 1:colcon.colcon_core.package_identification:_identify(app/harness/tools) by extension 'ignore'
[0.419s] Level 1:colcon.colcon_core.package_identification:_identify(app/harness/tools) by extension 'ignore_ament_install'
[0.419s] Level 1:colcon.colcon_core.package_identification:_identify(app/harness/tools) by extensions ['colcon_pkg']
[0.419s] Level 1:colcon.colcon_core.package_identification:_identify(app/harness/tools) by extension 'colcon_pkg'
[0.419s] Level 1:colcon.colcon_core.package_identification:_identify(app/harness/tools) by extensions ['colcon_meta']
[0.419s] Level 1:colcon.colcon_core.package_identification:_identify(app/harness/tools) by extension 'colcon_meta'
[0.419s] Level 1:colcon.colcon_core.package_identification:_identify(app/harness/tools) by extensions ['ros']
[0.419s] Level 1:colcon.colcon_core.package_identification:_identify(app/harness/tools) by extension 'ros'
[0.420s] Level 1:colcon.colcon_core.package_identification:_identify(app/harness/tools) by extensions ['cmake', 'python']
[0.420s] Level 1:colcon.colcon_core.package_identification:_identify(app/harness/tools) by extension 'cmake'
[0.420s] Level 1:colcon.colcon_core.package_identification:_identify(app/harness/tools) by extension 'python'
[0.420s] Level 1:colcon.colcon_core.package_identification:_identify(app/harness/tools) by extensions ['python_setup_py']
[0.420s] Level 1:colcon.colcon_core.package_identification:_identify(app/harness/tools) by extension 'python_setup_py'
[0.420s] Level 1:colcon.colcon_core.package_identification:_identify(app/harness/tools/__pycache__) by extensions ['ignore', 'ignore_ament_install']
[0.420s] Level 1:colcon.colcon_core.package_identification:_identify(app/harness/tools/__pycache__) by extension 'ignore'
[0.420s] Level 1:colcon.colcon_core.package_identification:_identify(app/harness/tools/__pycache__) by extension 'ignore_ament_install'
[0.420s] Level 1:colcon.colcon_core.package_identification:_identify(app/harness/tools/__pycache__) by extensions ['colcon_pkg']
[0.420s] Level 1:colcon.colcon_core.package_identification:_identify(app/harness/tools/__pycache__) by extension 'colcon_pkg'
[0.420s] Level 1:colcon.colcon_core.package_identification:_identify(app/harness/tools/__pycache__) by extensions ['colcon_meta']
[0.420s] Level 1:colcon.colcon_core.package_identification:_identify(app/harness/tools/__pycache__) by extension 'colcon_meta'
[0.420s] Level 1:colcon.colcon_core.package_identification:_identify(app/harness/tools/__pycache__) by extensions ['ros']
[0.420s] Level 1:colcon.colcon_core.package_identification:_identify(app/harness/tools/__pycache__) by extension 'ros'
[0.420s] Level 1:colcon.colcon_core.package_identification:_identify(app/harness/tools/__pycache__) by extensions ['cmake', 'python']
[0.420s] Level 1:colcon.colcon_core.package_identification:_identify(app/harness/tools/__pycache__) by extension 'cmake'
[0.420s] Level 1:colcon.colcon_core.package_identification:_identify(app/harness/tools/__pycache__) by extension 'python'
[0.420s] Level 1:colcon.colcon_core.package_identification:_identify(app/harness/tools/__pycache__) by extensions ['python_setup_py']
[0.420s] Level 1:colcon.colcon_core.package_identification:_identify(app/harness/tools/__pycache__) by extension 'python_setup_py'
[0.420s] Level 1:colcon.colcon_core.package_identification:_identify(build) by extensions ['ignore', 'ignore_ament_install']
[0.420s] Level 1:colcon.colcon_core.package_identification:_identify(build) by extension 'ignore'
[0.420s] Level 1:colcon.colcon_core.package_identification:_identify(build) ignored
[0.420s] Level 1:colcon.colcon_core.package_identification:_identify(docker) by extensions ['ignore', 'ignore_ament_install']
[0.421s] Level 1:colcon.colcon_core.package_identification:_identify(docker) by extension 'ignore'
[0.421s] Level 1:colcon.colcon_core.package_identification:_identify(docker) by extension 'ignore_ament_install'
[0.421s] Level 1:colcon.colcon_core.package_identification:_identify(docker) by extensions ['colcon_pkg']
[0.421s] Level 1:colcon.colcon_core.package_identification:_identify(docker) by extension 'colcon_pkg'
[0.421s] Level 1:colcon.colcon_core.package_identification:_identify(docker) by extensions ['colcon_meta']
[0.421s] Level 1:colcon.colcon_core.package_identification:_identify(docker) by extension 'colcon_meta'
[0.421s] Level 1:colcon.colcon_core.package_identification:_identify(docker) by extensions ['ros']
[0.421s] Level 1:colcon.colcon_core.package_identification:_identify(docker) by extension 'ros'
[0.421s] Level 1:colcon.colcon_core.package_identification:_identify(docker) by extensions ['cmake', 'python']
[0.421s] Level 1:colcon.colcon_core.package_identification:_identify(docker) by extension 'cmake'
[0.421s] Level 1:colcon.colcon_core.package_identification:_identify(docker) by extension 'python'
[0.421s] Level 1:colcon.colcon_core.package_identification:_identify(docker) by extensions ['python_setup_py']
[0.421s] Level 1:colcon.colcon_core.package_identification:_identify(docker) by extension 'python_setup_py'
[0.421s] Level 1:colcon.colcon_core.package_identification:_identify(docs) by extensions ['ignore', 'ignore_ament_install']
[0.421s] Level 1:colcon.colcon_core.package_identification:_identify(docs) by extension 'ignore'
[0.421s] Level 1:colcon.colcon_core.package_identification:_identify(docs) by extension 'ignore_ament_install'
[0.421s] Level 1:colcon.colcon_core.package_identification:_identify(docs) by extensions ['colcon_pkg']
[0.421s] Level 1:colcon.colcon_core.package_identification:_identify(docs) by extension 'colcon_pkg'
[0.421s] Level 1:colcon.colcon_core.package_identification:_identify(docs) by extensions ['colcon_meta']
[0.421s] Level 1:colcon.colcon_core.package_identification:_identify(docs) by extension 'colcon_meta'
[0.421s] Level 1:colcon.colcon_core.package_identification:_identify(docs) by extensions ['ros']
[0.421s] Level 1:colcon.colcon_core.package_identification:_identify(docs) by extension 'ros'
[0.421s] Level 1:colcon.colcon_core.package_identification:_identify(docs) by extensions ['cmake', 'python']
[0.421s] Level 1:colcon.colcon_core.package_identification:_identify(docs) by extension 'cmake'
[0.421s] Level 1:colcon.colcon_core.package_identification:_identify(docs) by extension 'python'
[0.421s] Level 1:colcon.colcon_core.package_identification:_identify(docs) by extensions ['python_setup_py']
[0.421s] Level 1:colcon.colcon_core.package_identification:_identify(docs) by extension 'python_setup_py'
[0.421s] Level 1:colcon.colcon_core.package_identification:_identify(install) by extensions ['ignore', 'ignore_ament_install']
[0.421s] Level 1:colcon.colcon_core.package_identification:_identify(install) by extension 'ignore'
[0.422s] Level 1:colcon.colcon_core.package_identification:_identify(install) ignored
[0.422s] Level 1:colcon.colcon_core.package_identification:_identify(log) by extensions ['ignore', 'ignore_ament_install']
[0.422s] Level 1:colcon.colcon_core.package_identification:_identify(log) by extension 'ignore'
[0.422s] Level 1:colcon.colcon_core.package_identification:_identify(log) ignored
[0.422s] Level 1:colcon.colcon_core.package_identification:_identify(rl_navibot.egg-info) by extensions ['ignore', 'ignore_ament_install']
[0.422s] Level 1:colcon.colcon_core.package_identification:_identify(rl_navibot.egg-info) by extension 'ignore'
[0.422s] Level 1:colcon.colcon_core.package_identification:_identify(rl_navibot.egg-info) by extension 'ignore_ament_install'
[0.422s] Level 1:colcon.colcon_core.package_identification:_identify(rl_navibot.egg-info) by extensions ['colcon_pkg']
[0.422s] Level 1:colcon.colcon_core.package_identification:_identify(rl_navibot.egg-info) by extension 'colcon_pkg'
[0.422s] Level 1:colcon.colcon_core.package_identification:_identify(rl_navibot.egg-info) by extensions ['colcon_meta']
[0.422s] Level 1:colcon.colcon_core.package_identification:_identify(rl_navibot.egg-info) by extension 'colcon_meta'
[0.422s] Level 1:colcon.colcon_core.package_identification:_identify(rl_navibot.egg-info) by extensions ['ros']
[0.422s] Level 1:colcon.colcon_core.package_identification:_identify(rl_navibot.egg-info) by extension 'ros'
[0.422s] Level 1:colcon.colcon_core.package_identification:_identify(rl_navibot.egg-info) by extensions ['cmake', 'python']
[0.422s] Level 1:colcon.colcon_core.package_identification:_identify(rl_navibot.egg-info) by extension 'cmake'
[0.422s] Level 1:colcon.colcon_core.package_identification:_identify(rl_navibot.egg-info) by extension 'python'
[0.422s] Level 1:colcon.colcon_core.package_identification:_identify(rl_navibot.egg-info) by extensions ['python_setup_py']
[0.422s] Level 1:colcon.colcon_core.package_identification:_identify(rl_navibot.egg-info) by extension 'python_setup_py'
[0.422s] Level 1:colcon.colcon_core.package_identification:_identify(scripts) by extensions ['ignore', 'ignore_ament_install']
[0.422s] Level 1:colcon.colcon_core.package_identification:_identify(scripts) by extension 'ignore'
[0.422s] Level 1:colcon.colcon_core.package_identification:_identify(scripts) by extension 'ignore_ament_install'
[0.422s] Level 1:colcon.colcon_core.package_identification:_identify(scripts) by extensions ['colcon_pkg']
[0.422s] Level 1:colcon.colcon_core.package_identification:_identify(scripts) by extension 'colcon_pkg'
[0.422s] Level 1:colcon.colcon_core.package_identification:_identify(scripts) by extensions ['colcon_meta']
[0.422s] Level 1:colcon.colcon_core.package_identification:_identify(scripts) by extension 'colcon_meta'
[0.422s] Level 1:colcon.colcon_core.package_identification:_identify(scripts) by extensions ['ros']
[0.423s] Level 1:colcon.colcon_core.package_identification:_identify(scripts) by extension 'ros'
[0.423s] Level 1:colcon.colcon_core.package_identification:_identify(scripts) by extensions ['cmake', 'python']
[0.423s] Level 1:colcon.colcon_core.package_identification:_identify(scripts) by extension 'cmake'
[0.423s] Level 1:colcon.colcon_core.package_identification:_identify(scripts) by extension 'python'
[0.423s] Level 1:colcon.colcon_core.package_identification:_identify(scripts) by extensions ['python_setup_py']
[0.423s] Level 1:colcon.colcon_core.package_identification:_identify(scripts) by extension 'python_setup_py'
[0.423s] Level 1:colcon.colcon_core.package_identification:_identify(src) by extensions ['ignore', 'ignore_ament_install']
[0.423s] Level 1:colcon.colcon_core.package_identification:_identify(src) by extension 'ignore'
[0.423s] Level 1:colcon.colcon_core.package_identification:_identify(src) by extension 'ignore_ament_install'
[0.423s] Level 1:colcon.colcon_core.package_identification:_identify(src) by extensions ['colcon_pkg']
[0.423s] Level 1:colcon.colcon_core.package_identification:_identify(src) by extension 'colcon_pkg'
[0.423s] Level 1:colcon.colcon_core.package_identification:_identify(src) by extensions ['colcon_meta']
[0.423s] Level 1:colcon.colcon_core.package_identification:_identify(src) by extension 'colcon_meta'
[0.423s] Level 1:colcon.colcon_core.package_identification:_identify(src) by extensions ['ros']
[0.423s] Level 1:colcon.colcon_core.package_identification:_identify(src) by extension 'ros'
[0.423s] Level 1:colcon.colcon_core.package_identification:_identify(src) by extensions ['cmake', 'python']
[0.423s] Level 1:colcon.colcon_core.package_identification:_identify(src) by extension 'cmake'
[0.423s] Level 1:colcon.colcon_core.package_identification:_identify(src) by extension 'python'
[0.423s] Level 1:colcon.colcon_core.package_identification:_identify(src) by extensions ['python_setup_py']
[0.423s] Level 1:colcon.colcon_core.package_identification:_identify(src) by extension 'python_setup_py'
[0.423s] Level 1:colcon.colcon_core.package_identification:_identify(src/_decision) by extensions ['ignore', 'ignore_ament_install']
[0.423s] Level 1:colcon.colcon_core.package_identification:_identify(src/_decision) by extension 'ignore'
[0.423s] Level 1:colcon.colcon_core.package_identification:_identify(src/_decision) by extension 'ignore_ament_install'
[0.423s] Level 1:colcon.colcon_core.package_identification:_identify(src/_decision) by extensions ['colcon_pkg']
[0.423s] Level 1:colcon.colcon_core.package_identification:_identify(src/_decision) by extension 'colcon_pkg'
[0.423s] Level 1:colcon.colcon_core.package_identification:_identify(src/_decision) by extensions ['colcon_meta']
[0.423s] Level 1:colcon.colcon_core.package_identification:_identify(src/_decision) by extension 'colcon_meta'
[0.423s] Level 1:colcon.colcon_core.package_identification:_identify(src/_decision) by extensions ['ros']
[0.424s] Level 1:colcon.colcon_core.package_identification:_identify(src/_decision) by extension 'ros'
[0.424s] Level 1:colcon.colcon_core.package_identification:_identify(src/_decision) by extensions ['cmake', 'python']
[0.424s] Level 1:colcon.colcon_core.package_identification:_identify(src/_decision) by extension 'cmake'
[0.424s] Level 1:colcon.colcon_core.package_identification:_identify(src/_decision) by extension 'python'
[0.424s] Level 1:colcon.colcon_core.package_identification:_identify(src/_decision) by extensions ['python_setup_py']
[0.424s] Level 1:colcon.colcon_core.package_identification:_identify(src/_decision) by extension 'python_setup_py'
[0.424s] Level 1:colcon.colcon_core.package_identification:_identify(src/_decision/rl_agent) by extensions ['ignore', 'ignore_ament_install']
[0.424s] Level 1:colcon.colcon_core.package_identification:_identify(src/_decision/rl_agent) by extension 'ignore'
[0.424s] Level 1:colcon.colcon_core.package_identification:_identify(src/_decision/rl_agent) by extension 'ignore_ament_install'
[0.424s] Level 1:colcon.colcon_core.package_identification:_identify(src/_decision/rl_agent) by extensions ['colcon_pkg']
[0.424s] Level 1:colcon.colcon_core.package_identification:_identify(src/_decision/rl_agent) by extension 'colcon_pkg'
[0.424s] Level 1:colcon.colcon_core.package_identification:_identify(src/_decision/rl_agent) by extensions ['colcon_meta']
[0.424s] Level 1:colcon.colcon_core.package_identification:_identify(src/_decision/rl_agent) by extension 'colcon_meta'
[0.424s] Level 1:colcon.colcon_core.package_identification:_identify(src/_decision/rl_agent) by extensions ['ros']
[0.424s] Level 1:colcon.colcon_core.package_identification:_identify(src/_decision/rl_agent) by extension 'ros'
[0.426s] DEBUG:colcon.colcon_core.package_identification:Package 'src/_decision/rl_agent' with type 'ros.ament_python' and name 'rl_agent'
[0.426s] Level 1:colcon.colcon_core.package_identification:_identify(src/_perception) by extensions ['ignore', 'ignore_ament_install']
[0.426s] Level 1:colcon.colcon_core.package_identification:_identify(src/_perception) by extension 'ignore'
[0.426s] Level 1:colcon.colcon_core.package_identification:_identify(src/_perception) by extension 'ignore_ament_install'
[0.426s] Level 1:colcon.colcon_core.package_identification:_identify(src/_perception) by extensions ['colcon_pkg']
[0.426s] Level 1:colcon.colcon_core.package_identification:_identify(src/_perception) by extension 'colcon_pkg'
[0.426s] Level 1:colcon.colcon_core.package_identification:_identify(src/_perception) by extensions ['colcon_meta']
[0.426s] Level 1:colcon.colcon_core.package_identification:_identify(src/_perception) by extension 'colcon_meta'
[0.426s] Level 1:colcon.colcon_core.package_identification:_identify(src/_perception) by extensions ['ros']
[0.426s] Level 1:colcon.colcon_core.package_identification:_identify(src/_perception) by extension 'ros'
[0.426s] Level 1:colcon.colcon_core.package_identification:_identify(src/_perception) by extensions ['cmake', 'python']
[0.426s] Level 1:colcon.colcon_core.package_identification:_identify(src/_perception) by extension 'cmake'
[0.426s] Level 1:colcon.colcon_core.package_identification:_identify(src/_perception) by extension 'python'
[0.426s] Level 1:colcon.colcon_core.package_identification:_identify(src/_perception) by extensions ['python_setup_py']
[0.426s] Level 1:colcon.colcon_core.package_identification:_identify(src/_perception) by extension 'python_setup_py'
[0.426s] Level 1:colcon.colcon_core.package_identification:_identify(src/core) by extensions ['ignore', 'ignore_ament_install']
[0.427s] Level 1:colcon.colcon_core.package_identification:_identify(src/core) by extension 'ignore'
[0.427s] Level 1:colcon.colcon_core.package_identification:_identify(src/core) by extension 'ignore_ament_install'
[0.427s] Level 1:colcon.colcon_core.package_identification:_identify(src/core) by extensions ['colcon_pkg']
[0.427s] Level 1:colcon.colcon_core.package_identification:_identify(src/core) by extension 'colcon_pkg'
[0.427s] Level 1:colcon.colcon_core.package_identification:_identify(src/core) by extensions ['colcon_meta']
[0.427s] Level 1:colcon.colcon_core.package_identification:_identify(src/core) by extension 'colcon_meta'
[0.427s] Level 1:colcon.colcon_core.package_identification:_identify(src/core) by extensions ['ros']
[0.427s] Level 1:colcon.colcon_core.package_identification:_identify(src/core) by extension 'ros'
[0.427s] DEBUG:colcon.colcon_core.package_identification:Package 'src/core' with type 'ros.ament_python' and name 'core'
[0.427s] Level 1:colcon.colcon_core.package_identification:_identify(src/decision) by extensions ['ignore', 'ignore_ament_install']
[0.427s] Level 1:colcon.colcon_core.package_identification:_identify(src/decision) by extension 'ignore'
[0.427s] Level 1:colcon.colcon_core.package_identification:_identify(src/decision) by extension 'ignore_ament_install'
[0.427s] Level 1:colcon.colcon_core.package_identification:_identify(src/decision) by extensions ['colcon_pkg']
[0.427s] Level 1:colcon.colcon_core.package_identification:_identify(src/decision) by extension 'colcon_pkg'
[0.427s] Level 1:colcon.colcon_core.package_identification:_identify(src/decision) by extensions ['colcon_meta']
[0.427s] Level 1:colcon.colcon_core.package_identification:_identify(src/decision) by extension 'colcon_meta'
[0.427s] Level 1:colcon.colcon_core.package_identification:_identify(src/decision) by extensions ['ros']
[0.427s] Level 1:colcon.colcon_core.package_identification:_identify(src/decision) by extension 'ros'
[0.428s] DEBUG:colcon.colcon_core.package_identification:Package 'src/decision' with type 'ros.ament_python' and name 'decision'
[0.428s] Level 1:colcon.colcon_core.package_identification:_identify(src/execution) by extensions ['ignore', 'ignore_ament_install']
[0.428s] Level 1:colcon.colcon_core.package_identification:_identify(src/execution) by extension 'ignore'
[0.428s] Level 1:colcon.colcon_core.package_identification:_identify(src/execution) by extension 'ignore_ament_install'
[0.428s] Level 1:colcon.colcon_core.package_identification:_identify(src/execution) by extensions ['colcon_pkg']
[0.428s] Level 1:colcon.colcon_core.package_identification:_identify(src/execution) by extension 'colcon_pkg'
[0.428s] Level 1:colcon.colcon_core.package_identification:_identify(src/execution) by extensions ['colcon_meta']
[0.428s] Level 1:colcon.colcon_core.package_identification:_identify(src/execution) by extension 'colcon_meta'
[0.428s] Level 1:colcon.colcon_core.package_identification:_identify(src/execution) by extensions ['ros']
[0.428s] Level 1:colcon.colcon_core.package_identification:_identify(src/execution) by extension 'ros'
[0.429s] DEBUG:colcon.colcon_core.package_identification:Package 'src/execution' with type 'ros.ament_python' and name 'execution'
[0.429s] Level 1:colcon.colcon_core.package_identification:_identify(src/perception) by extensions ['ignore', 'ignore_ament_install']
[0.429s] Level 1:colcon.colcon_core.package_identification:_identify(src/perception) by extension 'ignore'
[0.429s] Level 1:colcon.colcon_core.package_identification:_identify(src/perception) by extension 'ignore_ament_install'
[0.429s] Level 1:colcon.colcon_core.package_identification:_identify(src/perception) by extensions ['colcon_pkg']
[0.429s] Level 1:colcon.colcon_core.package_identification:_identify(src/perception) by extension 'colcon_pkg'
[0.429s] Level 1:colcon.colcon_core.package_identification:_identify(src/perception) by extensions ['colcon_meta']
[0.429s] Level 1:colcon.colcon_core.package_identification:_identify(src/perception) by extension 'colcon_meta'
[0.429s] Level 1:colcon.colcon_core.package_identification:_identify(src/perception) by extensions ['ros']
[0.429s] Level 1:colcon.colcon_core.package_identification:_identify(src/perception) by extension 'ros'
[0.429s] DEBUG:colcon.colcon_core.package_identification:Package 'src/perception' with type 'ros.ament_python' and name 'perception'
[0.430s] Level 1:colcon.colcon_core.package_identification:_identify(src/planning) by extensions ['ignore', 'ignore_ament_install']
[0.430s] Level 1:colcon.colcon_core.package_identification:_identify(src/planning) by extension 'ignore'
[0.430s] Level 1:colcon.colcon_core.package_identification:_identify(src/planning) by extension 'ignore_ament_install'
[0.430s] Level 1:colcon.colcon_core.package_identification:_identify(src/planning) by extensions ['colcon_pkg']
[0.430s] Level 1:colcon.colcon_core.package_identification:_identify(src/planning) by extension 'colcon_pkg'
[0.430s] Level 1:colcon.colcon_core.package_identification:_identify(src/planning) by extensions ['colcon_meta']
[0.430s] Level 1:colcon.colcon_core.package_identification:_identify(src/planning) by extension 'colcon_meta'
[0.430s] Level 1:colcon.colcon_core.package_identification:_identify(src/planning) by extensions ['ros']
[0.430s] Level 1:colcon.colcon_core.package_identification:_identify(src/planning) by extension 'ros'
[0.430s] DEBUG:colcon.colcon_core.package_identification:Package 'src/planning' with type 'ros.ament_python' and name 'planning'
[0.430s] Level 1:colcon.colcon_core.package_identification:_identify(src/simulation) by extensions ['ignore', 'ignore_ament_install']
[0.430s] Level 1:colcon.colcon_core.package_identification:_identify(src/simulation) by extension 'ignore'
[0.430s] Level 1:colcon.colcon_core.package_identification:_identify(src/simulation) by extension 'ignore_ament_install'
[0.430s] Level 1:colcon.colcon_core.package_identification:_identify(src/simulation) by extensions ['colcon_pkg']
[0.430s] Level 1:colcon.colcon_core.package_identification:_identify(src/simulation) by extension 'colcon_pkg'
[0.430s] Level 1:colcon.colcon_core.package_identification:_identify(src/simulation) by extensions ['colcon_meta']
[0.430s] Level 1:colcon.colcon_core.package_identification:_identify(src/simulation) by extension 'colcon_meta'
[0.430s] Level 1:colcon.colcon_core.package_identification:_identify(src/simulation) by extensions ['ros']
[0.431s] Level 1:colcon.colcon_core.package_identification:_identify(src/simulation) by extension 'ros'
[0.431s] Level 1:colcon.colcon_core.package_identification:_identify(src/simulation) by extensions ['cmake', 'python']
[0.431s] Level 1:colcon.colcon_core.package_identification:_identify(src/simulation) by extension 'cmake'
[0.431s] Level 1:colcon.colcon_core.package_identification:_identify(src/simulation) by extension 'python'
[0.431s] Level 1:colcon.colcon_core.package_identification:_identify(src/simulation) by extensions ['python_setup_py']
[0.431s] Level 1:colcon.colcon_core.package_identification:_identify(src/simulation) by extension 'python_setup_py'
[0.431s] Level 1:colcon.colcon_core.package_identification:_identify(src/simulation/robot_world) by extensions ['ignore', 'ignore_ament_install']
[0.431s] Level 1:colcon.colcon_core.package_identification:_identify(src/simulation/robot_world) by extension 'ignore'
[0.431s] Level 1:colcon.colcon_core.package_identification:_identify(src/simulation/robot_world) by extension 'ignore_ament_install'
[0.431s] Level 1:colcon.colcon_core.package_identification:_identify(src/simulation/robot_world) by extensions ['colcon_pkg']
[0.431s] Level 1:colcon.colcon_core.package_identification:_identify(src/simulation/robot_world) by extension 'colcon_pkg'
[0.431s] Level 1:colcon.colcon_core.package_identification:_identify(src/simulation/robot_world) by extensions ['colcon_meta']
[0.431s] Level 1:colcon.colcon_core.package_identification:_identify(src/simulation/robot_world) by extension 'colcon_meta'
[0.431s] Level 1:colcon.colcon_core.package_identification:_identify(src/simulation/robot_world) by extensions ['ros']
[0.431s] Level 1:colcon.colcon_core.package_identification:_identify(src/simulation/robot_world) by extension 'ros'
[0.432s] DEBUG:colcon.colcon_core.package_identification:Package 'src/simulation/robot_world' with type 'ros.ament_cmake' and name 'robot_world'
[0.432s] Level 1:colcon.colcon_core.package_discovery:discover_packages(recursive) using defaults
[0.432s] Level 1:colcon.colcon_core.package_discovery:discover_packages(ignore) discover
[0.432s] Level 1:colcon.colcon_core.package_discovery:discover_packages(ignore) using defaults
[0.432s] Level 1:colcon.colcon_core.package_discovery:discover_packages(path) discover
[0.432s] Level 1:colcon.colcon_core.package_discovery:discover_packages(path) using defaults
[0.445s] INFO:colcon.colcon_core.package_selection:Skipping package 'robot_world' in 'src/simulation/robot_world'
[0.445s] Level 1:colcon.colcon_core.package_discovery:discover_packages(prefix_path) check parameters
[0.445s] Level 1:colcon.colcon_core.package_discovery:discover_packages(prefix_path) discover
[0.447s] DEBUG:colcon.colcon_installed_package_information.package_discovery:Found 337 installed packages in /opt/ros/humble
[0.448s] Level 1:colcon.colcon_core.package_discovery:discover_packages(prefix_path) using defaults
[0.470s] Level 5:colcon.colcon_core.verb:set package 'core' build argument 'cmake_args' from command line to 'None'
[0.471s] Level 5:colcon.colcon_core.verb:set package 'core' build argument 'cmake_target' from command line to 'None'
[0.471s] Level 5:colcon.colcon_core.verb:set package 'core' build argument 'cmake_target_skip_unavailable' from command line to 'False'
[0.471s] Level 5:colcon.colcon_core.verb:set package 'core' build argument 'cmake_clean_cache' from command line to 'False'
[0.471s] Level 5:colcon.colcon_core.verb:set package 'core' build argument 'cmake_clean_first' from command line to 'False'
[0.471s] Level 5:colcon.colcon_core.verb:set package 'core' build argument 'cmake_force_configure' from command line to 'False'
[0.471s] Level 5:colcon.colcon_core.verb:set package 'core' build argument 'ament_cmake_args' from command line to 'None'
[0.471s] Level 5:colcon.colcon_core.verb:set package 'core' build argument 'catkin_cmake_args' from command line to 'None'
[0.471s] Level 5:colcon.colcon_core.verb:set package 'core' build argument 'catkin_skip_building_tests' from command line to 'False'
[0.471s] DEBUG:colcon.colcon_core.verb:Building package 'core' with the following arguments: {'ament_cmake_args': None, 'build_base': '/home/chendawww/workspace/rl-navibot/build/core', 'catkin_cmake_args': None, 'catkin_skip_building_tests': False, 'cmake_args': None, 'cmake_clean_cache': False, 'cmake_clean_first': False, 'cmake_force_configure': False, 'cmake_target': None, 'cmake_target_skip_unavailable': False, 'install_base': '/home/chendawww/workspace/rl-navibot/install/core', 'merge_install': False, 'path': '/home/chendawww/workspace/rl-navibot/src/core', 'symlink_install': True, 'test_result_base': None}
[0.471s] Level 5:colcon.colcon_core.verb:set package 'decision' build argument 'cmake_args' from command line to 'None'
[0.471s] Level 5:colcon.colcon_core.verb:set package 'decision' build argument 'cmake_target' from command line to 'None'
[0.471s] Level 5:colcon.colcon_core.verb:set package 'decision' build argument 'cmake_target_skip_unavailable' from command line to 'False'
[0.471s] Level 5:colcon.colcon_core.verb:set package 'decision' build argument 'cmake_clean_cache' from command line to 'False'
[0.471s] Level 5:colcon.colcon_core.verb:set package 'decision' build argument 'cmake_clean_first' from command line to 'False'
[0.471s] Level 5:colcon.colcon_core.verb:set package 'decision' build argument 'cmake_force_configure' from command line to 'False'
[0.471s] Level 5:colcon.colcon_core.verb:set package 'decision' build argument 'ament_cmake_args' from command line to 'None'
[0.471s] Level 5:colcon.colcon_core.verb:set package 'decision' build argument 'catkin_cmake_args' from command line to 'None'
[0.471s] Level 5:colcon.colcon_core.verb:set package 'decision' build argument 'catkin_skip_building_tests' from command line to 'False'
[0.471s] DEBUG:colcon.colcon_core.verb:Building package 'decision' with the following arguments: {'ament_cmake_args': None, 'build_base': '/home/chendawww/workspace/rl-navibot/build/decision', 'catkin_cmake_args': None, 'catkin_skip_building_tests': False, 'cmake_args': None, 'cmake_clean_cache': False, 'cmake_clean_first': False, 'cmake_force_configure': False, 'cmake_target': None, 'cmake_target_skip_unavailable': False, 'install_base': '/home/chendawww/workspace/rl-navibot/install/decision', 'merge_install': False, 'path': '/home/chendawww/workspace/rl-navibot/src/decision', 'symlink_install': True, 'test_result_base': None}
[0.471s] Level 5:colcon.colcon_core.verb:set package 'execution' build argument 'cmake_args' from command line to 'None'
[0.471s] Level 5:colcon.colcon_core.verb:set package 'execution' build argument 'cmake_target' from command line to 'None'
[0.471s] Level 5:colcon.colcon_core.verb:set package 'execution' build argument 'cmake_target_skip_unavailable' from command line to 'False'
[0.471s] Level 5:colcon.colcon_core.verb:set package 'execution' build argument 'cmake_clean_cache' from command line to 'False'
[0.471s] Level 5:colcon.colcon_core.verb:set package 'execution' build argument 'cmake_clean_first' from command line to 'False'
[0.471s] Level 5:colcon.colcon_core.verb:set package 'execution' build argument 'cmake_force_configure' from command line to 'False'
[0.472s] Level 5:colcon.colcon_core.verb:set package 'execution' build argument 'ament_cmake_args' from command line to 'None'
[0.472s] Level 5:colcon.colcon_core.verb:set package 'execution' build argument 'catkin_cmake_args' from command line to 'None'
[0.472s] Level 5:colcon.colcon_core.verb:set package 'execution' build argument 'catkin_skip_building_tests' from command line to 'False'
[0.472s] DEBUG:colcon.colcon_core.verb:Building package 'execution' with the following arguments: {'ament_cmake_args': None, 'build_base': '/home/chendawww/workspace/rl-navibot/build/execution', 'catkin_cmake_args': None, 'catkin_skip_building_tests': False, 'cmake_args': None, 'cmake_clean_cache': False, 'cmake_clean_first': False, 'cmake_force_configure': False, 'cmake_target': None, 'cmake_target_skip_unavailable': False, 'install_base': '/home/chendawww/workspace/rl-navibot/install/execution', 'merge_install': False, 'path': '/home/chendawww/workspace/rl-navibot/src/execution', 'symlink_install': True, 'test_result_base': None}
[0.472s] Level 5:colcon.colcon_core.verb:set package 'perception' build argument 'cmake_args' from command line to 'None'
[0.472s] Level 5:colcon.colcon_core.verb:set package 'perception' build argument 'cmake_target' from command line to 'None'
[0.472s] Level 5:colcon.colcon_core.verb:set package 'perception' build argument 'cmake_target_skip_unavailable' from command line to 'False'
[0.472s] Level 5:colcon.colcon_core.verb:set package 'perception' build argument 'cmake_clean_cache' from command line to 'False'
[0.472s] Level 5:colcon.colcon_core.verb:set package 'perception' build argument 'cmake_clean_first' from command line to 'False'
[0.472s] Level 5:colcon.colcon_core.verb:set package 'perception' build argument 'cmake_force_configure' from command line to 'False'
[0.472s] Level 5:colcon.colcon_core.verb:set package 'perception' build argument 'ament_cmake_args' from command line to 'None'
[0.472s] Level 5:colcon.colcon_core.verb:set package 'perception' build argument 'catkin_cmake_args' from command line to 'None'
[0.472s] Level 5:colcon.colcon_core.verb:set package 'perception' build argument 'catkin_skip_building_tests' from command line to 'False'
[0.472s] DEBUG:colcon.colcon_core.verb:Building package 'perception' with the following arguments: {'ament_cmake_args': None, 'build_base': '/home/chendawww/workspace/rl-navibot/build/perception', 'catkin_cmake_args': None, 'catkin_skip_building_tests': False, 'cmake_args': None, 'cmake_clean_cache': False, 'cmake_clean_first': False, 'cmake_force_configure': False, 'cmake_target': None, 'cmake_target_skip_unavailable': False, 'install_base': '/home/chendawww/workspace/rl-navibot/install/perception', 'merge_install': False, 'path': '/home/chendawww/workspace/rl-navibot/src/perception', 'symlink_install': True, 'test_result_base': None}
[0.472s] Level 5:colcon.colcon_core.verb:set package 'planning' build argument 'cmake_args' from command line to 'None'
[0.472s] Level 5:colcon.colcon_core.verb:set package 'planning' build argument 'cmake_target' from command line to 'None'
[0.472s] Level 5:colcon.colcon_core.verb:set package 'planning' build argument 'cmake_target_skip_unavailable' from command line to 'False'
[0.472s] Level 5:colcon.colcon_core.verb:set package 'planning' build argument 'cmake_clean_cache' from command line to 'False'
[0.472s] Level 5:colcon.colcon_core.verb:set package 'planning' build argument 'cmake_clean_first' from command line to 'False'
[0.472s] Level 5:colcon.colcon_core.verb:set package 'planning' build argument 'cmake_force_configure' from command line to 'False'
[0.472s] Level 5:colcon.colcon_core.verb:set package 'planning' build argument 'ament_cmake_args' from command line to 'None'
[0.472s] Level 5:colcon.colcon_core.verb:set package 'planning' build argument 'catkin_cmake_args' from command line to 'None'
[0.472s] Level 5:colcon.colcon_core.verb:set package 'planning' build argument 'catkin_skip_building_tests' from command line to 'False'
[0.472s] DEBUG:colcon.colcon_core.verb:Building package 'planning' with the following arguments: {'ament_cmake_args': None, 'build_base': '/home/chendawww/workspace/rl-navibot/build/planning', 'catkin_cmake_args': None, 'catkin_skip_building_tests': False, 'cmake_args': None, 'cmake_clean_cache': False, 'cmake_clean_first': False, 'cmake_force_configure': False, 'cmake_target': None, 'cmake_target_skip_unavailable': False, 'install_base': '/home/chendawww/workspace/rl-navibot/install/planning', 'merge_install': False, 'path': '/home/chendawww/workspace/rl-navibot/src/planning', 'symlink_install': True, 'test_result_base': None}
[0.472s] Level 5:colcon.colcon_core.verb:set package 'rl_agent' build argument 'cmake_args' from command line to 'None'
[0.472s] Level 5:colcon.colcon_core.verb:set package 'rl_agent' build argument 'cmake_target' from command line to 'None'
[0.472s] Level 5:colcon.colcon_core.verb:set package 'rl_agent' build argument 'cmake_target_skip_unavailable' from command line to 'False'
[0.472s] Level 5:colcon.colcon_core.verb:set package 'rl_agent' build argument 'cmake_clean_cache' from command line to 'False'
[0.472s] Level 5:colcon.colcon_core.verb:set package 'rl_agent' build argument 'cmake_clean_first' from command line to 'False'
[0.472s] Level 5:colcon.colcon_core.verb:set package 'rl_agent' build argument 'cmake_force_configure' from command line to 'False'
[0.472s] Level 5:colcon.colcon_core.verb:set package 'rl_agent' build argument 'ament_cmake_args' from command line to 'None'
[0.473s] Level 5:colcon.colcon_core.verb:set package 'rl_agent' build argument 'catkin_cmake_args' from command line to 'None'
[0.473s] Level 5:colcon.colcon_core.verb:set package 'rl_agent' build argument 'catkin_skip_building_tests' from command line to 'False'
[0.473s] DEBUG:colcon.colcon_core.verb:Building package 'rl_agent' with the following arguments: {'ament_cmake_args': None, 'build_base': '/home/chendawww/workspace/rl-navibot/build/rl_agent', 'catkin_cmake_args': None, 'catkin_skip_building_tests': False, 'cmake_args': None, 'cmake_clean_cache': False, 'cmake_clean_first': False, 'cmake_force_configure': False, 'cmake_target': None, 'cmake_target_skip_unavailable': False, 'install_base': '/home/chendawww/workspace/rl-navibot/install/rl_agent', 'merge_install': False, 'path': '/home/chendawww/workspace/rl-navibot/src/_decision/rl_agent', 'symlink_install': True, 'test_result_base': None}
[0.473s] INFO:colcon.colcon_core.executor:Executing jobs using 'parallel' executor
[0.473s] DEBUG:colcon.colcon_parallel_executor.executor.parallel:run_until_complete
[0.474s] INFO:colcon.colcon_ros.task.ament_python.build:Building ROS package in '/home/chendawww/workspace/rl-navibot/src/core' with build type 'ament_python'
[0.474s] Level 1:colcon.colcon_core.shell:create_environment_hook('core', 'ament_prefix_path')
[0.475s] INFO:colcon.colcon_core.plugin_system:Skipping extension 'colcon_core.shell.bat': Not used on non-Windows systems
[0.475s] INFO:colcon.colcon_core.shell:Creating environment hook '/home/chendawww/workspace/rl-navibot/install/core/share/core/hook/ament_prefix_path.ps1'
[0.477s] INFO:colcon.colcon_core.shell:Creating environment descriptor '/home/chendawww/workspace/rl-navibot/install/core/share/core/hook/ament_prefix_path.dsv'
[0.478s] INFO:colcon.colcon_core.shell:Creating environment hook '/home/chendawww/workspace/rl-navibot/install/core/share/core/hook/ament_prefix_path.sh'
[0.478s] INFO:colcon.colcon_core.shell:Skip shell extension 'powershell' for command environment: Not usable outside of PowerShell
[0.478s] DEBUG:colcon.colcon_core.shell:Skip shell extension 'dsv' for command environment
[0.480s] INFO:colcon.colcon_ros.task.ament_python.build:Building ROS package in '/home/chendawww/workspace/rl-navibot/src/decision' with build type 'ament_python'
[0.480s] Level 1:colcon.colcon_core.shell:create_environment_hook('decision', 'ament_prefix_path')
[0.481s] INFO:colcon.colcon_core.shell:Creating environment hook '/home/chendawww/workspace/rl-navibot/install/decision/share/decision/hook/ament_prefix_path.ps1'
[0.481s] INFO:colcon.colcon_core.shell:Creating environment descriptor '/home/chendawww/workspace/rl-navibot/install/decision/share/decision/hook/ament_prefix_path.dsv'
[0.481s] INFO:colcon.colcon_core.shell:Creating environment hook '/home/chendawww/workspace/rl-navibot/install/decision/share/decision/hook/ament_prefix_path.sh'
[0.482s] INFO:colcon.colcon_core.shell:Skip shell extension 'powershell' for command environment: Not usable outside of PowerShell
[0.482s] DEBUG:colcon.colcon_core.shell:Skip shell extension 'dsv' for command environment
[0.484s] INFO:colcon.colcon_ros.task.ament_python.build:Building ROS package in '/home/chendawww/workspace/rl-navibot/src/execution' with build type 'ament_python'
[0.484s] Level 1:colcon.colcon_core.shell:create_environment_hook('execution', 'ament_prefix_path')
[0.484s] INFO:colcon.colcon_core.shell:Creating environment hook '/home/chendawww/workspace/rl-navibot/install/execution/share/execution/hook/ament_prefix_path.ps1'
[0.484s] INFO:colcon.colcon_core.shell:Creating environment descriptor '/home/chendawww/workspace/rl-navibot/install/execution/share/execution/hook/ament_prefix_path.dsv'
[0.485s] INFO:colcon.colcon_core.shell:Creating environment hook '/home/chendawww/workspace/rl-navibot/install/execution/share/execution/hook/ament_prefix_path.sh'
[0.485s] INFO:colcon.colcon_core.shell:Skip shell extension 'powershell' for command environment: Not usable outside of PowerShell
[0.485s] DEBUG:colcon.colcon_core.shell:Skip shell extension 'dsv' for command environment
[0.487s] INFO:colcon.colcon_ros.task.ament_python.build:Building ROS package in '/home/chendawww/workspace/rl-navibot/src/perception' with build type 'ament_python'
[0.487s] Level 1:colcon.colcon_core.shell:create_environment_hook('perception', 'ament_prefix_path')
[0.487s] INFO:colcon.colcon_core.shell:Creating environment hook '/home/chendawww/workspace/rl-navibot/install/perception/share/perception/hook/ament_prefix_path.ps1'
[0.488s] INFO:colcon.colcon_core.shell:Creating environment descriptor '/home/chendawww/workspace/rl-navibot/install/perception/share/perception/hook/ament_prefix_path.dsv'
[0.488s] INFO:colcon.colcon_core.shell:Creating environment hook '/home/chendawww/workspace/rl-navibot/install/perception/share/perception/hook/ament_prefix_path.sh'
[0.489s] INFO:colcon.colcon_core.shell:Skip shell extension 'powershell' for command environment: Not usable outside of PowerShell
[0.489s] DEBUG:colcon.colcon_core.shell:Skip shell extension 'dsv' for command environment
[0.491s] INFO:colcon.colcon_ros.task.ament_python.build:Building ROS package in '/home/chendawww/workspace/rl-navibot/src/planning' with build type 'ament_python'
[0.491s] Level 1:colcon.colcon_core.shell:create_environment_hook('planning', 'ament_prefix_path')
[0.492s] INFO:colcon.colcon_core.shell:Creating environment hook '/home/chendawww/workspace/rl-navibot/install/planning/share/planning/hook/ament_prefix_path.ps1'
[0.492s] INFO:colcon.colcon_core.shell:Creating environment descriptor '/home/chendawww/workspace/rl-navibot/install/planning/share/planning/hook/ament_prefix_path.dsv'
[0.493s] INFO:colcon.colcon_core.shell:Creating environment hook '/home/chendawww/workspace/rl-navibot/install/planning/share/planning/hook/ament_prefix_path.sh'
[0.493s] INFO:colcon.colcon_core.shell:Skip shell extension 'powershell' for command environment: Not usable outside of PowerShell
[0.493s] DEBUG:colcon.colcon_core.shell:Skip shell extension 'dsv' for command environment
[0.495s] INFO:colcon.colcon_ros.task.ament_python.build:Building ROS package in '/home/chendawww/workspace/rl-navibot/src/_decision/rl_agent' with build type 'ament_python'
[0.496s] Level 1:colcon.colcon_core.shell:create_environment_hook('rl_agent', 'ament_prefix_path')
[0.496s] INFO:colcon.colcon_core.shell:Creating environment hook '/home/chendawww/workspace/rl-navibot/install/rl_agent/share/rl_agent/hook/ament_prefix_path.ps1'
[0.496s] INFO:colcon.colcon_core.shell:Creating environment descriptor '/home/chendawww/workspace/rl-navibot/install/rl_agent/share/rl_agent/hook/ament_prefix_path.dsv'
[0.496s] INFO:colcon.colcon_core.shell:Creating environment hook '/home/chendawww/workspace/rl-navibot/install/rl_agent/share/rl_agent/hook/ament_prefix_path.sh'
[0.497s] INFO:colcon.colcon_core.shell:Skip shell extension 'powershell' for command environment: Not usable outside of PowerShell
[0.497s] DEBUG:colcon.colcon_core.shell:Skip shell extension 'dsv' for command environment
[0.680s] INFO:colcon.colcon_core.task.python.build:Building Python package in '/home/chendawww/workspace/rl-navibot/src/core'
[0.680s] INFO:colcon.colcon_core.shell:Skip shell extension 'powershell' for command environment: Not usable outside of PowerShell
[0.680s] DEBUG:colcon.colcon_core.shell:Skip shell extension 'dsv' for command environment
[0.840s] INFO:colcon.colcon_core.task.python.build:Building Python package in '/home/chendawww/workspace/rl-navibot/src/decision'
[0.840s] INFO:colcon.colcon_core.shell:Skip shell extension 'powershell' for command environment: Not usable outside of PowerShell
[0.840s] DEBUG:colcon.colcon_core.shell:Skip shell extension 'dsv' for command environment
[1.005s] INFO:colcon.colcon_core.task.python.build:Building Python package in '/home/chendawww/workspace/rl-navibot/src/execution'
[1.005s] INFO:colcon.colcon_core.shell:Skip shell extension 'powershell' for command environment: Not usable outside of PowerShell
[1.005s] DEBUG:colcon.colcon_core.shell:Skip shell extension 'dsv' for command environment
[1.175s] INFO:colcon.colcon_core.task.python.build:Building Python package in '/home/chendawww/workspace/rl-navibot/src/perception'
[1.175s] INFO:colcon.colcon_core.shell:Skip shell extension 'powershell' for command environment: Not usable outside of PowerShell
[1.175s] DEBUG:colcon.colcon_core.shell:Skip shell extension 'dsv' for command environment
[1.344s] INFO:colcon.colcon_core.task.python.build:Building Python package in '/home/chendawww/workspace/rl-navibot/src/planning'
[1.345s] INFO:colcon.colcon_core.shell:Skip shell extension 'powershell' for command environment: Not usable outside of PowerShell
[1.345s] DEBUG:colcon.colcon_core.shell:Skip shell extension 'dsv' for command environment
[1.518s] INFO:colcon.colcon_core.task.python.build:Building Python package in '/home/chendawww/workspace/rl-navibot/src/_decision/rl_agent'
[1.518s] INFO:colcon.colcon_core.shell:Skip shell extension 'powershell' for command environment: Not usable outside of PowerShell
[1.518s] DEBUG:colcon.colcon_core.shell:Skip shell extension 'dsv' for command environment
[1.977s] DEBUG:colcon.colcon_core.event_handler.log_command:Invoking command in '/home/chendawww/workspace/rl-navibot/build/execution': CONDA_PROMPT_MODIFIER=(ros2) PYTHONPATH=/home/chendawww/workspace/rl-navibot/build/execution/prefix_override:/usr/lib/python3/dist-packages/colcon_core/task/python/colcon_distutils_commands:/home/chendawww/workspace/rl-navibot/install/execution/lib/python3.10/site-packages:${PYTHONPATH} _=/usr/bin/env /usr/bin/python3 -W ignore:setup.py install is deprecated -W ignore:easy_install command is deprecated setup.py develop --editable --build-directory /home/chendawww/workspace/rl-navibot/build/execution/build --no-deps symlink_data
[1.982s] DEBUG:colcon.colcon_core.event_handler.log_command:Invoking command in '/home/chendawww/workspace/rl-navibot/build/planning': CONDA_PROMPT_MODIFIER=(ros2) PYTHONPATH=/home/chendawww/workspace/rl-navibot/build/planning/prefix_override:/usr/lib/python3/dist-packages/colcon_core/task/python/colcon_distutils_commands:/home/chendawww/workspace/rl-navibot/install/planning/lib/python3.10/site-packages:${PYTHONPATH} _=/usr/bin/env /usr/bin/python3 -W ignore:setup.py install is deprecated -W ignore:easy_install command is deprecated setup.py develop --editable --build-directory /home/chendawww/workspace/rl-navibot/build/planning/build --no-deps symlink_data
[1.987s] DEBUG:colcon.colcon_core.event_handler.log_command:Invoking command in '/home/chendawww/workspace/rl-navibot/build/decision': CONDA_PROMPT_MODIFIER=(ros2) PYTHONPATH=/home/chendawww/workspace/rl-navibot/build/decision/prefix_override:/usr/lib/python3/dist-packages/colcon_core/task/python/colcon_distutils_commands:/home/chendawww/workspace/rl-navibot/install/decision/lib/python3.10/site-packages:${PYTHONPATH} _=/usr/bin/env /usr/bin/python3 -W ignore:setup.py install is deprecated -W ignore:easy_install command is deprecated setup.py develop --editable --build-directory /home/chendawww/workspace/rl-navibot/build/decision/build --no-deps symlink_data
[1.993s] DEBUG:colcon.colcon_core.event_handler.log_command:Invoking command in '/home/chendawww/workspace/rl-navibot/build/rl_agent': CONDA_PROMPT_MODIFIER=(ros2) PYTHONPATH=/home/chendawww/workspace/rl-navibot/build/rl_agent/prefix_override:/usr/lib/python3/dist-packages/colcon_core/task/python/colcon_distutils_commands:/home/chendawww/workspace/rl-navibot/install/rl_agent/lib/python3.10/site-packages:${PYTHONPATH} _=/usr/bin/env /usr/bin/python3 -W ignore:setup.py install is deprecated -W ignore:easy_install command is deprecated setup.py develop --editable --build-directory /home/chendawww/workspace/rl-navibot/build/rl_agent/build --no-deps symlink_data
[1.995s] DEBUG:colcon.colcon_core.event_handler.log_command:Invoking command in '/home/chendawww/workspace/rl-navibot/build/perception': CONDA_PROMPT_MODIFIER=(ros2) PYTHONPATH=/home/chendawww/workspace/rl-navibot/build/perception/prefix_override:/usr/lib/python3/dist-packages/colcon_core/task/python/colcon_distutils_commands:/home/chendawww/workspace/rl-navibot/install/perception/lib/python3.10/site-packages:${PYTHONPATH} _=/usr/bin/env /usr/bin/python3 -W ignore:setup.py install is deprecated -W ignore:easy_install command is deprecated setup.py develop --editable --build-directory /home/chendawww/workspace/rl-navibot/build/perception/build --no-deps symlink_data
[1.996s] DEBUG:colcon.colcon_core.event_handler.log_command:Invoking command in '/home/chendawww/workspace/rl-navibot/build/core': CONDA_PROMPT_MODIFIER=(ros2) PYTHONPATH=/home/chendawww/workspace/rl-navibot/build/core/prefix_override:/usr/lib/python3/dist-packages/colcon_core/task/python/colcon_distutils_commands:/home/chendawww/workspace/rl-navibot/install/core/lib/python3.10/site-packages:${PYTHONPATH} _=/usr/bin/env /usr/bin/python3 -W ignore:setup.py install is deprecated -W ignore:easy_install command is deprecated setup.py develop --editable --build-directory /home/chendawww/workspace/rl-navibot/build/core/build --no-deps symlink_data
[2.383s] Level 1:colcon.colcon_core.shell:create_environment_hook('rl_agent', 'pythonpath_develop')
[2.383s] INFO:colcon.colcon_core.shell:Creating environment hook '/home/chendawww/workspace/rl-navibot/build/rl_agent/share/rl_agent/hook/pythonpath_develop.ps1'
[2.384s] DEBUG:colcon.colcon_core.event_handler.log_command:Invoked command in '/home/chendawww/workspace/rl-navibot/build/rl_agent' returned '0': CONDA_PROMPT_MODIFIER=(ros2) PYTHONPATH=/home/chendawww/workspace/rl-navibot/build/rl_agent/prefix_override:/usr/lib/python3/dist-packages/colcon_core/task/python/colcon_distutils_commands:/home/chendawww/workspace/rl-navibot/install/rl_agent/lib/python3.10/site-packages:${PYTHONPATH} _=/usr/bin/env /usr/bin/python3 -W ignore:setup.py install is deprecated -W ignore:easy_install command is deprecated setup.py develop --editable --build-directory /home/chendawww/workspace/rl-navibot/build/rl_agent/build --no-deps symlink_data
[2.384s] INFO:colcon.colcon_core.shell:Creating environment descriptor '/home/chendawww/workspace/rl-navibot/build/rl_agent/share/rl_agent/hook/pythonpath_develop.dsv'
[2.385s] INFO:colcon.colcon_core.shell:Creating environment hook '/home/chendawww/workspace/rl-navibot/build/rl_agent/share/rl_agent/hook/pythonpath_develop.sh'
[2.391s] Level 1:colcon.colcon_core.environment:checking '/home/chendawww/workspace/rl-navibot/install/rl_agent' for CMake module files
[2.392s] Level 1:colcon.colcon_core.environment:checking '/home/chendawww/workspace/rl-navibot/install/rl_agent' for CMake config files
[2.393s] Level 1:colcon.colcon_core.environment:checking '/home/chendawww/workspace/rl-navibot/install/rl_agent/lib'
[2.393s] Level 1:colcon.colcon_core.environment:checking '/home/chendawww/workspace/rl-navibot/install/rl_agent/bin'
[2.394s] Level 1:colcon.colcon_core.environment:checking '/home/chendawww/workspace/rl-navibot/install/rl_agent/lib/pkgconfig/rl_agent.pc'
[2.394s] Level 1:colcon.colcon_core.environment:checking '/home/chendawww/workspace/rl-navibot/install/rl_agent/lib/python3.10/site-packages'
[2.394s] Level 1:colcon.colcon_core.shell:create_environment_hook('rl_agent', 'pythonpath')
[2.394s] INFO:colcon.colcon_core.shell:Creating environment hook '/home/chendawww/workspace/rl-navibot/install/rl_agent/share/rl_agent/hook/pythonpath.ps1'
[2.395s] INFO:colcon.colcon_core.shell:Creating environment descriptor '/home/chendawww/workspace/rl-navibot/install/rl_agent/share/rl_agent/hook/pythonpath.dsv'
[2.396s] INFO:colcon.colcon_core.shell:Creating environment hook '/home/chendawww/workspace/rl-navibot/install/rl_agent/share/rl_agent/hook/pythonpath.sh'
[2.396s] Level 1:colcon.colcon_core.environment:checking '/home/chendawww/workspace/rl-navibot/install/rl_agent/bin'
[2.396s] Level 1:colcon.colcon_core.environment:create_environment_scripts_only(rl_agent)
[2.397s] INFO:colcon.colcon_core.shell:Creating package script '/home/chendawww/workspace/rl-navibot/install/rl_agent/share/rl_agent/package.ps1'
[2.398s] INFO:colcon.colcon_core.shell:Creating package descriptor '/home/chendawww/workspace/rl-navibot/install/rl_agent/share/rl_agent/package.dsv'
[2.399s] INFO:colcon.colcon_core.shell:Creating package script '/home/chendawww/workspace/rl-navibot/install/rl_agent/share/rl_agent/package.sh'
[2.400s] INFO:colcon.colcon_core.shell:Creating package script '/home/chendawww/workspace/rl-navibot/install/rl_agent/share/rl_agent/package.bash'
[2.402s] INFO:colcon.colcon_core.shell:Creating package script '/home/chendawww/workspace/rl-navibot/install/rl_agent/share/rl_agent/package.zsh'
[2.403s] Level 1:colcon.colcon_core.environment:create_file_with_runtime_dependencies(/home/chendawww/workspace/rl-navibot/install/rl_agent/share/colcon-core/packages/rl_agent)
[2.404s] Level 1:colcon.colcon_core.shell:create_environment_hook('core', 'pythonpath_develop')
[2.404s] INFO:colcon.colcon_core.shell:Creating environment hook '/home/chendawww/workspace/rl-navibot/build/core/share/core/hook/pythonpath_develop.ps1'
[2.405s] INFO:colcon.colcon_core.shell:Creating environment descriptor '/home/chendawww/workspace/rl-navibot/build/core/share/core/hook/pythonpath_develop.dsv'
[2.406s] DEBUG:colcon.colcon_core.event_handler.log_command:Invoked command in '/home/chendawww/workspace/rl-navibot/build/core' returned '0': CONDA_PROMPT_MODIFIER=(ros2) PYTHONPATH=/home/chendawww/workspace/rl-navibot/build/core/prefix_override:/usr/lib/python3/dist-packages/colcon_core/task/python/colcon_distutils_commands:/home/chendawww/workspace/rl-navibot/install/core/lib/python3.10/site-packages:${PYTHONPATH} _=/usr/bin/env /usr/bin/python3 -W ignore:setup.py install is deprecated -W ignore:easy_install command is deprecated setup.py develop --editable --build-directory /home/chendawww/workspace/rl-navibot/build/core/build --no-deps symlink_data
[2.406s] INFO:colcon.colcon_core.shell:Creating environment hook '/home/chendawww/workspace/rl-navibot/build/core/share/core/hook/pythonpath_develop.sh'
[2.406s] Level 1:colcon.colcon_core.environment:checking '/home/chendawww/workspace/rl-navibot/install/core' for CMake module files
[2.407s] Level 1:colcon.colcon_core.environment:checking '/home/chendawww/workspace/rl-navibot/install/core' for CMake config files
[2.407s] Level 1:colcon.colcon_core.environment:checking '/home/chendawww/workspace/rl-navibot/install/core/lib'
[2.407s] Level 1:colcon.colcon_core.environment:checking '/home/chendawww/workspace/rl-navibot/install/core/bin'
[2.407s] Level 1:colcon.colcon_core.environment:checking '/home/chendawww/workspace/rl-navibot/install/core/lib/pkgconfig/core.pc'
[2.407s] Level 1:colcon.colcon_core.environment:checking '/home/chendawww/workspace/rl-navibot/install/core/lib/python3.10/site-packages'
[2.407s] Level 1:colcon.colcon_core.shell:create_environment_hook('core', 'pythonpath')
[2.407s] INFO:colcon.colcon_core.shell:Creating environment hook '/home/chendawww/workspace/rl-navibot/install/core/share/core/hook/pythonpath.ps1'
[2.408s] INFO:colcon.colcon_core.shell:Creating environment descriptor '/home/chendawww/workspace/rl-navibot/install/core/share/core/hook/pythonpath.dsv'
[2.408s] INFO:colcon.colcon_core.shell:Creating environment hook '/home/chendawww/workspace/rl-navibot/install/core/share/core/hook/pythonpath.sh'
[2.409s] Level 1:colcon.colcon_core.environment:checking '/home/chendawww/workspace/rl-navibot/install/core/bin'
[2.409s] Level 1:colcon.colcon_core.environment:create_environment_scripts_only(core)
[2.409s] INFO:colcon.colcon_core.shell:Creating package script '/home/chendawww/workspace/rl-navibot/install/core/share/core/package.ps1'
[2.409s] INFO:colcon.colcon_core.shell:Creating package descriptor '/home/chendawww/workspace/rl-navibot/install/core/share/core/package.dsv'
[2.410s] INFO:colcon.colcon_core.shell:Creating package script '/home/chendawww/workspace/rl-navibot/install/core/share/core/package.sh'
[2.410s] INFO:colcon.colcon_core.shell:Creating package script '/home/chendawww/workspace/rl-navibot/install/core/share/core/package.bash'
[2.410s] INFO:colcon.colcon_core.shell:Creating package script '/home/chendawww/workspace/rl-navibot/install/core/share/core/package.zsh'
[2.410s] Level 1:colcon.colcon_core.environment:create_file_with_runtime_dependencies(/home/chendawww/workspace/rl-navibot/install/core/share/colcon-core/packages/core)
[2.412s] Level 1:colcon.colcon_core.shell:create_environment_hook('execution', 'pythonpath_develop')
[2.412s] INFO:colcon.colcon_core.shell:Creating environment hook '/home/chendawww/workspace/rl-navibot/build/execution/share/execution/hook/pythonpath_develop.ps1'
[2.413s] DEBUG:colcon.colcon_core.event_handler.log_command:Invoked command in '/home/chendawww/workspace/rl-navibot/build/execution' returned '0': CONDA_PROMPT_MODIFIER=(ros2) PYTHONPATH=/home/chendawww/workspace/rl-navibot/build/execution/prefix_override:/usr/lib/python3/dist-packages/colcon_core/task/python/colcon_distutils_commands:/home/chendawww/workspace/rl-navibot/install/execution/lib/python3.10/site-packages:${PYTHONPATH} _=/usr/bin/env /usr/bin/python3 -W ignore:setup.py install is deprecated -W ignore:easy_install command is deprecated setup.py develop --editable --build-directory /home/chendawww/workspace/rl-navibot/build/execution/build --no-deps symlink_data
[2.413s] INFO:colcon.colcon_core.shell:Creating environment descriptor '/home/chendawww/workspace/rl-navibot/build/execution/share/execution/hook/pythonpath_develop.dsv'
[2.414s] INFO:colcon.colcon_core.shell:Creating environment hook '/home/chendawww/workspace/rl-navibot/build/execution/share/execution/hook/pythonpath_develop.sh'
[2.414s] Level 1:colcon.colcon_core.environment:checking '/home/chendawww/workspace/rl-navibot/install/execution' for CMake module files
[2.414s] Level 1:colcon.colcon_core.environment:checking '/home/chendawww/workspace/rl-navibot/install/execution' for CMake config files
[2.414s] Level 1:colcon.colcon_core.environment:checking '/home/chendawww/workspace/rl-navibot/install/execution/lib'
[2.415s] Level 1:colcon.colcon_core.environment:checking '/home/chendawww/workspace/rl-navibot/install/execution/bin'
[2.415s] Level 1:colcon.colcon_core.environment:checking '/home/chendawww/workspace/rl-navibot/install/execution/lib/pkgconfig/execution.pc'
[2.415s] Level 1:colcon.colcon_core.environment:checking '/home/chendawww/workspace/rl-navibot/install/execution/lib/python3.10/site-packages'
[2.415s] Level 1:colcon.colcon_core.shell:create_environment_hook('execution', 'pythonpath')
[2.415s] INFO:colcon.colcon_core.shell:Creating environment hook '/home/chendawww/workspace/rl-navibot/install/execution/share/execution/hook/pythonpath.ps1'
[2.415s] INFO:colcon.colcon_core.shell:Creating environment descriptor '/home/chendawww/workspace/rl-navibot/install/execution/share/execution/hook/pythonpath.dsv'
[2.416s] INFO:colcon.colcon_core.shell:Creating environment hook '/home/chendawww/workspace/rl-navibot/install/execution/share/execution/hook/pythonpath.sh'
[2.416s] Level 1:colcon.colcon_core.environment:checking '/home/chendawww/workspace/rl-navibot/install/execution/bin'
[2.416s] Level 1:colcon.colcon_core.environment:create_environment_scripts_only(execution)
[2.416s] INFO:colcon.colcon_core.shell:Creating package script '/home/chendawww/workspace/rl-navibot/install/execution/share/execution/package.ps1'
[2.417s] INFO:colcon.colcon_core.shell:Creating package descriptor '/home/chendawww/workspace/rl-navibot/install/execution/share/execution/package.dsv'
[2.417s] INFO:colcon.colcon_core.shell:Creating package script '/home/chendawww/workspace/rl-navibot/install/execution/share/execution/package.sh'
[2.417s] INFO:colcon.colcon_core.shell:Creating package script '/home/chendawww/workspace/rl-navibot/install/execution/share/execution/package.bash'
[2.418s] INFO:colcon.colcon_core.shell:Creating package script '/home/chendawww/workspace/rl-navibot/install/execution/share/execution/package.zsh'
[2.418s] Level 1:colcon.colcon_core.environment:create_file_with_runtime_dependencies(/home/chendawww/workspace/rl-navibot/install/execution/share/colcon-core/packages/execution)
[2.418s] Level 1:colcon.colcon_core.shell:create_environment_hook('planning', 'pythonpath_develop')
[2.419s] INFO:colcon.colcon_core.shell:Creating environment hook '/home/chendawww/workspace/rl-navibot/build/planning/share/planning/hook/pythonpath_develop.ps1'
[2.420s] INFO:colcon.colcon_core.shell:Creating environment descriptor '/home/chendawww/workspace/rl-navibot/build/planning/share/planning/hook/pythonpath_develop.dsv'
[2.420s] DEBUG:colcon.colcon_core.event_handler.log_command:Invoked command in '/home/chendawww/workspace/rl-navibot/build/planning' returned '0': CONDA_PROMPT_MODIFIER=(ros2) PYTHONPATH=/home/chendawww/workspace/rl-navibot/build/planning/prefix_override:/usr/lib/python3/dist-packages/colcon_core/task/python/colcon_distutils_commands:/home/chendawww/workspace/rl-navibot/install/planning/lib/python3.10/site-packages:${PYTHONPATH} _=/usr/bin/env /usr/bin/python3 -W ignore:setup.py install is deprecated -W ignore:easy_install command is deprecated setup.py develop --editable --build-directory /home/chendawww/workspace/rl-navibot/build/planning/build --no-deps symlink_data
[2.420s] INFO:colcon.colcon_core.shell:Creating environment hook '/home/chendawww/workspace/rl-navibot/build/planning/share/planning/hook/pythonpath_develop.sh'
[2.420s] Level 1:colcon.colcon_core.environment:checking '/home/chendawww/workspace/rl-navibot/install/planning' for CMake module files
[2.421s] Level 1:colcon.colcon_core.environment:checking '/home/chendawww/workspace/rl-navibot/install/planning' for CMake config files
[2.421s] Level 1:colcon.colcon_core.environment:checking '/home/chendawww/workspace/rl-navibot/install/planning/lib'
[2.421s] Level 1:colcon.colcon_core.environment:checking '/home/chendawww/workspace/rl-navibot/install/planning/bin'
[2.421s] Level 1:colcon.colcon_core.environment:checking '/home/chendawww/workspace/rl-navibot/install/planning/lib/pkgconfig/planning.pc'
[2.421s] Level 1:colcon.colcon_core.environment:checking '/home/chendawww/workspace/rl-navibot/install/planning/lib/python3.10/site-packages'
[2.421s] Level 1:colcon.colcon_core.shell:create_environment_hook('planning', 'pythonpath')
[2.422s] INFO:colcon.colcon_core.shell:Creating environment hook '/home/chendawww/workspace/rl-navibot/install/planning/share/planning/hook/pythonpath.ps1'
[2.422s] INFO:colcon.colcon_core.shell:Creating environment descriptor '/home/chendawww/workspace/rl-navibot/install/planning/share/planning/hook/pythonpath.dsv'
[2.422s] INFO:colcon.colcon_core.shell:Creating environment hook '/home/chendawww/workspace/rl-navibot/install/planning/share/planning/hook/pythonpath.sh'
[2.423s] Level 1:colcon.colcon_core.environment:checking '/home/chendawww/workspace/rl-navibot/install/planning/bin'
[2.423s] Level 1:colcon.colcon_core.environment:create_environment_scripts_only(planning)
[2.423s] INFO:colcon.colcon_core.shell:Creating package script '/home/chendawww/workspace/rl-navibot/install/planning/share/planning/package.ps1'
[2.424s] INFO:colcon.colcon_core.shell:Creating package descriptor '/home/chendawww/workspace/rl-navibot/install/planning/share/planning/package.dsv'
[2.424s] INFO:colcon.colcon_core.shell:Creating package script '/home/chendawww/workspace/rl-navibot/install/planning/share/planning/package.sh'
[2.424s] INFO:colcon.colcon_core.shell:Creating package script '/home/chendawww/workspace/rl-navibot/install/planning/share/planning/package.bash'
[2.424s] INFO:colcon.colcon_core.shell:Creating package script '/home/chendawww/workspace/rl-navibot/install/planning/share/planning/package.zsh'
[2.425s] Level 1:colcon.colcon_core.environment:create_file_with_runtime_dependencies(/home/chendawww/workspace/rl-navibot/install/planning/share/colcon-core/packages/planning)
[2.426s] Level 1:colcon.colcon_core.shell:create_environment_hook('perception', 'pythonpath_develop')
[2.427s] INFO:colcon.colcon_core.shell:Creating environment hook '/home/chendawww/workspace/rl-navibot/build/perception/share/perception/hook/pythonpath_develop.ps1'
[2.428s] INFO:colcon.colcon_core.shell:Creating environment descriptor '/home/chendawww/workspace/rl-navibot/build/perception/share/perception/hook/pythonpath_develop.dsv'
[2.428s] DEBUG:colcon.colcon_core.event_handler.log_command:Invoked command in '/home/chendawww/workspace/rl-navibot/build/perception' returned '0': CONDA_PROMPT_MODIFIER=(ros2) PYTHONPATH=/home/chendawww/workspace/rl-navibot/build/perception/prefix_override:/usr/lib/python3/dist-packages/colcon_core/task/python/colcon_distutils_commands:/home/chendawww/workspace/rl-navibot/install/perception/lib/python3.10/site-packages:${PYTHONPATH} _=/usr/bin/env /usr/bin/python3 -W ignore:setup.py install is deprecated -W ignore:easy_install command is deprecated setup.py develop --editable --build-directory /home/chendawww/workspace/rl-navibot/build/perception/build --no-deps symlink_data
[2.428s] INFO:colcon.colcon_core.shell:Creating environment hook '/home/chendawww/workspace/rl-navibot/build/perception/share/perception/hook/pythonpath_develop.sh'
[2.429s] Level 1:colcon.colcon_core.environment:checking '/home/chendawww/workspace/rl-navibot/install/perception' for CMake module files
[2.429s] Level 1:colcon.colcon_core.environment:checking '/home/chendawww/workspace/rl-navibot/install/perception' for CMake config files
[2.429s] Level 1:colcon.colcon_core.environment:checking '/home/chendawww/workspace/rl-navibot/install/perception/lib'
[2.429s] Level 1:colcon.colcon_core.environment:checking '/home/chendawww/workspace/rl-navibot/install/perception/bin'
[2.430s] Level 1:colcon.colcon_core.environment:checking '/home/chendawww/workspace/rl-navibot/install/perception/lib/pkgconfig/perception.pc'
[2.430s] Level 1:colcon.colcon_core.environment:checking '/home/chendawww/workspace/rl-navibot/install/perception/lib/python3.10/site-packages'
[2.430s] Level 1:colcon.colcon_core.shell:create_environment_hook('perception', 'pythonpath')
[2.430s] INFO:colcon.colcon_core.shell:Creating environment hook '/home/chendawww/workspace/rl-navibot/install/perception/share/perception/hook/pythonpath.ps1'
[2.430s] INFO:colcon.colcon_core.shell:Creating environment descriptor '/home/chendawww/workspace/rl-navibot/install/perception/share/perception/hook/pythonpath.dsv'
[2.430s] INFO:colcon.colcon_core.shell:Creating environment hook '/home/chendawww/workspace/rl-navibot/install/perception/share/perception/hook/pythonpath.sh'
[2.431s] Level 1:colcon.colcon_core.environment:checking '/home/chendawww/workspace/rl-navibot/install/perception/bin'
[2.431s] Level 1:colcon.colcon_core.environment:create_environment_scripts_only(perception)
[2.431s] INFO:colcon.colcon_core.shell:Creating package script '/home/chendawww/workspace/rl-navibot/install/perception/share/perception/package.ps1'
[2.432s] INFO:colcon.colcon_core.shell:Creating package descriptor '/home/chendawww/workspace/rl-navibot/install/perception/share/perception/package.dsv'
[2.432s] INFO:colcon.colcon_core.shell:Creating package script '/home/chendawww/workspace/rl-navibot/install/perception/share/perception/package.sh'
[2.433s] INFO:colcon.colcon_core.shell:Creating package script '/home/chendawww/workspace/rl-navibot/install/perception/share/perception/package.bash'
[2.433s] INFO:colcon.colcon_core.shell:Creating package script '/home/chendawww/workspace/rl-navibot/install/perception/share/perception/package.zsh'
[2.433s] Level 1:colcon.colcon_core.environment:create_file_with_runtime_dependencies(/home/chendawww/workspace/rl-navibot/install/perception/share/colcon-core/packages/perception)
[2.435s] Level 1:colcon.colcon_core.shell:create_environment_hook('decision', 'pythonpath_develop')
[2.435s] INFO:colcon.colcon_core.shell:Creating environment hook '/home/chendawww/workspace/rl-navibot/build/decision/share/decision/hook/pythonpath_develop.ps1'
[2.436s] DEBUG:colcon.colcon_core.event_handler.log_command:Invoked command in '/home/chendawww/workspace/rl-navibot/build/decision' returned '0': CONDA_PROMPT_MODIFIER=(ros2) PYTHONPATH=/home/chendawww/workspace/rl-navibot/build/decision/prefix_override:/usr/lib/python3/dist-packages/colcon_core/task/python/colcon_distutils_commands:/home/chendawww/workspace/rl-navibot/install/decision/lib/python3.10/site-packages:${PYTHONPATH} _=/usr/bin/env /usr/bin/python3 -W ignore:setup.py install is deprecated -W ignore:easy_install command is deprecated setup.py develop --editable --build-directory /home/chendawww/workspace/rl-navibot/build/decision/build --no-deps symlink_data
[2.436s] INFO:colcon.colcon_core.shell:Creating environment descriptor '/home/chendawww/workspace/rl-navibot/build/decision/share/decision/hook/pythonpath_develop.dsv'
[2.436s] INFO:colcon.colcon_core.shell:Creating environment hook '/home/chendawww/workspace/rl-navibot/build/decision/share/decision/hook/pythonpath_develop.sh'
[2.436s] Level 1:colcon.colcon_core.environment:checking '/home/chendawww/workspace/rl-navibot/install/decision' for CMake module files
[2.437s] Level 1:colcon.colcon_core.environment:checking '/home/chendawww/workspace/rl-navibot/install/decision' for CMake config files
[2.437s] Level 1:colcon.colcon_core.environment:checking '/home/chendawww/workspace/rl-navibot/install/decision/lib'
[2.437s] Level 1:colcon.colcon_core.environment:checking '/home/chendawww/workspace/rl-navibot/install/decision/bin'
[2.437s] Level 1:colcon.colcon_core.environment:checking '/home/chendawww/workspace/rl-navibot/install/decision/lib/pkgconfig/decision.pc'
[2.437s] Level 1:colcon.colcon_core.environment:checking '/home/chendawww/workspace/rl-navibot/install/decision/lib/python3.10/site-packages'
[2.437s] Level 1:colcon.colcon_core.shell:create_environment_hook('decision', 'pythonpath')
[2.437s] INFO:colcon.colcon_core.shell:Creating environment hook '/home/chendawww/workspace/rl-navibot/install/decision/share/decision/hook/pythonpath.ps1'
[2.438s] INFO:colcon.colcon_core.shell:Creating environment descriptor '/home/chendawww/workspace/rl-navibot/install/decision/share/decision/hook/pythonpath.dsv'
[2.438s] INFO:colcon.colcon_core.shell:Creating environment hook '/home/chendawww/workspace/rl-navibot/install/decision/share/decision/hook/pythonpath.sh'
[2.438s] Level 1:colcon.colcon_core.environment:checking '/home/chendawww/workspace/rl-navibot/install/decision/bin'
[2.438s] Level 1:colcon.colcon_core.environment:create_environment_scripts_only(decision)
[2.439s] INFO:colcon.colcon_core.shell:Creating package script '/home/chendawww/workspace/rl-navibot/install/decision/share/decision/package.ps1'
[2.439s] INFO:colcon.colcon_core.shell:Creating package descriptor '/home/chendawww/workspace/rl-navibot/install/decision/share/decision/package.dsv'
[2.439s] INFO:colcon.colcon_core.shell:Creating package script '/home/chendawww/workspace/rl-navibot/install/decision/share/decision/package.sh'
[2.439s] INFO:colcon.colcon_core.shell:Creating package script '/home/chendawww/workspace/rl-navibot/install/decision/share/decision/package.bash'
[2.440s] INFO:colcon.colcon_core.shell:Creating package script '/home/chendawww/workspace/rl-navibot/install/decision/share/decision/package.zsh'
[2.440s] Level 1:colcon.colcon_core.environment:create_file_with_runtime_dependencies(/home/chendawww/workspace/rl-navibot/install/decision/share/colcon-core/packages/decision)
[2.440s] DEBUG:colcon.colcon_parallel_executor.executor.parallel:closing loop
[2.440s] DEBUG:colcon.colcon_parallel_executor.executor.parallel:loop closed
[2.441s] DEBUG:colcon.colcon_parallel_executor.executor.parallel:run_until_complete finished with '0'
[2.441s] DEBUG:colcon.colcon_core.event_reactor:joining thread
[2.451s] INFO:colcon.colcon_core.plugin_system:Skipping extension 'colcon_notification.desktop_notification.terminal_notifier': Not used on non-Darwin systems
[2.451s] INFO:colcon.colcon_core.plugin_system:Skipping extension 'colcon_notification.desktop_notification.win32': Not used on non-Windows systems
[2.451s] INFO:colcon.colcon_notification.desktop_notification:Sending desktop notification using 'notify2'
[2.452s] DEBUG:colcon.colcon_notification.desktop_notification.notify2:Failed to initialize notify2: org.freedesktop.DBus.Error.FileNotFound: Failed to connect to socket /run/user/1000/bus: No such file or directory
[2.452s] DEBUG:colcon.colcon_core.event_reactor:joined thread
[2.452s] INFO:colcon.colcon_core.shell:Creating prefix script '/home/chendawww/workspace/rl-navibot/install/local_setup.ps1'
[2.453s] INFO:colcon.colcon_core.shell:Creating prefix util module '/home/chendawww/workspace/rl-navibot/install/_local_setup_util_ps1.py'
[2.454s] INFO:colcon.colcon_core.shell:Creating prefix chain script '/home/chendawww/workspace/rl-navibot/install/setup.ps1'
[2.455s] INFO:colcon.colcon_core.shell:Creating prefix script '/home/chendawww/workspace/rl-navibot/install/local_setup.sh'
[2.456s] INFO:colcon.colcon_core.shell:Creating prefix util module '/home/chendawww/workspace/rl-navibot/install/_local_setup_util_sh.py'
[2.456s] INFO:colcon.colcon_core.shell:Creating prefix chain script '/home/chendawww/workspace/rl-navibot/install/setup.sh'
[2.457s] INFO:colcon.colcon_core.shell:Creating prefix script '/home/chendawww/workspace/rl-navibot/install/local_setup.bash'
[2.457s] INFO:colcon.colcon_core.shell:Creating prefix chain script '/home/chendawww/workspace/rl-navibot/install/setup.bash'
[2.458s] INFO:colcon.colcon_core.shell:Creating prefix script '/home/chendawww/workspace/rl-navibot/install/local_setup.zsh'
[2.459s] INFO:colcon.colcon_core.shell:Creating prefix chain script '/home/chendawww/workspace/rl-navibot/install/setup.zsh'
